method,instance,run,exchange_frequency,successful_exchange_rate,controller_entropy,exploration_exploitation_ratio,group_level_fraction,ic_group,ic_dim,final_S8,final_n_groups,overhead_fraction,share_A1,share_A2,share_A3,share_A4,share_A5,share_A6,share_A7,share_A8
LA-KAIE-DimensionOnly,1,1,5.878500237304224,0.2281608267398676,0.6995020149007165,0.04143998147933789,0.0,,0.074385058399268,0.11111287668655585,18,0.45473905208431803,0.12707026569878074,0.14631052223553456,0.046373951652688705,0.051025442243991824,0.025230812601310874,0.03432236239340334,0.020367890619493973,0.549298752554796
LA-KAIE-DimensionOnly,1,2,7.340240963855422,0.2009717024489528,0.7921038080467462,0.18830472103004292,0.0,,0.04131267371369794,7.511906263830241e-06,20,0.46348906481077434,0.09720822713532097,0.12097682413609152,0.03591962539268567,0.0621777013810681,0.12482958923596704,0.06537846007942623,0.02080493153932784,0.4727046411001126
LA-KAIE-DimensionOnly,1,3,8.755501222493887,0.18251884948338454,0.8238213022172013,0.10189655172413793,0.0,,0.016531695057246578,2.544823697104459e-09,20,0.4709101334512512,0.07891352435824889,0.10365759555532691,0.05931375070734091,0.09192859715005916,0.06080559699573023,0.06651576727197901,0.06944801687329595,0.46941715108801896
LA-KAIE-DimensionOnly,1,4,7.431259044862518,0.2021421616358325,0.7697012359897047,0.10695780903034789,0.0,,0.024650005409499076,2.354597385644591e-10,20,0.4605829077265122,0.10106786485382506,0.11874890587617436,0.04143082219758418,0.07200793604481531,0.06745638093015113,0.050300519344109236,0.036062321293108476,0.5129252494602322
LA-KAIE-DimensionOnly,1,5,8.275912408759124,0.16440289292644206,0.852757523508482,0.16171964764458063,0.0,,0.02631269477274064,9.74405155890312e-10,20,0.47064569984536486,0.08387201034259857,0.10865115276879983,0.08818142641672054,0.11834733893557423,0.0909825468648998,0.050204697263520795,0.038353803059685415,0.4214070243482008
LA-KAIE-DimensionOnly,2,1,8.468551925889809,0.2780240658644712,0.7142271587605513,0.03282742155525239,0.0,,0.007830042028902067,0.04485331215706295,19,0.4586302915291583,0.08260708815296045,0.10663920139439075,0.07294142502508846,0.022447578302434903,0.02033486505044103,0.04246553636507685,0.09591718164052183,0.5566471240690857
LA-KAIE-DimensionOnly,2,2,9.193025540275048,0.12176096596676818,0.9392483066049001,0.2576458843815228,0.0,,-0.001335684137415184,7.109223979940358e-26,20,0.47357960718133285,0.08451944240645634,0.09865492785522133,0.0900953778429934,0.11161653215945219,0.1388603570555148,0.09342137441917339,0.07615553925165076,0.3066764490095378
LA-KAIE-DimensionOnly,2,3,11.404821697639377,0.10287576518254282,0.9531694395735828,0.2514230738394933,0.0,,-0.0018496498876998282,1.5627314086631573e-22,20,0.4789971265937404,0.0670912078882498,0.08040262941659819,0.11606409202958094,0.11072308956450287,0.12884141331142152,0.10612161051766639,0.11327033689400165,0.27748562037797864
LA-KAIE-DimensionOnly,2,4,8.465138956606534,0.2774449948162654,0.68261170718768,0.07131037743282641,0.0,,-0.0048381522866029255,0.0009608855513388722,20,0.453688923782582,0.08321892491287358,0.10624141936846553,0.029675784137712536,0.022811278910127786,0.04778751716126307,0.03316084063787095,0.08791847079945084,0.5891857640722357
LA-KAIE-DimensionOnly,2,5,9.38238188976378,0.11502753737214791,0.9480364352480327,0.18840111900150636,0.0,,0.00036716496197220037,4.471868388308013e-25,20,0.479905617461064,0.08040710013505692,0.09671039938259696,0.14344973953308895,0.16452826548331081,0.08445880764036272,0.09632452247732973,0.0666120007717538,0.2675091645765001
LA-KAIE-DimensionOnly,3,1,7.163059163059163,0.3812785388127854,0.6351877343095564,0.05079447772857515,0.0,,-0.0010296355985316497,1.5340630581413706e-07,20,0.43205472633684905,0.10121310881767155,0.12444927273824612,0.031866739091073695,0.02558995714889251,0.03530689842476915,0.03977307019132114,0.02178767578007122,0.6200132778079546
LA-KAIE-DimensionOnly,3,2,7.528730082085949,0.37557721908671116,0.6010990318329302,0.045454545454545456,0.0,,0.007183170856849667,0.18166996830668616,17,0.4307733292625081,0.09532927183057731,0.11847983753988976,0.032666086451987236,0.02518131708732231,0.03220191470844212,0.027676240208877285,0.019901363504496665,0.6485639686684073
LA-KAIE-DimensionOnly,3,3,8.13751214771623,0.38591986624470054,0.6088473612524168,0.05225543687082149,0.0,,0.0011345315578909655,0.012500023841857921,20,0.43163493205164566,0.08725746675386963,0.1104752561587094,0.02223675604970569,0.05324831044255505,0.037061260082842815,0.02567037279267495,0.017549596686287333,0.6465009810333552
LA-KAIE-DimensionOnly,3,4,6.152784388386483,0.40334184265490836,0.6991059084143276,0.029598772199079148,0.0,,0.01585828111704185,6.145463222017352e-07,20,0.43021117607564074,0.1211503161329798,0.14120606431436536,0.04616221361071453,0.05153307498810252,0.01835610850499694,0.049153579441158474,0.01978380583316337,0.552654837174519
LA-KAIE-DimensionOnly,3,5,5.783783783783784,0.397114281029677,0.7271341465499886,0.05843230403800475,0.0,,0.009673717002787342,0.021875000000009297,20,0.42620955091308016,0.1285275416160606,0.1477459455597628,0.03607915981996142,0.06408516110595128,0.035150389369150534,0.04065156819318425,0.022004715296134885,0.5257555190397942
LA-KAIE-DimensionOnly,4,1,13.413422131147541,0.06034449833861666,0.8179497192687399,0.6891600086374433,0.0,,0.00048377445925473273,3.532492217932937e-24,20,0.5019576574029138,0.04368311479601154,0.07023631250228277,0.06888491179371051,0.07136856715000547,0.4662697688009058,0.07385222250630046,0.06925015522845977,0.13645494722232368
LA-KAIE-DimensionOnly,4,2,10.163194444444445,0.09712528673922592,0.9775132859120997,0.3919515943142528,0.0,,-0.002489140514422373,2.7842003987301016e-27,20,0.48123844387573644,0.0767393655371305,0.08962689257390051,0.15442501802451333,0.11206741167988464,0.18389509733237203,0.10733597692862293,0.0979632299927902,0.17794700793078586
LA-KAIE-DimensionOnly,4,3,10.756487025948104,0.09561143069215068,0.982578615036591,0.3419499287604315,0.0,,-0.0032473557246242347,4.954614125185942e-27,20,0.481696995371622,0.07290009031869597,0.08498559201754763,0.15947701174143047,0.14838071480796525,0.1445099135521053,0.1101027912777945,0.11165111178013849,0.1679927745043224
LA-KAIE-DimensionOnly,4,4,9.09224730127576,0.10971397733405289,0.9871093841885308,0.3133310603477668,0.0,,-0.005666486778197518,1.3572408534420542e-27,20,0.4787407598245978,0.08898721730580138,0.09882005899705015,0.13018682399213372,0.15609636184857423,0.1355457227138643,0.12035398230088495,0.09331366764995083,0.17669616519174042
LA-KAIE-DimensionOnly,4,5,6.605930176948828,0.15528849634402375,0.9762360265405485,0.3476815688881502,0.0,,0.0020270759429522915,1.4901327246368964e-09,20,0.4661781814288603,0.11957422397858372,0.13149340302122506,0.09847663968385494,0.18732870163809037,0.1333418318567149,0.07240741921091211,0.07960991777678628,0.1777678628338326
LA-KAIE-DimensionOnly,5,1,5.570955534531693,0.33590897512099854,0.6536793549726759,0.029276693455797934,0.0,,0.02937929863292859,0.0211311951285633,20,0.44377298766676615,0.13455320399764845,0.1541005291005291,0.027336860670194002,0.02358906525573192,0.018738977072310405,0.046369782480893594,0.02035567313345091,0.5749559082892416
LA-KAIE-DimensionOnly,5,2,5.4763705103969755,0.32481877804625475,0.6508316337818905,0.03931346399165024,0.0,,0.01277183293061788,0.020759246675548175,20,0.4388950728374316,0.13741253535804673,0.15542652970075926,0.025606669644186394,0.020768200089325593,0.02523447967842787,0.04108977221974096,0.018907250260532978,0.5755545630489802
LA-KAIE-DimensionOnly,5,3,7.2503610977371205,0.3135002324191513,0.5810636434776081,0.03400451165510903,0.0,,0.020297939216858137,0.01165460940916408,20,0.44698712983475447,0.09998804685632322,0.12245995696868277,0.020021515658618216,0.02115706430791298,0.024324647382261536,0.03346880229500358,0.021037532871145112,0.6575424336600526
LA-KAIE-DimensionOnly,5,4,5.610033128253668,0.3131432427872448,0.7118418388417598,0.036198532155740766,0.0,,0.059975736540609156,0.08428313147851327,19,0.45090135575707385,0.1335428696732695,0.15232804619545354,0.07718734010671735,0.026094583729259557,0.021270374972589722,0.038447481909217165,0.02324391491850011,0.527885388494993
LA-KAIE-DimensionOnly,5,5,5.920702754036087,0.3493463790199695,0.6672018341549208,0.026175782081293893,0.0,,0.0010158526479001272,0.039129878181059966,19,0.44321196056505596,0.12651488616462347,0.144938704028021,0.02416812609457093,0.02416812609457093,0.01723292469352014,0.07306479859894921,0.021856392294220664,0.5680560420315236
LA-KAIE-DimensionOnly,6,1,3.7665893271461717,0.3694714796106936,0.7468513487135011,0.041155370964697,0.0,,0.011950227916718,0.0007812512483837159,20,0.4364523871992726,0.19792490118577075,0.21017786561264823,0.020652173913043477,0.02351778656126482,0.021541501976284586,0.0782608695652174,0.024308300395256915,0.42361660079051383
LA-KAIE-DimensionOnly,6,2,3.4932901434521053,0.39078023579282023,0.7566354602248898,0.04173728813559322,0.0,,0.027685786196847265,1.3786984885587792e-06,20,0.4415592305296009,0.2124973920300438,0.21896515752138535,0.0332776966409347,0.018986021281034843,0.020550803254746505,0.07093678280826204,0.02388900479866472,0.400897141664928
LA-KAIE-DimensionOnly,6,3,6.0613409415121255,0.2856358358829528,0.6029936735563916,0.030118030118030117,0.0,,0.0,0.0,20,0.44637233583968056,0.12289272689740591,0.14291612192940206,0.01933530585563889,0.020780293125989127,0.020367439620174774,0.033991605312048444,0.01782150966765293,0.6218949975916879
LA-KAIE-DimensionOnly,6,4,5.61239943208708,0.3055063664727211,0.6316020060685633,0.030700280112044818,0.0,,0.0035416139640779155,0.00019836425926769152,20,0.44726760154801165,0.1346322241681261,0.15243724460011676,0.01904553415061296,0.020577933450087564,0.019994162288382952,0.03984238178633975,0.022037361354349094,0.5914331582019848
LA-KAIE-DimensionOnly,6,5,5.06964705882353,0.3091060985797828,0.6858209937895995,0.03070727410017619,0.0,,0.004919706674092639,0.05078125070599959,19,0.44111294808476986,0.14925373134328357,0.16449498539050778,0.021164021164021163,0.018005212035062782,0.019268735686646134,0.07952301982152729,0.019584616599541974,0.5287056779594093
LA-KAIE-DimensionOnly,7,1,5.701089531027949,0.33884503531366844,0.7572508918426741,0.057220338983050845,0.0,,0.004071458246780225,0.050002256550771826,19,0.41210697557085046,0.13060752727010042,0.15061764068482267,0.08870909484938236,0.0788123961569024,0.030484721519901756,0.019504442678610127,0.0184931012063859,0.4827710756338944
LA-KAIE-DimensionOnly,7,2,4.026989297347604,0.4083660734920268,0.8017596926440167,0.07661849138784399,0.0,,0.018488560203374162,1.1444092878850812e-06,20,0.40508357165706643,0.18680699116707386,0.1995865438827288,0.06737455365532795,0.04764142078556662,0.03636534485998873,0.040030069535801543,0.023961661341853034,0.39823341477165947
LA-KAIE-DimensionOnly,7,3,4.674789128397376,0.3640737770649559,0.8024089592136368,0.055798495714535594,0.0,,0.0013031275060144346,0.00625,20,0.41141669545986054,0.1604107052684733,0.1764012792459182,0.08853728328564214,0.06976939909106211,0.026847332098973237,0.03534758458172025,0.023733378219155023,0.4189530382090557
LA-KAIE-DimensionOnly,7,4,4.808540591271703,0.3505416219381282,0.7540994921369202,0.05132241813602015,0.0,,0.006148140919293452,0.01050672437884673,20,0.4090933536797762,0.15745765499095543,0.1724222989639862,0.0328893274132544,0.09809241901003124,0.026804801841802336,0.03256043413912185,0.01685578029929288,0.4629172833415557
LA-KAIE-DimensionOnly,7,5,5.252710985384253,0.3409927295574903,0.7385523158567125,0.07113486842105263,0.0,,0.0008078269455165604,0.025,20,0.40735513106226456,0.1436587240584166,0.16072252113758648,0.07271329746348962,0.04073789392774789,0.0398923904688701,0.02221368178324366,0.021368178324365873,0.49869331283627977
LA-KAIE-DimensionOnly,8,1,5.795637743006164,0.3070440971938149,0.8415019699467119,0.08197187100440403,0.0,,0.018898797349259592,0.001926363560442642,20,0.4145510397184626,0.12960193690806807,0.14904222744427828,0.10859502955209001,0.0890835291604358,0.04108808659118422,0.05646941536708681,0.022431104464857937,0.40368867051199886
LA-KAIE-DimensionOnly,8,2,8.426900584795321,0.14891279204256302,0.9654235737672252,0.35225634771038916,0.0,,0.008327550312283136,1.1273825592176866e-07,20,0.44641488707326715,0.08623969562460368,0.10737687592475163,0.17855633058549988,0.08782498414711477,0.16788205453392518,0.1051574719932361,0.06341154090044387,0.20355104629042486
LA-KAIE-DimensionOnly,8,3,7.8894813378574895,0.2311993118702384,0.8902753335445466,0.12147692307692308,0.0,,0.0021504055050380927,2.910385901960861e-12,20,0.43315350507601963,0.09163969192990289,0.11195445920303605,0.11831677642594039,0.20515682553856457,0.055084272798303385,0.0850541355061949,0.01947762027011943,0.3133162183279384
LA-KAIE-DimensionOnly,8,4,10.895552223888055,0.09123016237042474,0.948018863212524,0.23020128329084996,0.0,,0.0021404764088921503,2.7369798638724292e-21,20,0.44889774719835146,0.06292443909567609,0.08389925212756813,0.16096449755007305,0.11273962004641967,0.11256769534943695,0.10036104186366372,0.09047537178715723,0.27606808218000517
LA-KAIE-DimensionOnly,8,5,6.282173498570066,0.257814871016692,0.8360077459018127,0.0792010219486703,0.0,,0.00409711684370258,0.012625807440626788,20,0.4170437838098781,0.11916059613713828,0.137672926552162,0.07284635434070708,0.06850230568736217,0.04557909510124975,0.10546013499966585,0.026331617991044578,0.4244469691906703
LA-KAIE-DimensionOnly,9,1,9.18664047151277,0.08265611633875107,0.9589946203404853,0.22795698924731184,0.0,,-0.006567222697462218,2.198838040748284e-21,20,0.46261911154832025,0.08174186263439541,0.09838480043202906,0.11311306396975797,0.10992194020325004,0.11448770189994599,0.1125239334282488,0.09460454612401198,0.27522215130836075
LA-KAIE-DimensionOnly,9,2,8.894221351616062,0.08303050324854092,0.9630809067807139,0.23468173706127304,0.0,,-0.008047938920089563,2.0779933044729292e-23,20,0.45914280825369574,0.08605072463768115,0.10074476650563607,0.10622987117552335,0.10371376811594203,0.11911231884057971,0.1221316425120773,0.09571256038647342,0.266304347826087
LA-KAIE-DimensionOnly,9,3,7.433671008200675,0.099935107073329,0.9380355520818477,0.19192372406057207,0.0,,-0.002712524334847502,3.5646822404325306e-22,20,0.44733993433558306,0.10893951659535099,0.11795998612235457,0.086966578003932,0.09500404764658263,0.09893604718399444,0.10211634092748931,0.07563316757256852,0.31444431594772754
LA-KAIE-DimensionOnly,9,4,8.410331384015594,0.0874377100475142,0.9643613326267375,0.2004646531695984,0.0,,-0.006200023177656739,7.143403245728889e-24,20,0.459356564473033,0.09392555258045887,0.10489840919829894,0.12805166167900456,0.10458339896046621,0.09513309182548432,0.11602877093505538,0.09397805428676433,0.2634010605344674
LA-KAIE-DimensionOnly,9,5,13.57362750128271,0.06116046116046116,0.9395234580214353,0.2228546725268391,0.0,,0.00653940653940654,5.385312164125315e-19,20,0.4753799438981494,0.04012916802728493,0.06984507093356554,0.15859366496135843,0.11661405609375566,0.11222379449221727,0.11759370124451217,0.11124414934146076,0.2737563949058452
LA-KAIE-DimensionOnly,10,1,6.701771182383916,0.06514285714285714,0.948930651395479,0.13045802887185884,0.0,,0.0055,0.006269670781522185,20,0.4566689486538022,0.11212582445459157,0.1312785388127854,0.11948249619482496,0.23033992897006594,0.04642313546423135,0.17345256215119229,0.05092592592592592,0.13597158802638254
LA-KAIE-DimensionOnly,10,2,5.03480714957667,0.3134342301943199,0.8862760560360453,0.19489268369105436,0.0,,0.0015881913303437967,5.2767709602508514e-08,20,0.4289053780106612,0.15276238720911825,0.16653474750672786,0.05216083583979737,0.0911825233496913,0.09846446097831249,0.06601234763337027,0.032135507361089125,0.3407471901218933
LA-KAIE-DimensionOnly,10,3,15.612244897959183,0.10514496396849338,0.9285103068761243,0.517860494213325,0.0,,-0.0036199095022624436,1.1176312286395122e-23,20,0.4847534271429217,0.03227375932533247,0.0611417450535193,0.17288355497891664,0.12533246837495945,0.26850470321115794,0.1025300032435939,0.08987998702562439,0.1474537787868959
LA-KAIE-DimensionOnly,10,4,4.722456633849039,0.09788543631490122,0.9649521653288038,0.35464961364241937,0.0,,0.005559416261292564,8.355395676676387e-05,20,0.44839701671630877,0.16079313504957093,0.1752061984503874,0.10664000666500041,0.09964175622760976,0.11088894443055902,0.03440806465050404,0.14504707156544197,0.16737482296092643
LA-KAIE-DimensionOnly,10,5,3.379852125693161,0.2667487011211375,0.8721029972541823,0.08466629895201323,0.0,,0.03089964451736396,0.07084131958787919,18,0.42386349253760747,0.2173354735152488,0.2283574103798823,0.03777421080791867,0.05211342964151953,0.0328517924023542,0.08079186730872125,0.07640449438202247,0.2743713215623328
LA-KAIE-DimensionOnly,11,1,7.998059194565744,0.22694734287794224,0.9841642266487041,0.2789175582127124,0.0,,-0.007158456685270566,4.84693576114699e-25,20,0.4386199161057086,0.0958257912347101,0.11156820799736712,0.1233613076627722,0.16131863309747135,0.1215512039931984,0.13636114310789316,0.07212988865119851,0.17788382425538918
LA-KAIE-DimensionOnly,11,2,9.235380835380836,0.2216132808343088,0.9724839825849835,0.41227976508275493,0.0,,-0.0007449185910396935,8.588486554133171e-23,20,0.445553381231358,0.08052837573385518,0.09804305283757339,0.14995107632093935,0.15391389432485322,0.18889432485322896,0.11350293542074363,0.05939334637964775,0.15577299412915852
LA-KAIE-DimensionOnly,11,3,8.847772883015173,0.1505864129232131,0.9838016948477791,0.2824128940507229,0.0,,-0.004702367780482408,8.966217518671628e-24,20,0.446006185217272,0.08406384595895616,0.10164682036990119,0.15490245756270585,0.1457816062832531,0.12074993666075501,0.12343552064859387,0.0860400304028376,0.1833797821129972
LA-KAIE-DimensionOnly,11,4,8.90156709108717,0.2152170325136161,0.9765136821196292,0.3125146198830409,0.0,,-0.011608076140177146,3.713833911418276e-24,20,0.4420760000467066,0.08759160726834656,0.10124485493424355,0.133319947796406,0.17929926714185324,0.13412308001204698,0.1082722618211023,0.06937054512599136,0.18677843590001003
LA-KAIE-DimensionOnly,11,5,8.703812316715542,0.2086141060197664,0.9764451375756327,0.23560892833833702,0.0,,-0.012063866427073973,1.3300544886931119e-24,20,0.4401041091677057,0.09142857142857143,0.10244897959183673,0.16510204081632654,0.1751530612244898,0.09209183673469387,0.11923469387755102,0.075,0.1795408163265306
LA-KAIE-DimensionOnly,12,1,9.90796635329045,0.19831202556931682,0.9390554344621629,0.1950367993961125,0.0,,0.0015481422293248102,0.0018242978023494422,20,0.440635970925783,0.06873779183331784,0.09180541344991164,0.15338108082969026,0.14398660589712584,0.09613059250302297,0.11943075062784857,0.04920472514184727,0.2773230397172356
LA-KAIE-DimensionOnly,12,2,6.328087744396758,0.2768651092690279,0.6553404907981775,0.025906205201720253,0.0,,0.007535795026375283,0.00019681957310123882,20,0.41146275313706004,0.11615825229785534,0.1372052750765952,0.0293059810843213,0.046023711202877314,0.01685093912348475,0.042693486079658984,0.020847209271346742,0.5909151458638604
LA-KAIE-DimensionOnly,12,3,8.33203505355404,0.12469323360991001,0.9707600219413381,0.25167125442390875,0.0,,-0.0038857076078064744,1.2607573501688669e-18,20,0.44506072571528404,0.09127595178675729,0.10800191153825732,0.2012424998672543,0.13014389635214782,0.10194870705676207,0.11416131258960335,0.06424892475973026,0.1889767960494876
LA-KAIE-DimensionOnly,12,4,7.61768970517158,0.08038830023475668,0.9577508195381581,0.36719615810860734,0.0,,0.0070427003362730795,0.016096552981061447,20,0.44683240335631946,0.10469211542831175,0.11537150647580095,0.11588275391956374,0.2771529197909566,0.11292887980004544,0.09594410361281527,0.07935696432628948,0.09867075664621677
LA-KAIE-DimensionOnly,12,5,8.227626459143968,0.08938283282099788,0.98519233459827,0.2515065797564875,0.0,,0.0003349885709781665,1.0713280249905833e-25,20,0.43748968019705914,0.09920656051972948,0.10735395920975557,0.12098620799829597,0.14377762394163693,0.10889823739283241,0.12130571382927738,0.09569199637893391,0.20277970072953833
LA-KAIE-FixedPolicy,1,1,23.990877993158495,0.06356939163498099,-0.0,0.0,1.0,0.08801251584283903,,0.0030106805608341083,20,0.3894785056745358,0.0,0.0,0.0,1.0,0.0,0.0,0.0,0.0
LA-KAIE-FixedPolicy,1,2,23.990877993158495,0.06699144486692016,-0.0,0.0,1.0,0.07274608972565247,,0.09049325441689662,19,0.39366334743184755,0.0,0.0,0.0,1.0,0.0,0.0,0.0,0.0
LA-KAIE-FixedPolicy,1,3,23.990877993158495,0.06727661596958175,-0.0,0.0,1.0,0.09187198231637396,,0.09576561506836043,18,0.3961527282903831,0.0,0.0,0.0,1.0,0.0,0.0,0.0,0.0
LA-KAIE-FixedPolicy,1,4,23.990877993158495,0.06475760456273764,-0.0,0.0,1.0,0.056801557124751045,,0.02548729867155399,20,0.3970022681495285,0.0,0.0,0.0,1.0,0.0,0.0,0.0,0.0
LA-KAIE-FixedPolicy,1,5,23.990877993158495,0.06770437262357415,-0.0,0.0,1.0,0.08213281134264976,,0.08327470159183023,19,0.39664454494259344,0.0,0.0,0.0,1.0,0.0,0.0,0.0,0.0
LA-KAIE-FixedPolicy,2,1,23.990877993158495,0.1592680608365019,-0.0,0.0,1.0,0.03303628010139417,,5.0483486157530815e-14,20,0.3852019313601967,0.0,0.0,0.0,1.0,0.0,0.0,0.0,0.0
LA-KAIE-FixedPolicy,2,2,23.990877993158495,0.17863593155893537,-0.0,0.0,1.0,0.07519260365743256,,0.0011079286747964969,20,0.38410495452508064,0.0,0.0,0.0,1.0,0.0,0.0,0.0,0.0
LA-KAIE-FixedPolicy,2,3,23.990877993158495,0.045603612167300384,-0.0,0.0,1.0,0.03175301013941698,,0.04141831817814605,20,0.393296834729693,0.0,0.0,0.0,1.0,0.0,0.0,0.0,0.0
LA-KAIE-FixedPolicy,2,4,23.990877993158495,0.1754990494296578,-0.0,0.0,1.0,0.06442490494296578,,1.49681347595839e-11,20,0.3835669413658384,0.0,0.0,0.0,1.0,0.0,0.0,0.0,0.0
LA-KAIE-FixedPolicy,2,5,23.990877993158495,0.1583412547528517,-0.0,0.0,1.0,0.07905005205504255,,5.4962157269113186e-17,20,0.38805447020236206,0.0,0.0,0.0,1.0,0.0,0.0,0.0,0.0
LA-KAIE-FixedPolicy,3,1,23.990877993158495,0.2240731939163498,-0.0,0.0,1.0,0.04318678707224335,,1.8911647807780442e-14,20,0.36862548735212075,0.0,0.0,0.0,1.0,0.0,0.0,0.0,0.0
LA-KAIE-FixedPolicy,3,2,23.990877993158495,0.21604087452471482,-0.0,0.0,1.0,0.03351156527249683,,0.00024864132317326974,20,0.3695278785520437,0.0,0.0,0.0,1.0,0.0,0.0,0.0,0.0
LA-KAIE-FixedPolicy,3,3,23.990877993158495,0.2234315589353612,-0.0,0.0,1.0,0.023851394169835234,,0.0008230733048117467,20,0.36995298339674826,0.0,0.0,0.0,1.0,0.0,0.0,0.0,0.0
LA-KAIE-FixedPolicy,3,4,23.990877993158495,0.2241444866920152,-0.0,0.0,1.0,0.045251108998732574,,8.335810453195666e-18,20,0.3691002441963678,0.0,0.0,0.0,1.0,0.0,0.0,0.0,0.0
LA-KAIE-FixedPolicy,3,5,23.990877993158495,0.219462927756654,-0.0,0.0,1.0,0.04293013307984791,,0.012187634544461428,20,0.36894770427914314,0.0,0.0,0.0,1.0,0.0,0.0,0.0,0.0
LA-KAIE-FixedPolicy,4,1,23.990877993158495,0.010004752851711027,-0.0,0.0,1.0,0.034239826634075675,,3.1104578182746395e-12,20,0.39252789855782927,0.0,0.0,0.0,1.0,0.0,0.0,0.0,0.0
LA-KAIE-FixedPolicy,4,2,23.990877993158495,0.010218631178707225,-0.0,0.0,1.0,0.04308856147021546,,0.00744622776478733,20,0.3942115551603151,0.0,0.0,0.0,1.0,0.0,0.0,0.0,0.0
LA-KAIE-FixedPolicy,4,3,23.990877993158495,0.009624524714828898,-0.0,0.0,1.0,0.058170944233206595,,0.031184174115389197,20,0.393819847680969,0.0,0.0,0.0,1.0,0.0,0.0,0.0,0.0
LA-KAIE-FixedPolicy,4,4,23.990877993158495,0.007984790874524715,-0.0,0.0,1.0,0.01977186311787072,,0.002546411928037283,20,0.3930575362474584,0.0,0.0,0.0,1.0,0.0,0.0,0.0,0.0
LA-KAIE-FixedPolicy,4,5,23.990877993158495,0.0070817490494296574,-0.0,0.0,1.0,0.03955611759913091,,0.05000000219041081,19,0.39461448920552417,0.0,0.0,0.0,1.0,0.0,0.0,0.0,0.0
LA-KAIE-FixedPolicy,5,1,23.990877993158495,0.0531606463878327,-0.0,0.0,1.0,0.028433369545536845,,0.057143509555519466,19,0.3911318979946295,0.0,0.0,0.0,1.0,0.0,0.0,0.0,0.0
LA-KAIE-FixedPolicy,5,2,23.990877993158495,0.16449619771863117,-0.0,0.0,1.0,0.04827867553865653,,1.3728014785258236e-12,20,0.38285013830895454,0.0,0.0,0.0,1.0,0.0,0.0,0.0,0.0
LA-KAIE-FixedPolicy,5,3,23.990877993158495,0.05114068441064639,-0.0,0.0,1.0,0.04501335325004526,,0.01774237748926598,20,0.39131193130171443,0.0,0.0,0.0,1.0,0.0,0.0,0.0,0.0
LA-KAIE-FixedPolicy,5,4,23.990877993158495,0.2,-0.0,0.0,1.0,0.03338101088814016,,6.011766975896073e-05,20,0.37908694508238144,0.0,0.0,0.0,1.0,0.0,0.0,0.0,0.0
LA-KAIE-FixedPolicy,5,5,23.990877993158495,0.17799429657794677,-0.0,0.0,1.0,0.03915031459351801,,0.08580249764462686,20,0.3791956463291037,0.0,0.0,0.0,1.0,0.0,0.0,0.0,0.0
LA-KAIE-FixedPolicy,6,1,23.990877993158495,0.015922053231939164,-0.0,0.0,1.0,0.025665399239543727,,0.00022023202038732643,20,0.3933691251478598,0.0,0.0,0.0,1.0,0.0,0.0,0.0,0.0
LA-KAIE-FixedPolicy,6,2,23.990877993158495,0.017942015209125476,-0.0,0.0,1.0,0.04490256653992396,,0.005901537906110747,20,0.3974106372100102,0.0,0.0,0.0,1.0,0.0,0.0,0.0,0.0
LA-KAIE-FixedPolicy,6,3,23.990877993158495,0.016872623574144485,-0.0,0.0,1.0,0.10053548795944232,,0.003140029880281578,20,0.39651976714973736,0.0,0.0,0.0,1.0,0.0,0.0,0.0,0.0
LA-KAIE-FixedPolicy,6,4,23.990877993158495,0.015518060836501901,-0.0,0.0,1.0,0.047433460076045625,,0.019226162636185106,20,0.3947000670770333,0.0,0.0,0.0,1.0,0.0,0.0,0.0,0.0
LA-KAIE-FixedPolicy,6,5,23.990877993158495,0.01435361216730038,-0.0,0.0,1.0,0.05043567807351078,,0.038356585514133,19,0.39400252141196657,0.0,0.0,0.0,1.0,0.0,0.0,0.0,0.0
LA-KAIE-FixedPolicy,7,1,23.990877993158495,0.11228612167300381,-0.0,0.0,1.0,0.06596958174904943,,0.01841166681604315,20,0.3716207815920059,0.0,0.0,0.0,1.0,0.0,0.0,0.0,0.0
LA-KAIE-FixedPolicy,7,2,23.990877993158495,0.1447718631178707,-0.0,0.0,1.0,0.023883079847908745,,0.006642855406612533,20,0.3652662906835078,0.0,0.0,0.0,1.0,0.0,0.0,0.0,0.0
LA-KAIE-FixedPolicy,7,3,23.990877993158495,0.14904942965779466,-0.0,0.0,1.0,0.023130544993662867,,6.630832037484894e-06,20,0.36544814124082164,0.0,0.0,0.0,1.0,0.0,0.0,0.0,0.0
LA-KAIE-FixedPolicy,7,4,23.990877993158495,0.06492395437262358,-0.0,0.0,1.0,0.0394882762991128,,0.006250162038699403,20,0.371802348788195,0.0,0.0,0.0,1.0,0.0,0.0,0.0,0.0
LA-KAIE-FixedPolicy,7,5,23.990877993158495,0.10415874524714828,-0.0,0.0,1.0,0.05624207858048162,,2.181152459722698e-07,20,0.3714590440225773,0.0,0.0,0.0,1.0,0.0,0.0,0.0,0.0
LA-KAIE-FixedPolicy,8,1,23.990877993158495,0.030299429657794676,-0.0,0.0,1.0,0.057744658699981896,,0.042605561406800246,20,0.37242391328821234,0.0,0.0,0.0,1.0,0.0,0.0,0.0,0.0
LA-KAIE-FixedPolicy,8,2,23.990877993158495,0.040613117870722436,-0.0,0.0,1.0,0.042466730038022815,,0.020311812171835517,20,0.36818595484072003,0.0,0.0,0.0,1.0,0.0,0.0,0.0,0.0
LA-KAIE-FixedPolicy,8,3,23.990877993158495,0.12561787072243347,-0.0,0.0,1.0,0.037840621039290236,,0.03139712683679239,20,0.36113223788750953,0.0,0.0,0.0,1.0,0.0,0.0,0.0,0.0
LA-KAIE-FixedPolicy,8,4,23.990877993158495,0.03973384030418251,-0.0,0.0,1.0,0.05484394803548796,,0.0330175221333696,20,0.3698163064517327,0.0,0.0,0.0,1.0,0.0,0.0,0.0,0.0
LA-KAIE-FixedPolicy,8,5,23.990877993158495,0.029776615969581748,-0.0,0.0,1.0,0.04272100760456274,,0.01400587048727803,20,0.37261671065094465,0.0,0.0,0.0,1.0,0.0,0.0,0.0,0.0
LA-KAIE-FixedPolicy,9,1,23.990877993158495,0.11245247148288974,-0.0,0.0,1.0,0.11327435647896676,,0.10629159218811879,18,0.3884457755679387,0.0,0.0,0.0,1.0,0.0,0.0,0.0,0.0
LA-KAIE-FixedPolicy,9,2,23.990877993158495,0.11791825095057035,-0.0,0.0,1.0,0.11474787253304365,,0.0989912150130049,19,0.3810289989132689,0.0,0.0,0.0,1.0,0.0,0.0,0.0,0.0
LA-KAIE-FixedPolicy,9,3,23.990877993158495,0.12875475285171104,-0.0,0.0,1.0,0.11181558935361219,,0.09065016098737669,19,0.38138926831327474,0.0,0.0,0.0,1.0,0.0,0.0,0.0,0.0
LA-KAIE-FixedPolicy,9,4,23.990877993158495,0.12288498098859316,-0.0,0.0,1.0,0.09218568938982438,,0.06530336059255341,19,0.38203415378007877,0.0,0.0,0.0,1.0,0.0,0.0,0.0,0.0
LA-KAIE-FixedPolicy,9,5,23.990877993158495,0.12538022813688213,-0.0,0.0,1.0,0.1327621989860583,,0.06628316555138809,19,0.38290614799350514,0.0,0.0,0.0,1.0,0.0,0.0,0.0,0.0
LA-KAIE-FixedPolicy,10,1,23.990877993158495,0.07673479087452471,-0.0,0.0,1.0,0.005608365019011407,,0.025000001490117628,20,0.37597548545872106,0.0,0.0,0.0,1.0,0.0,0.0,0.0,0.0
LA-KAIE-FixedPolicy,10,2,23.990877993158495,0.02923003802281369,-0.0,0.0,1.0,0.005030101394169836,,5.8252728636444e-25,20,0.38008673471158916,0.0,0.0,0.0,1.0,0.0,0.0,0.0,0.0
LA-KAIE-FixedPolicy,10,3,23.990877993158495,0.01511406844106464,-0.0,0.0,1.0,-0.05650771090706927,,0.07633914921115582,20,0.38449534096566995,0.0,0.0,0.0,1.0,0.0,0.0,0.0,0.0
LA-KAIE-FixedPolicy,10,4,23.990877993158495,0.008531368821292776,-0.0,0.0,1.0,-0.04833156624744077,,0.08478479731120811,19,0.38569882887014273,0.0,0.0,0.0,1.0,0.0,0.0,0.0,0.0
LA-KAIE-FixedPolicy,10,5,23.990877993158495,0.020936311787072243,-0.0,0.0,1.0,-0.011049849584887887,,0.1543579185615679,18,0.3824125016333441,0.0,0.0,0.0,1.0,0.0,0.0,0.0,0.0
LA-KAIE-FixedPolicy,11,1,23.990877993158495,0.2035171102661597,-0.0,0.0,1.0,0.017561787072243346,,1.4201929648667452e-17,20,0.3575507544413931,0.0,0.0,0.0,1.0,0.0,0.0,0.0,0.0
LA-KAIE-FixedPolicy,11,2,23.990877993158495,0.24610266159695818,-0.0,0.0,1.0,0.004372623574144487,,6.873724090374607e-20,20,0.35516707094093586,0.0,0.0,0.0,1.0,0.0,0.0,0.0,0.0
LA-KAIE-FixedPolicy,11,3,23.990877993158495,0.23027566539923955,-0.0,0.0,1.0,0.012832699619771864,,1.8917618817642497e-19,20,0.35254931299799774,0.0,0.0,0.0,1.0,0.0,0.0,0.0,0.0
LA-KAIE-FixedPolicy,11,4,23.990877993158495,0.24855038022813689,-0.0,0.0,1.0,0.002400190114068441,,2.2074857865257924e-19,20,0.35305358057983677,0.0,0.0,0.0,1.0,0.0,0.0,0.0,0.0
LA-KAIE-FixedPolicy,11,5,23.990877993158495,0.2273526615969582,-0.0,0.0,1.0,0.019581749049429657,,0.0020118816375372757,20,0.35691579895034303,0.0,0.0,0.0,1.0,0.0,0.0,0.0,0.0
LA-KAIE-FixedPolicy,12,1,23.990877993158495,0.08231939163498099,-0.0,0.0,1.0,0.007105513307984791,,1.8316671609953296e-15,20,0.36448786298240776,0.0,0.0,0.0,1.0,0.0,0.0,0.0,0.0
LA-KAIE-FixedPolicy,12,2,23.990877993158495,0.10254277566539924,-0.0,0.0,1.0,0.010503802281368822,,6.343232200534442e-18,20,0.36424400441969423,0.0,0.0,0.0,1.0,0.0,0.0,0.0,0.0
LA-KAIE-FixedPolicy,12,3,23.990877993158495,0.13217680608365018,-0.0,0.0,1.0,0.0971958174904943,,0.028003437847740408,20,0.3601029547731148,0.0,0.0,0.0,1.0,0.0,0.0,0.0,0.0
LA-KAIE-FixedPolicy,12,4,23.990877993158495,0.08505228136882129,-0.0,0.0,1.0,0.006603295310519645,,6.998335010069089e-22,20,0.36545653612334333,0.0,0.0,0.0,1.0,0.0,0.0,0.0,0.0
LA-KAIE-FixedPolicy,12,5,23.990877993158495,0.1243583650190114,-0.0,0.0,1.0,0.018678707224334602,,5.087855123428818e-12,20,0.36353800210451565,0.0,0.0,0.0,1.0,0.0,0.0,0.0,0.0
LA-KAIE-Full,1,1,6.974075852136342,0.19391477937633372,0.8131063078151604,0.07977372431309167,0.1912301232188339,0.0671328631371828,0.06604533719181775,6.877567300255149e-08,20,0.4683259658182715,0.10707480484356752,0.12643678160919541,0.02600036879955744,0.15206835085131232,0.04247341569856783,0.0510172721126068,0.05599606613805397,0.4389329399471387
LA-KAIE-Full,1,2,8.27883211678832,0.15740904014577087,0.9156134282445182,0.20870274126159177,0.1725151354846294,0.023793299261783075,0.024091963820618463,3.4288170057762095e-11,20,0.473994599771016,0.08909353750602345,0.10831503988863307,0.07843872142206992,0.15698452642287306,0.10965358462279809,0.09027145687208867,0.041762595705948494,0.32548053755956524
LA-KAIE-Full,1,3,7.859496124031008,0.1826531870299593,0.7556132911679618,0.03689991361224238,0.3228948341758106,0.059730176912307496,0.042825928623452296,0.0011037769796707919,20,0.4712862346425328,0.0908989015915714,0.11443622506164537,0.0309908092355974,0.2806545617574535,0.016756332660838376,0.029589778076664425,0.028917283120376596,0.4077561084958529
LA-KAIE-Full,1,4,5.969596199524941,0.24080853095654942,0.7516764352770506,0.08967057509771077,0.0634251153907369,0.010620182828463883,0.052268199884819816,1.6167641263322188e-09,20,0.46441555083776426,0.12699736001111575,0.14422676115047936,0.030915659302487148,0.05523134639433097,0.05578713352785883,0.06009448381269974,0.020494650548839793,0.5062526052521884
LA-KAIE-Full,1,5,7.764762826718297,0.1952375015584092,0.8313616046139376,0.0703090013434841,0.16282259069941404,0.028586013272077593,0.03785306527674361,3.113574813362593e-07,20,0.4716197752089143,0.09295487956575822,0.11545855478909872,0.10612914169399525,0.14768743639036527,0.03550831165893927,0.046986316860793846,0.03273775867918127,0.42253760036186816
LA-KAIE-Full,2,1,6.0594388968140755,0.37087028172329906,0.6219111871001218,0.027480595762534088,0.0401789217609668,0.1328125,0.005559643528738452,9.787847241396981e-13,20,0.45007591480812104,0.12298692360633173,0.14267033723331038,0.02216104611149346,0.030350997935306264,0.018031658637302134,0.027735719201651753,0.02567102546455609,0.6103922918100482
LA-KAIE-Full,2,2,13.450538185545874,0.08833168203643015,0.8875690813595382,0.22041519181096336,0.12251352793232223,0.004665629860031105,-0.0003908455291614192,5.017093674471021e-21,20,0.4921954013463776,0.042192860792758594,0.06905613548434192,0.32068034163077597,0.11734433170304402,0.08409372946930432,0.06620921235126652,0.06920213154244835,0.2312212570260603
LA-KAIE-Full,2,3,12.020212228398181,0.11039179418194048,0.9459774364529734,0.2601435587457499,0.1075752480242139,0.0007815552950371239,-0.0016015827405907014,8.30185616592704e-24,20,0.48304802618014747,0.05174200749421989,0.0780515028302639,0.13605198118472456,0.10200908873475245,0.1372478673363629,0.112811926971219,0.1045603125249143,0.277525312923543
LA-KAIE-Full,2,4,7.330120481927711,0.33287310979618673,0.5801228268868287,0.022905813280410154,0.028073635765943458,0.04918032786885246,-0.008929175404180478,1.4901162082030956e-09,20,0.44686279811867585,0.09813222650459531,0.11977468129261785,0.020753038837829824,0.025318707382152385,0.016424547880225317,0.04198043284909576,0.01897420693744441,0.6586421583160391
LA-KAIE-Full,2,5,12.683621566632757,0.10703400705806866,0.9399807021385161,0.2197635647165808,0.11561597690086622,0.000693721817551162,0.0011789779168367115,1.4330404334654386e-20,20,0.4882726742927772,0.048207946868201075,0.0738959502271079,0.13378373220351922,0.1100423680293141,0.110691247757548,0.10458414443299363,0.13038665597923585,0.28840795450208023
LA-KAIE-Full,3,1,8.236867704280156,0.3739002066725716,0.6218882634772555,0.03608874031302234,0.04777088869205787,0.1841779975278121,-0.003968746124271363,0.018750016363910767,20,0.43632653435275065,0.08538561244329229,0.1099049470728019,0.03505076690429899,0.03856124432922878,0.02565348887448693,0.04477208900410456,0.020252754374594947,0.6404190969971916
LA-KAIE-Full,3,2,7.948593598448109,0.3782184258694326,0.5780299383631563,0.04076355616396684,0.026418547895057962,0.03002309468822171,-0.0005640157924421884,1.5258819063383546e-06,20,0.43118899383160675,0.08878634569411241,0.1128592872630233,0.024851281481069663,0.02407294156891088,0.029799299494079057,0.032690276310668814,0.018402179351754044,0.6685383888363818
LA-KAIE-Full,3,3,7.619623006283229,0.3909927053599746,0.6603084554035439,0.04906703524533518,0.04751030764351411,0.01602136181575434,0.0063265849760255725,0.09477692574584348,20,0.43302361469723666,0.09448592762780011,0.11688684663986215,0.05933371625502585,0.04302125215393452,0.03262492820218266,0.027340608845491096,0.021367030442274556,0.604939689833429
LA-KAIE-Full,3,4,5.921652421652421,0.3879400208483682,0.7027241056056038,0.036259323006310955,0.07617673001363162,0.022105263157894735,0.03619477475913549,0.060011670175303046,20,0.4282903584228868,0.12533314630382944,0.14525178846963108,0.032472997615373825,0.06662926076588582,0.022162996212652546,0.04432599242530509,0.01907700939823257,0.5447468088090897
LA-KAIE-Full,3,5,6.14850071394574,0.4000619290911906,0.7499271211893929,0.0747903856903298,0.07779842080817465,0.04477611940298507,0.0013430705951481576,2.529298696008869e-06,20,0.43232846261291347,0.12116470508197837,0.14068984284645214,0.04088713517926389,0.06837199809510851,0.04551330022450507,0.050683719980951086,0.02034151983128104,0.5123477787604599
LA-KAIE-Full,4,1,12.788696537678208,0.083449456543377,0.9618541000169434,0.2668626926846654,0.15949357009196957,0.00673989016475287,-0.0004263180332528066,1.374931454140409e-26,20,0.4853202781044693,0.05329614413327805,0.07300893294636462,0.19358486299046399,0.15099317779201687,0.11288681165429121,0.11070068975914968,0.10610229542798989,0.19942708529644568
LA-KAIE-Full,4,2,10.512195121951219,0.09403854349164259,0.9679083207983897,0.336320028961897,0.1418154268668024,0.019376739009460214,0.0018759655705142353,2.6009912446560483e-26,20,0.4687617541797273,0.07262986870416721,0.08734027137399553,0.13533570456242042,0.13019804154042067,0.1631756905106925,0.09664954112326,0.08931629561322618,0.2253545865718175
LA-KAIE-Full,4,3,8.898628795298727,0.12063177590666446,0.9793454530168082,0.31586661780872116,0.21754443894117,0.02807993928661776,-0.002532001688001125,4.889163571295015e-28,20,0.47818435368857876,0.09145,0.10055,0.1093,0.19765,0.1293,0.10325,0.0917,0.1768
LA-KAIE-Full,4,4,9.18909626719057,0.10679352183441125,0.9778854018749402,0.3790071237756011,0.1937570153402106,0.015172413793103448,-0.00046406788650225407,1.3760181886631688e-26,20,0.47848724134911663,0.08772186463818997,0.0979617710161888,0.10517846693973083,0.17676028866783694,0.1660327677004096,0.09230544177881803,0.09430466159547493,0.17973473766335088
LA-KAIE-Full,4,5,8.185221195916384,0.11522242679812318,0.9845610017791911,0.2855991402471789,0.19035457623092,0.020384815392615704,-0.0004645931142410015,2.2541320424661415e-26,20,0.47719414031081925,0.09706655226041723,0.10870381294578216,0.13058400815144527,0.17187751380919183,0.114012977958921,0.10130315868504317,0.09256180618866305,0.18389017000053628
LA-KAIE-Full,5,1,5.385741265344665,0.35539580959060224,0.6506928200250224,0.03172681036570598,0.028228280880161303,0.031055900621118012,0.0350022552999549,0.04180006142048939,20,0.4412560699757499,0.13954891755299087,0.1574262653692389,0.030248170777702345,0.024289054838953005,0.019763143999396545,0.028513238289205704,0.025571396243494002,0.5746398129290187
LA-KAIE-Full,5,2,6.196190476190476,0.3173224715647095,0.6278317164026256,0.03162015659506123,0.02182600676298801,0.01056338028169014,0.023727215587680706,0.021536738752208816,20,0.4403936530049846,0.12104836530667387,0.13996217238584166,0.021615779519048906,0.019184004323155902,0.021278032964063765,0.04437989732504728,0.02526344231288841,0.6072683058632802
LA-KAIE-Full,5,3,6.240114340161982,0.3208123377614903,0.6249487334202863,0.030522088353413655,0.03443273782256833,0.016260162601626018,0.021454363353628,0.005766646724167359,20,0.45001256542796053,0.11851403189985867,0.13917491082845412,0.019584090450232183,0.030351975233864997,0.02045898108890235,0.038225990981896496,0.02207416380644727,0.6116158557103439
LA-KAIE-Full,5,4,6.290276453765491,0.270970675153444,0.7972736241652574,0.11038561044720956,0.16268848980828976,0.033302282254308334,0.059366515837104075,0.0025144614625299986,20,0.45765501368824973,0.11637094074322062,0.13906930030130565,0.02564445932373619,0.1409440910612655,0.05999330431871443,0.03548711081352528,0.034482758620689655,0.4480080348175427
LA-KAIE-Full,5,5,5.65530303030303,0.3537340924313463,0.6351296602434151,0.029890698193174213,0.02804755525787006,0.008955223880597015,0.03833232836592299,0.0006365074522256262,20,0.4439545648399597,0.1314086248272853,0.1515526143553196,0.021671151189004437,0.02436186459166606,0.01948949167333285,0.04137880881390444,0.018980437786342813,0.5911570067631445
LA-KAIE-Full,6,1,4.725738396624473,0.3261904761904762,0.6974905596853943,0.028139140271493213,0.038492063492063494,0.005154639175257732,0.005262071811803549,1.2208026787811993e-05,20,0.44477417225312993,0.1601399766705549,0.17580403266122313,0.023746042326278954,0.032327945342442925,0.01658056990501583,0.058990168305282455,0.018746875520746543,0.5136643892684553
LA-KAIE-Full,6,2,4.144454799627214,0.34877445468855406,0.742257504362268,0.029639387452659312,0.03361816955250731,0.006688963210702341,0.010587550901687027,0.01250019143818724,20,0.44096413710748544,0.18388695173426317,0.19214534777023307,0.01926959075059644,0.027436226830611123,0.016516792071939807,0.10203707102220591,0.020003670398238207,0.4387043494219123
LA-KAIE-Full,6,3,6.0613409415121255,0.2856358358829528,0.6029936735563916,0.030118030118030117,0.023691849062524514,0.0,0.0,0.0,20,0.4459164015694677,0.12289272689740591,0.14291612192940206,0.01933530585563889,0.020780293125989127,0.020367439620174774,0.033991605312048444,0.01782150966765293,0.6218949975916879
LA-KAIE-Full,6,4,5.166745171926519,0.32810648190354635,0.698153435452718,0.027426424546023793,0.027623302033002096,0.006600660066006601,0.0030001875117194824,0.03943652406375709,19,0.4404425222107044,0.14691242806035154,0.16324467257738373,0.02232073417327734,0.023565095660289314,0.017032197853476434,0.08228340332866697,0.022942914916783325,0.5216985534297713
LA-KAIE-Full,6,5,4.980253878702397,0.31162088171433966,0.6859610114273677,0.030706243602865915,0.021806853582554516,0.0,0.005790387955993051,0.003125351021552232,20,0.44610974293651035,0.1518135959644487,0.1667867723596765,0.01785571302746417,0.018496276723516693,0.01921691088157579,0.08223236448074306,0.01921691088157579,0.5243814556809993
LA-KAIE-Full,7,1,5.701089531027949,0.3392604902368093,0.7573902910949887,0.057220338983050845,0.09580390527627752,0.01647875108412836,0.006800220547693438,0.050002256550771826,19,0.41784765869452156,0.13060752727010042,0.15061764068482267,0.08423029690096077,0.08329119410532398,0.030484721519901756,0.019504442678610127,0.0184931012063859,0.4827710756338944
LA-KAIE-Full,7,2,5.791844476055003,0.33876381498158004,0.7535728727710767,0.05133870548479334,0.08473188702415063,0.04541062801932367,-0.0007155635062611807,0.003125,20,0.41457268417284865,0.12924151696606787,0.14863130881094952,0.0772027373823781,0.07378100940975192,0.028157969774736242,0.02587681779298546,0.022668947818648418,0.49443969204448246
LA-KAIE-Full,7,3,6.237732253454026,0.3074161765829069,0.7913749319829071,0.04037520391517129,0.21645153899030017,0.14749470712773466,0.012736783962049584,1.3968524166835976e-07,20,0.4204378505171464,0.12033055630206933,0.138605213652244,0.02929320075248589,0.1904058048911583,0.019954313356624565,0.05388336468691212,0.027143241064230047,0.42038430529427573
LA-KAIE-Full,7,4,4.631850117096019,0.34472646374759836,0.76969817805777,0.05155299391610631,0.07351602790979876,0.011004126547455296,0.004475005457323728,7.978243089971136e-25,20,0.4090136179166006,0.16280054182187606,0.17770064341347783,0.053335590924483575,0.061547578733491363,0.027260413139180494,0.04884862851337623,0.01583135794107687,0.4526752455130376
LA-KAIE-Full,7,5,4.769230769230769,0.3652635719905586,0.7072297174282447,0.03998292544109277,0.032946498819826905,0.011940298507462687,0.04281501067832808,0.05413223746480282,19,0.40794131304696435,0.1575807787903894,0.17464788732394365,0.03570836785418393,0.02775476387738194,0.02328086164043082,0.04623032311516156,0.02203811101905551,0.5127589063794532
LA-KAIE-Full,8,1,4.1547064305685,0.38414087034544636,0.7985323674825073,0.04416167664670659,0.06336922386720502,0.024778761061946902,0.04993413962399713,0.012032412044777202,20,0.40124929695880546,0.18036403750689464,0.19452105166390882,0.060397131825703256,0.05193969479683765,0.02169516455230741,0.0652693509836367,0.02151130722559294,0.4043022614451186
LA-KAIE-Full,8,2,7.994177583697234,0.17759164845836367,0.9392378179368405,0.31280733124720606,0.13929351784413693,0.024400871459694988,0.010365982652845357,0.000323201178481816,20,0.43449151616170417,0.09303093691511614,0.11152702851480788,0.12738082131454365,0.12633491137289443,0.154079048772432,0.061708686557304854,0.049157767257514036,0.276780799295387
LA-KAIE-Full,8,3,6.366412213740458,0.19574340527577938,0.9088806512437031,0.2554027504911591,0.21919964028776978,0.0441025641025641,0.01574047413379403,5.8210627642683334e-12,20,0.4295709324721205,0.11955661124307206,0.13486408023225124,0.05984428609131697,0.19299287410926366,0.1200844550013196,0.06795988387437318,0.022565320665083134,0.28213248878332015
LA-KAIE-Full,8,4,8.749144254278729,0.2657612340710932,0.8363718493952593,0.046923005306768455,0.18572546389447797,0.059584712609088174,0.003981055666140435,4.364254689447154e-06,20,0.43080861750574345,0.08048103607770583,0.10288827217596876,0.07698632953027032,0.17077808613423784,0.025901942645698426,0.13711583924349882,0.016856819817041832,0.3889916743755782
LA-KAIE-Full,8,5,6.375477099236641,0.26423707251365713,0.9263742262613708,0.11926889714993805,0.2348275087929357,0.03441682600382409,0.006454767726161369,1.192092936006578e-08,20,0.42328019462696775,0.1178373382624769,0.1361895959862688,0.09169527330340639,0.20715606020596777,0.05083179297597042,0.16510430419857408,0.020926855030367047,0.21025878003696857
LA-KAIE-Full,9,1,10.018325903912828,0.1052059128887131,0.946485208120251,0.22721396250808015,0.255697829633658,0.11465583913379737,0.0028119118786671103,6.4127360890834935e-24,20,0.46924711059110685,0.07643486598785444,0.09118305100223734,0.10058901420026482,0.2361536002922241,0.09629697274097074,0.09972147390530113,0.0718232044198895,0.22779781745125793
LA-KAIE-Full,9,2,8.55783308931186,0.10852580553179356,0.9507128008069151,0.20835705339861096,0.20547476475620188,0.06254047552965122,-0.006113025169872714,3.877205758067397e-24,20,0.46195292214209427,0.09370477568740955,0.10362828199297085,0.0919474881124664,0.18622079801529873,0.09458341947488112,0.09727103576597064,0.07054992764109985,0.2620942733099028
LA-KAIE-Full,9,3,8.805772994129159,0.11833990777265403,0.943078114053022,0.22894555478980014,0.30073892994055224,0.10770367633474967,-0.0005720641983155889,6.342363661260589e-24,20,0.4639623352378884,0.08884276602207147,0.10220714791940873,0.08028753670142756,0.27402045155411564,0.08408423610408018,0.09020957780702643,0.08737470891971247,0.19297357497215753
LA-KAIE-Full,9,4,14.4648033126294,0.08223001502898447,0.9238672227850347,0.24470549305095962,0.28827023545409003,0.061486262826878524,-0.0038042567454332162,2.50697470681676e-22,20,0.4798322470430161,0.03803655640081236,0.06492031255378472,0.10746618016591511,0.27730542838456507,0.10182093559602079,0.10808578017968401,0.09617569102612647,0.20618911569309145
LA-KAIE-Full,9,5,9.483743842364532,0.10336588406399336,0.9336546989063526,0.2258140355001763,0.28911281944733014,0.09075937237992573,-0.007806030493448294,1.123008088054289e-24,20,0.4663798893815982,0.08131322771521282,0.09601068906279825,0.07434624928421454,0.2656041229242222,0.09166825730101165,0.08890055354075205,0.07677991983202902,0.2253769803397595
LA-KAIE-Full,10,1,6.604973696795791,0.09687929910940554,0.9291326668377679,0.17110358180058083,0.3073636956049526,0.0812720848056537,0.026029688480033453,1.9873004487975937e-07,20,0.46333999219800986,0.11280272371041306,0.13239545191751784,0.17472859253549175,0.27269223357101563,0.04541658636860024,0.10978351641292478,0.041947709899145626,0.11023318558489112
LA-KAIE-Full,10,2,10.010896483407627,0.16455570947951711,0.9544139128066919,0.33531788220284925,0.23441519889174747,0.047629098072323066,-0.0010555340140450645,0.012500000000110287,20,0.46807103656888316,0.07037071106613926,0.09115996688437127,0.12027412381565633,0.21791923466102475,0.14506485143960998,0.08223714469690001,0.06765706926685677,0.20531689816944163
LA-KAIE-Full,10,3,12.73587786259542,0.1281067689602813,0.8964685244534965,0.4870551730825172,0.1478462399104931,0.01108108108108108,-0.00037512895057676077,2.6309683793640695e-24,20,0.47801228272145246,0.04771689497716895,0.07366818873668189,0.30441400304414,0.14079147640791476,0.19113394216133942,0.0558599695585997,0.04098173515981735,0.1454337899543379
LA-KAIE-Full,10,4,8.899608227228208,0.06773785285863644,0.9414152742859598,0.2563846324672441,0.18444945798712375,0.021181384248210023,0.004453140813710276,4.0902774759235074e-11,20,0.4657706190703548,0.07793393880968086,0.10213607996346846,0.0422142168552438,0.17007458521487645,0.11715459942158404,0.2579024811000051,0.15069257699528135,0.08189152163985997
LA-KAIE-Full,10,5,5.969596199524941,0.12088174438962279,0.9527711769169124,0.16022835394862037,0.2575998726722903,0.005560704355885079,0.010076106763854648,0.05039570005018541,19,0.44845944769625207,0.12620819136360475,0.14435713789027188,0.07788053681941451,0.22508865864682567,0.058549475001738405,0.18350601488074542,0.06105277797093387,0.12335720742646547
LA-KAIE-Full,11,1,8.0,0.20263221737020864,0.9797794454601361,0.36106861245145344,0.1408296943231441,0.00904392764857881,0.003035436961739376,5.300417053720504e-23,20,0.43701879478402283,0.09659744671524848,0.1116651142403156,0.1332529724398663,0.12722590542983947,0.1681003780614761,0.1112815736124048,0.06569503040929264,0.18618157909155664
LA-KAIE-Full,11,2,8.423976608187134,0.1896332292028231,0.9710431934585659,0.2535004667288972,0.24025222723591347,0.021911870936672285,-0.0038072032285083376,6.591619727241762e-26,20,0.44350155069682673,0.09274130058258542,0.10633496037369443,0.12423240434577232,0.21797092321419198,0.09977431375636382,0.1291135254290663,0.06513409961685823,0.16469847268146748
LA-KAIE-Full,11,3,11.04904904904905,0.13458053995289002,0.9713652056531024,0.3363026907888695,0.1298695415836202,0.0004650622020695268,-0.0010411786141912645,3.0581496602462186e-22,20,0.45058412990830843,0.06263003694110654,0.08305379814020636,0.18712581206742812,0.12173580739671351,0.1554923357819201,0.13778608127043437,0.08309625918220033,0.16907986921999066
LA-KAIE-Full,11,4,10.3558648111332,0.22432328661931272,0.950174270339086,0.44166933504109296,0.22763486273756958,0.018342820999367487,-0.0008699434536755111,8.798619566666585e-26,20,0.45388954657003805,0.06690550828481863,0.08849081952530229,0.15396327810120913,0.21240483654276757,0.18531124048365427,0.07187639946260636,0.05866547245857591,0.16238244514106584
LA-KAIE-Full,11,5,9.518974864465253,0.2145076110593352,0.9707982766125113,0.28475256879650407,0.22574298436367402,0.03876146788990826,-0.0008024608800320985,4.034397269393633e-24,20,0.44520190368006063,0.07676864244741874,0.09483747609942639,0.14445506692160612,0.2084130019120459,0.11524856596558318,0.12055449330783939,0.07079349904397705,0.16892925430210326
LA-KAIE-Full,12,1,14.410760475944128,0.027534462952326248,0.9625008000264165,0.3720314505776637,0.1867461229178633,0.0,0.0021629734263264766,3.6978522470844225e-26,20,0.46881013018314754,0.03888486354069627,0.06507262878238967,0.12952420384363247,0.1794845254114481,0.15999033916433772,0.12945519787461615,0.1569885795121278,0.14059966187075182
LA-KAIE-Full,12,2,7.9975739932071805,0.21822483771158163,0.8226066106911784,0.11577256092118182,0.10902141600436814,0.048414023372287146,0.008239139316355714,1.2178995223593431e-05,20,0.42327758817477895,0.09174564690324002,0.11202336345602822,0.04887590919109544,0.09901917566674014,0.07146793035045185,0.08910072735287634,0.031022702226140623,0.45674454485342736
LA-KAIE-Full,12,3,5.567644276253548,0.2223449447748513,0.8591184388226074,0.2177906061401207,0.41316907391673746,0.1765371170059634,0.10264948602866657,3.5049299288207656e-07,20,0.43661588098038917,0.1362735745211712,0.15337198209437147,0.03331621046451897,0.35686504733250163,0.060908490496807806,0.04674543186321274,0.0405078153665517,0.17201144786086445
LA-KAIE-Full,12,4,7.291425818882466,0.04650855519587765,0.9958732050704472,0.4030242246566888,0.15419171566360573,0.008140531276778063,0.0015621338748730766,1.4075747881317917e-29,20,0.44031680767100023,0.11732462534258557,0.11878243629366143,0.14508134585107002,0.1361012303924427,0.15231208816840633,0.1058953874861508,0.10478745116333314,0.11971543530234999
LA-KAIE-Full,12,5,11.407332998493219,0.0950158506516379,0.9397348593030894,0.23160043222475687,0.2964952448045086,0.07974457974457974,0.008136187257479034,9.782352666736656e-20,20,0.457599644444233,0.05899900563473649,0.08128936029168048,0.08576400397746105,0.2790023201856148,0.07992210805435863,0.1048641034139874,0.14985913158766986,0.16029996685449122
LA-KAIE-NoAdaptiveController,1,1,23.990877993158495,0.04579372623574145,0.5475100610024366,0.15965939329430548,0.1482889733840304,-0.10139075701929208,-0.19578629889455781,0.013282723191624745,20,0.377832349353679,0.0,0.0,0.5081749049429658,0.13460076045627375,0.057034220532319393,0.0,0.0,0.30019011406844104
LA-KAIE-NoAdaptiveController,1,2,23.990877993158495,0.033388783269961975,0.5439250822070989,0.22293307086614172,0.11406844106463879,0.018630275974025987,-0.20181866952789698,0.042233740162695876,19,0.37473632596335654,0.0,0.0,0.5218631178707225,0.09182509505703422,0.08612167300380229,0.0,0.0,0.30019011406844104
LA-KAIE-NoAdaptiveController,1,3,23.990877993158495,0.03973384030418251,0.5477292186009892,0.2252208047105005,0.11406844106463879,0.040584896584896585,-0.1688412017167382,0.0313539923967593,20,0.3740668775825137,0.0,0.0,0.5173003802281368,0.09524714828897339,0.08726235741444867,0.0,0.0,0.30019011406844104
LA-KAIE-NoAdaptiveController,1,4,23.990877993158495,0.03702471482889734,0.5203556920980008,0.20050632911392405,0.07984790874524715,-0.0749170918367347,-0.21432654466745377,0.050675582384186554,19,0.376540471679167,0.0,0.0,0.5480988593155893,0.07642585551330798,0.0752851711026616,0.0,0.0,0.30019011406844104
LA-KAIE-NoAdaptiveController,1,5,23.990877993158495,0.043773764258555135,0.5578394926838216,0.297029702970297,0.10266159695817491,-0.14915777124110458,-0.21784869350282487,0.06433016100788669,19,0.37846976292261025,0.0,0.0,0.523574144486692,0.09239543726235741,0.11406844106463879,0.0,0.0,0.26996197718631176
LA-KAIE-NoAdaptiveController,2,1,23.990877993158495,0.18407794676806083,0.34005401456563383,0.9687662675689744,0.0,,-0.12172053231939163,3.5611607003563556e-11,20,0.38465574187395657,0.0,0.0,0.6347908745247148,0.0,0.3538022813688213,0.0,0.0,0.011406844106463879
LA-KAIE-NoAdaptiveController,2,2,23.990877993158495,0.029253802281368823,0.5020413086351386,0.25059326056003794,0.045627376425855515,-0.08784151034151035,-0.04782951527224436,3.3062640533114565e-09,20,0.3760637676359136,0.0,0.0,0.5600760456273765,0.03935361216730038,0.10038022813688213,0.0,0.0,0.30019011406844104
LA-KAIE-NoAdaptiveController,2,3,23.990877993158495,0.1808222433460076,0.33956992248618617,0.9686192468619247,0.0,,-0.13181242078580482,7.59847181087138e-12,20,0.3833832447647544,0.0,0.0,0.6365019011406844,0.0,0.3520912547528517,0.0,0.0,0.011406844106463879
LA-KAIE-NoAdaptiveController,2,4,23.990877993158495,0.1962690114068441,0.3273541928811643,0.9840085287846482,0.0,,-0.11475760456273765,3.454353461726389e-10,20,0.38495471103670276,0.0,0.0,0.6433460076045627,0.0,0.35095057034220534,0.0,0.0,0.005703422053231939
LA-KAIE-NoAdaptiveController,2,5,23.990877993158495,0.18780893536121673,0.35773599028474673,0.9772850189291509,0.011406844106463879,0.19652777777777777,-0.13127403846153846,1.4930694533452988e-11,20,0.38381295457767023,0.0,0.0,0.6370722433460076,0.011406844106463879,0.3435361216730038,0.0,0.0,0.007984790874524715
LA-KAIE-NoAdaptiveController,3,1,23.990877993158495,0.22402566539923954,0.3762938205645395,1.0,0.022813688212927757,0.2730902777777777,-0.06923232814526588,9.640469022473797e-21,20,0.369538951236748,0.0,0.0,0.48136882129277564,0.02167300380228137,0.496958174904943,0.0,0.0,0.0
LA-KAIE-NoAdaptiveController,3,2,23.990877993158495,0.22825570342205323,0.4866966078203365,0.6517719568567026,0.0,,-0.054725126742712286,2.722407212337038e-07,20,0.3576980906017678,0.0,0.0,0.5064638783269962,0.0,0.32167300380228137,0.0,0.0,0.17186311787072242
LA-KAIE-NoAdaptiveController,3,3,23.990877993158495,0.22965779467680608,0.3933529279704835,1.0,0.034220532319391636,0.005023148148148149,-0.05265748031496063,3.2077697326854433e-20,20,0.36789644334062693,0.0,0.0,0.46596958174904946,0.034220532319391636,0.49980988593155895,0.0,0.0,0.0
LA-KAIE-NoAdaptiveController,3,4,23.990877993158495,0.2237880228136882,0.39595922219782714,0.9291044776119403,0.0,,-0.03702471482889734,3.5277348701308797e-19,20,0.3677048870368522,0.0,0.0,0.49049429657794674,0.0,0.47338403041825095,0.0,0.0,0.03612167300380228
LA-KAIE-NoAdaptiveController,3,5,23.990877993158495,0.2118583650190114,0.37658117893920834,1.0,0.022813688212927757,0.5291666666666667,-0.04319876783398185,6.272712926988794e-10,20,0.3744252402124745,0.0,0.0,0.45,0.022813688212927757,0.5271863117870722,0.0,0.0,0.0
LA-KAIE-NoAdaptiveController,4,1,23.990877993158495,0.012547528517110267,0.4453556547853723,0.7240909090909091,0.0,,-0.03184410646387833,1.929995411818283e-21,20,0.3832849065244632,0.0,0.0,0.5817490494296578,0.0,0.30285171102661596,0.0,0.0,0.11539923954372623
LA-KAIE-NoAdaptiveController,4,2,23.990877993158495,0.012214828897338404,0.5121297294834142,0.6279367791542076,0.022813688212927757,0.010322420634920632,-0.03428988326848249,0.0250000009976497,20,0.3850240567911011,0.0,0.0,0.535551330798479,0.019391634980988594,0.279467680608365,0.0,0.0,0.1655893536121673
LA-KAIE-NoAdaptiveController,4,3,23.990877993158495,0.014472433460076045,0.4818283862792749,0.7551299589603283,0.0,,-0.03873574144486692,2.153720069349067e-11,20,0.38216961984078335,0.0,0.0,0.3051330798479088,0.0,0.5247148288973384,0.0,0.0,0.17015209125475286
LA-KAIE-NoAdaptiveController,4,4,23.990877993158495,0.014995247148288973,0.5010609328880621,0.7932503276539974,0.022813688212927757,-0.03682539682539683,-0.0383511673151751,4.545418635049262e-12,20,0.38878017948170523,0.0,0.0,0.4043726235741445,0.015399239543726236,0.46026615969581747,0.0,0.0,0.11996197718631178
LA-KAIE-NoAdaptiveController,4,5,23.990877993158495,0.014092205323193916,0.5332446262779169,0.6341565508580996,0.057034220532319393,0.06721031746031746,-0.09241011424731183,2.111948413866439e-10,20,0.38308881538755885,0.0,0.0,0.5138783269961977,0.03193916349809886,0.2880228136882129,0.0,0.0,0.1661596958174905
LA-KAIE-NoAdaptiveController,5,1,23.990877993158495,0.194462927756654,0.3396846088294481,0.9860400186133085,0.0,,-0.06902328897338403,1.8556823367698784e-12,20,0.37900103548874997,0.0,0.0,0.5914448669201521,0.0,0.402851711026616,0.0,0.0,0.005703422053231939
LA-KAIE-NoAdaptiveController,5,2,23.990877993158495,0.11238117870722433,0.4263542056720976,0.1968463886063072,0.022813688212927757,0.24378472222222222,-0.1056955252918288,0.00019531453735827713,20,0.36806306610124545,0.0,0.0,0.6188212927756654,0.007414448669201521,0.07357414448669201,0.0,0.0,0.30019011406844104
LA-KAIE-NoAdaptiveController,5,3,23.990877993158495,0.06848859315589353,0.43616755232500654,0.26474752241623406,0.0,,-0.05978295310519645,2.2485926386451907e-08,20,0.3693084703780501,0.0,0.0,0.597148288973384,0.0,0.10665399239543727,0.0,0.0,0.2961977186311787
LA-KAIE-NoAdaptiveController,5,4,23.990877993158495,0.13488593155893536,0.4868214849756643,0.5872186495176849,0.0,,-0.11930053865652726,5.675376777955369e-08,20,0.37476323027338715,0.0,0.0,0.5269961977186312,0.0,0.27775665399239546,0.0,0.0,0.19524714828897338
LA-KAIE-NoAdaptiveController,5,5,23.990877993158495,0.18395912547528517,0.3287126142722972,1.0,0.0,,-0.03932192648922687,2.1396240064595932e-13,20,0.38147259285639895,0.0,0.0,0.5692015209125475,0.0,0.43079847908745245,0.0,0.0,0.0
LA-KAIE-NoAdaptiveController,6,1,23.990877993158495,0.023336501901140685,0.5247308701814944,0.563679952052742,0.0,,-0.04534220532319392,0.0004171767017559962,20,0.37534347394337053,0.0,0.0,0.3655893536121673,0.0,0.3576045627376426,0.0,0.0,0.2768060836501901
LA-KAIE-NoAdaptiveController,6,2,23.990877993158495,0.025570342205323195,0.5167081031628532,0.4699527346387576,0.0,,-0.030196451204055768,0.0015686035329687327,20,0.37370719993743473,0.0,0.0,0.43688212927756653,0.0,0.264638783269962,0.0,0.0,0.2984790874524715
LA-KAIE-NoAdaptiveController,6,3,23.990877993158495,0.029111216730038022,0.5478725674285996,0.5829506314580941,0.011406844106463879,0.6729166666666667,-0.07159455128205128,1.186179838674514e-05,20,0.37679696269365465,0.0,0.0,0.32623574144486694,0.011406844106463879,0.3861216730038023,0.0,0.0,0.2762357414448669
LA-KAIE-NoAdaptiveController,6,4,23.990877993158495,0.02262357414448669,0.4883691139191912,0.746682394573872,0.011406844106463879,-0.008819444444444439,-0.08007211538461538,9.140600236481878e-05,20,0.3836668007061095,0.0,0.0,0.3553231939163498,0.0,0.48136882129277564,0.0,0.0,0.16330798479087452
LA-KAIE-NoAdaptiveController,6,5,23.990877993158495,0.021815589353612167,0.5169692263580201,0.6298574224210232,0.0,,-0.03286596958174905,0.0008057124502190413,20,0.3757691157882138,0.0,0.0,0.3199619771863118,0.0,0.42832699619771863,0.0,0.0,0.25171102661596956
LA-KAIE-NoAdaptiveController,7,1,23.990877993158495,0.04912072243346008,0.5014743301588493,0.6959273527793065,0.0,,-0.12470690747782001,0.0009285707816642869,20,0.36647971149772546,0.0,0.0,0.3091254752851711,0.0,0.4807984790874525,0.0,0.0,0.21007604562737642
LA-KAIE-NoAdaptiveController,7,2,23.990877993158495,0.11162072243346008,0.5080811104893634,0.5441680960548885,0.045627376425855515,0.38690972222222225,-0.07161354581673307,0.050410910575865164,19,0.3585030149037952,0.0,0.0,0.5429657794676807,0.013688212927756654,0.24125475285171102,0.0,0.0,0.20209125475285172
LA-KAIE-NoAdaptiveController,7,3,23.990877993158495,0.09306083650190114,0.5016158251004209,0.49585843373493976,0.0,,-0.05246752217997464,0.029980722086842798,20,0.3582506362844423,0.0,0.0,0.4950570342205323,0.0,0.25038022813688215,0.0,0.0,0.2545627376425855
LA-KAIE-NoAdaptiveController,7,4,23.990877993158495,0.05425380228136882,0.5538339729742036,0.6099890829694323,0.06844106463878327,0.09924768518518517,-0.10064625850340135,6.1083590720936476e-06,20,0.35734586794242235,0.0,0.0,0.28403041825095054,0.019391634980988594,0.42490494296577946,0.0,0.0,0.2716730038022814
LA-KAIE-NoAdaptiveController,7,5,23.990877993158495,0.04429657794676806,0.4792999169146901,0.7621266100301453,0.011406844106463879,-0.034861111111111114,-0.1628878205128205,2.6888949491140637e-05,20,0.3692029061306112,0.0,0.0,0.3062737642585551,0.0,0.5287072243346007,0.0,0.0,0.1650190114068441
LA-KAIE-NoAdaptiveController,8,1,23.990877993158495,0.03186787072243346,0.5253618231917236,0.5513708948478457,0.0,,-0.04472433460076045,3.75485598245631e-10,20,0.3518300061493837,0.0,0.0,0.36901140684410644,0.0,0.34790874524714827,0.0,0.0,0.28307984790874524
LA-KAIE-NoAdaptiveController,8,2,23.990877993158495,0.03657319391634981,0.4666104494671658,0.7677435766980412,0.0,,-0.11646863117870722,0.027638857829206054,20,0.3620166237448531,0.0,0.0,0.2526615969581749,0.0,0.5737642585551331,0.0,0.0,0.173574144486692
LA-KAIE-NoAdaptiveController,8,3,23.990877993158495,0.03621673003802282,0.5065987475254141,0.6799438990182328,0.034220532319391636,0.18762400793650794,-0.07905921916010498,0.027737797472916242,20,0.35959703446646596,0.0,0.0,0.32224334600760457,0.0,0.46083650190114067,0.0,0.0,0.21692015209125476
LA-KAIE-NoAdaptiveController,8,4,23.990877993158495,0.03802281368821293,0.4914366717870252,0.6568816169393648,0.0,,-0.05468155893536122,3.821051111268463e-07,20,0.3566606662918864,0.0,0.0,0.20988593155893537,0.0,0.5190114068441065,0.0,0.0,0.27110266159695817
LA-KAIE-NoAdaptiveController,8,5,23.990877993158495,0.03374524714828897,0.4994209381405747,0.6855575868372943,0.0,,-0.061137515842839045,5.715195107010235e-06,20,0.35655476329374247,0.0,0.0,0.2720532319391635,0.0,0.4990494296577947,0.0,0.0,0.22889733840304183
LA-KAIE-NoAdaptiveController,9,1,23.990877993158495,0.11694391634980988,0.3797974168477807,1.0,0.034220532319391636,0.18061011904761903,-0.23560531496062992,0.003882304535586962,20,0.3840313571360669,0.0,0.0,0.3655893536121673,0.034220532319391636,0.600190114068441,0.0,0.0,0.0
LA-KAIE-NoAdaptiveController,9,2,23.990877993158495,0.10836501901140684,0.3385275386012187,1.0,0.011406844106463879,-0.4453422619047619,-0.26436298076923076,0.0021473326735696728,20,0.38040445265199063,0.0,0.0,0.34847908745247147,0.011406844106463879,0.6401140684410647,0.0,0.0,0.0
LA-KAIE-NoAdaptiveController,9,3,23.990877993158495,0.1092680608365019,0.3452016330006538,1.0,0.011406844106463879,0.18229166666666666,-0.2812975618131868,0.030602112337621872,19,0.38197228696936664,0.0,0.0,0.373574144486692,0.011406844106463879,0.6150190114068441,0.0,0.0,0.0
LA-KAIE-NoAdaptiveController,9,4,23.990877993158495,0.11556558935361216,0.3889696884500381,1.0,0.045627376425855515,-0.10239583333333331,-0.31213894422310756,0.12437307213219562,19,0.3810088638231152,0.0,0.0,0.34847908745247147,0.04448669201520913,0.6070342205323194,0.0,0.0,0.0
LA-KAIE-NoAdaptiveController,9,5,23.990877993158495,0.11447243346007605,0.32479941538307205,1.0,0.0,,-0.1908745247148289,0.05001048513486763,19,0.38022946708936234,0.0,0.0,0.40608365019011405,0.0,0.593916349809886,0.0,0.0,0.0
LA-KAIE-NoAdaptiveController,10,1,23.990877993158495,0.03310361216730038,0.2975669061863925,0.9297356828193832,0.1596958174904943,-0.2944471087774659,-0.09681359082094376,0.0750318931661039,19,0.38582833589874826,0.0,0.0,0.13688212927756654,0.0,0.8024714828897338,0.0,0.0,0.06064638783269962
LA-KAIE-NoAdaptiveController,10,2,23.990877993158495,0.03163022813688213,0.4646859922004375,0.8088694565896315,0.0,,-0.01718948035487959,2.2853716787532633e-26,20,0.3763549840216209,0.0,0.0,0.391254752851711,0.0,0.4923954372623574,0.0,0.0,0.11634980988593156
LA-KAIE-NoAdaptiveController,10,3,23.990877993158495,0.03773764258555133,0.23363928376944895,0.9616695059625213,0.1596958174904943,-0.157158189033189,-0.06381975867269984,0.012618997318992131,20,0.38276943619476844,0.0,0.0,0.10722433460076046,0.0,0.8585551330798479,0.0,0.0,0.034220532319391636
LA-KAIE-NoAdaptiveController,10,4,23.990877993158495,0.009434410646387833,0.30980551289944164,0.9351179673321234,0.09125475285171103,-0.2531626157407407,-0.10823657601115759,0.12026727529020927,19,0.38518315990284274,0.0,0.0,0.16197718631178706,0.0,0.7836501901140684,0.0,0.0,0.054372623574144484
LA-KAIE-NoAdaptiveController,10,5,23.990877993158495,0.021411596958174905,0.23559142846900144,0.9489219175214569,0.09125475285171103,-0.24873408564814817,-0.10230125523012552,0.07409070198390302,19,0.38328360763494324,0.0,0.0,0.09182509505703422,0.0,0.861787072243346,0.0,0.0,0.04638783269961977
LA-KAIE-NoAdaptiveController,11,1,23.990877993158495,0.2230750950570342,0.32958368198387833,1.0,0.0,,-0.03362642585551331,9.966748841282152e-18,20,0.3601040304750826,0.0,0.0,0.5623574144486692,0.0,0.4376425855513308,0.0,0.0,0.0
LA-KAIE-NoAdaptiveController,11,2,23.990877993158495,0.2518536121673004,0.3322679428407652,1.0,0.0,,-0.00971958174904943,1.0744653090473845e-18,20,0.35831508144427415,0.0,0.0,0.5332699619771863,0.0,0.4667300380228137,0.0,0.0,0.0
LA-KAIE-NoAdaptiveController,11,3,23.990877993158495,0.23457699619771863,0.3473388973596916,0.9878836833602584,0.0,,-0.006154942965779468,3.433111696737457e-21,20,0.35644783473313585,0.0,0.0,0.529277566539924,0.0,0.4650190114068441,0.0,0.0,0.005703422053231939
LA-KAIE-NoAdaptiveController,11,4,23.990877993158495,0.24458174904942967,0.35875429548837706,1.0,0.011406844106463879,0.23229166666666667,-0.029759615384615384,1.5616710998329144e-17,20,0.357410669990383,0.0,0.0,0.5224334600760456,0.011406844106463879,0.4661596958174905,0.0,0.0,0.0
LA-KAIE-NoAdaptiveController,11,5,23.990877993158495,0.23783269961977185,0.3552290115785906,1.0,0.011406844106463879,0.5770833333333333,-0.05816105769230769,2.9489727193376945e-17,20,0.3562825056447813,0.0,0.0,0.5606463878326996,0.011406844106463879,0.4279467680608365,0.0,0.0,0.0
LA-KAIE-NoAdaptiveController,12,1,23.990877993158495,0.09954847908745247,0.47154756876899606,0.4102787456445993,0.0,,-0.07633079847908746,1.86262843997316e-15,20,0.34886189563149006,0.0,0.0,0.5634980988593156,0.0,0.1790874524714829,0.0,0.0,0.25741444866920155
LA-KAIE-NoAdaptiveController,12,2,23.990877993158495,0.09375,0.2833355290582103,1.0,0.0,,-0.041730038022813686,2.1730366454732655e-21,20,0.36781041110062956,0.0,0.0,0.27604562737642585,0.0,0.7239543726235741,0.0,0.0,0.0
LA-KAIE-NoAdaptiveController,12,3,23.990877993158495,0.1283745247148289,0.3330261058939555,1.0,0.0,,-0.18759901774397972,7.24437771376897e-09,20,0.3681180782255595,0.0,0.0,0.5178707224334601,0.0,0.48212927756653995,0.0,0.0,0.0
LA-KAIE-NoAdaptiveController,12,4,23.990877993158495,0.055750950570342205,0.48806118477967186,0.7159516867971678,0.011406844106463879,0.01041666666666667,-0.097239010989011,1.863577674678019e-09,20,0.36308629681958143,0.0,0.0,0.5326996197718631,0.010836501901140685,0.3268060836501901,0.0,0.0,0.12965779467680608
LA-KAIE-NoAdaptiveController,12,5,23.990877993158495,0.03692965779467681,0.6150050252764855,0.5642324888226528,0.1596958174904943,0.03378472222222222,-0.2365101809954751,3.80471218732802e-09,20,0.3578859615678438,0.0,0.0,0.28517110266159695,0.07699619771863118,0.35988593155893533,0.0,0.0,0.2779467680608365
LA-KAIE-NoInteraction,1,1,1.2120938628158844,0.6489203276247207,0.5451729811091813,0.2862903225806452,0.154132539091586,-0.6986540724137518,0.9310469845004176,0.9451490652693156,5,0.46463969876417965,0.45206038351693184,0.4459404324765402,0.017543859649122806,0.017135862913096694,0.014483884128926969,0.021623827009383926,0.016727866177070585,0.014483884128926969
LA-KAIE-NoInteraction,1,2,1.2586907449209932,0.6126255380200861,0.5682406521944623,0.22012578616352202,0.18902439024390244,-0.7143692607404287,0.9492906736334011,0.9647562051656383,5,0.468723959636595,0.4427343593843694,0.4393363981611033,0.012592444533280032,0.022786328203078153,0.013991605036977814,0.025184889066560065,0.01898860683589846,0.02438536877873276
LA-KAIE-NoInteraction,1,3,1.217057761732852,0.6310715609936967,0.5447941705189417,0.3112033195020747,0.15832406377456434,-0.7003713994654316,0.9415876424098102,0.9670727037584269,5,0.46859079051314384,0.45104823936495014,0.44718094850396906,0.014858538571137798,0.02035416242621616,0.015265621819662121,0.019743537553429676,0.0175045796865459,0.014044372074089151
LA-KAIE-NoInteraction,1,4,1.253273137697517,0.6639048991354467,0.5691476924696901,0.26732673267326734,0.18011527377521613,-0.6982255008329575,0.92854662532969,0.9399404895906253,5,0.4692626950310638,0.4437988379082348,0.4379883790823482,0.018032458425165297,0.02003606491685033,0.01622921258264877,0.015427769985974754,0.01943498296934482,0.02905229412943298
LA-KAIE-NoInteraction,1,5,1.2057761732851986,0.6691616766467066,0.545099814633218,0.30697674418604654,0.15793413173652696,-0.696880524839319,0.9367183094430361,0.9503335975995085,5,0.46324981750521166,0.4533551554828151,0.44435351882160395,0.015957446808510637,0.020867430441898527,0.013502454991816694,0.01800327332242226,0.021481178396072012,0.012479541734860884
LA-KAIE-NoInteraction,2,1,1.4142921754862052,0.3559322033898305,0.6358691832554177,0.15423728813559323,0.2583946274384394,-0.7273345528339065,0.8890127269938067,0.9526450410140411,5,0.4731983130287282,0.4138706654170572,0.4080599812558575,0.02661668228678538,0.022305529522024366,0.017057169634489222,0.017432052483598876,0.018556701030927835,0.07610121836925961
LA-KAIE-NoInteraction,2,2,1.5326086956521738,0.49379432624113473,0.6842015794656259,0.17695473251028807,0.30998817966903075,-0.7067199389210466,0.8667504663100429,0.9681940249507541,4,0.47589863167659413,0.3948497854077253,0.38698140200286124,0.0305793991416309,0.035050071530758224,0.023068669527896997,0.021280400572246064,0.022174535050071532,0.08601573676680972
LA-KAIE-NoInteraction,2,3,1.5790666062528318,0.4387374461979914,0.6835031851329135,0.10421545667447307,0.34519368723099,-0.7212657929816616,0.915146307686331,0.9468579616377152,5,0.47805677686525816,0.38665962689193945,0.38278775079197463,0.01883139739528335,0.03467089053150299,0.01566349876803942,0.02393523407250968,0.026751143963393172,0.11070045758535726
LA-KAIE-NoInteraction,2,4,1.6228467815049863,0.4111731843575419,0.6754739844235096,0.10331384015594541,0.3642458100558659,-0.7216250777952599,0.9226353661269103,0.9519676364317651,5,0.4674984037179361,0.3800865800865801,0.3774891774891775,0.016623376623376623,0.019393939393939394,0.018354978354978357,0.01818181818181818,0.028744588744588746,0.14112554112554113
LA-KAIE-NoInteraction,2,5,1.6634920634920636,0.6840239912758996,0.6860291270518248,0.07713248638838476,0.3544165757906216,-0.734098846465669,0.8535651524308985,0.9619472101781282,5,0.47864555865221964,0.37384772960054624,0.3717992488904063,0.032434277910549675,0.0201433936497098,0.014510071696824854,0.028166609764424717,0.013656538067599864,0.14544213041993856
LA-KAIE-NoInteraction,3,1,1.7861035422343323,0.6623442664632596,0.7158837443908275,0.08862876254180602,0.4106280193236715,-0.7337424016123615,0.8860706990684659,0.9657067589903587,5,0.43983999402241997,0.35724791632619707,0.35512338617421146,0.023696682464454975,0.05344010459225364,0.01732309200849812,0.02238927929400229,0.015035136460205916,0.1557444026801765
LA-KAIE-NoInteraction,3,2,1.7426236949614162,0.6871581140922115,0.723490009047622,0.17857142857142858,0.39411305027350874,-0.7215279125762157,0.8769135206181776,0.9372073470649542,4,0.42979335270268687,0.3640881232400199,0.35928441278780854,0.026006294517144278,0.04058307106178566,0.03395726354149412,0.02070564850091105,0.019877422560874606,0.1354977637899619
LA-KAIE-NoInteraction,3,3,1.7870118074477748,0.6592121982210928,0.7176521905114469,0.12392829306313329,0.4155019059720457,-0.7192521630922429,0.8998520582845219,0.9596032430109294,5,0.4389115660291147,0.35828440965427266,0.3546966731898239,0.020384866275277233,0.03587736464448793,0.02592954990215264,0.023320287018917155,0.021526418786692758,0.15998043052837574
LA-KAIE-NoInteraction,3,4,1.8695454545454546,0.6593727206418672,0.7460141048661652,0.09860383944153578,0.41429613420860684,-0.7132691108003958,0.8224561323836274,0.9463628307405116,5,0.42472316714973746,0.3460009540467483,0.34552393067260295,0.03752583876609954,0.07075846716489108,0.01796788042614088,0.02226109079344888,0.01796788042614088,0.1419939577039275
LA-KAIE-NoInteraction,3,5,1.7453472537448933,0.6845253576072822,0.7061262298888336,0.08813559322033898,0.39791937581274384,-0.7357334256693915,0.8911605202699383,0.9501067806951354,5,0.43319185468850646,0.36341059602649006,0.36009933774834435,0.023178807947019868,0.03824503311258278,0.017218543046357615,0.021688741721854303,0.01970198675496689,0.1564569536423841
LA-KAIE-NoInteraction,4,1,1.706442831215971,0.3148098909864398,0.7142155159513127,0.11734164070612668,0.38500398830098376,-0.7168573884607151,0.8952748890383905,0.9670901937334003,5,0.4677354358058342,0.3682177053586427,0.3663698975306568,0.022173693935830675,0.06786494204602721,0.018982025869309593,0.02805308247942214,0.013606584915168822,0.11473206786494204
LA-KAIE-NoInteraction,4,2,1.4902670891806247,0.30558930741190765,0.6497508168072912,0.11390887290167866,0.3143985419198056,-0.7316605911794765,0.9222331229017128,0.9468870687063259,5,0.4690856003072258,0.40036429872495444,0.39380692167577414,0.017304189435336976,0.019307832422586522,0.017304189435336976,0.022586520947176687,0.017304189435336976,0.11202185792349727
LA-KAIE-NoInteraction,4,3,1.6246600181323663,0.30887276785714285,0.67909875500294,0.11840796019900497,0.34793526785714285,-0.7387549140345224,0.8800671764460521,0.9384657601964029,5,0.4681416509782061,0.3807878369039392,0.37733241188666206,0.026434001382170006,0.026952315134761574,0.020559778852798895,0.01710435383552177,0.014858327574291638,0.13597097442985487
LA-KAIE-NoInteraction,4,4,1.9081400636653023,0.2974261201143947,0.733294400792216,0.12995896032831739,0.45924690181124883,-0.7123303372751196,0.9173129719237597,0.9647669361283093,5,0.4656283460736941,0.34097691220354953,0.34019161300455475,0.01617716349929323,0.05182974713365792,0.029841369561803048,0.019004240615674572,0.02120307837286006,0.1807758756086069
LA-KAIE-NoInteraction,4,5,1.6187669990933817,0.2931951834220106,0.6884102833629786,0.15975103734439833,0.3581629795575469,-0.7198306464828846,0.9035678568953129,0.958856968989507,5,0.4827821665052127,0.38185909641682536,0.3758005885407651,0.020945127228665397,0.03375454388090705,0.026657434654665052,0.015232819802665743,0.020772027003635105,0.12497836247187122
LA-KAIE-NoInteraction,5,1,1.3743218806509945,0.7440789473684211,0.6143239269978141,0.19773095623987033,0.2536184210526316,-0.7408119830755686,0.9287205535007966,0.964277106142698,5,0.46583848901911,0.42095238095238097,0.41523809523809524,0.01695238095238095,0.015428571428571429,0.023238095238095238,0.017523809523809525,0.013904761904761904,0.07676190476190477
LA-KAIE-NoInteraction,5,2,1.4115784712799637,0.743671900032041,0.6346956613626666,0.1140625,0.2826017302146748,-0.718659157004357,0.944993687915904,0.9564336019333712,4,0.4647671573586947,0.4140067592940293,0.40762298159969956,0.012767555388659407,0.03022906496432595,0.013706346226060834,0.033796470146451374,0.015208411565903118,0.07266241081487045
LA-KAIE-NoInteraction,5,3,1.537590579710145,0.7039764359351989,0.6555876062618595,0.09201773835920177,0.317820324005891,-0.733455028902496,0.8894780505551683,0.9505758906590968,5,0.46029313288599766,0.3936417217360243,0.3884622253973924,0.025183068405072333,0.01821753884622254,0.014824075727808536,0.021968208608680123,0.01339524915163422,0.12430791212716556
LA-KAIE-NoInteraction,5,4,1.6580498866213151,0.661925601750547,0.6789926786132912,0.07837837837837838,0.38402625820568925,-0.7358023506471411,0.9309304368914685,0.9739453937901033,5,0.465355616087593,0.37578965340618065,0.3698138978999488,0.014683284958169712,0.01724432303226908,0.014854020829776335,0.021171248079221446,0.032952023220078536,0.15349154857435549
LA-KAIE-NoInteraction,5,5,1.3716094032549728,0.7508239947264338,0.6265726485235821,0.18181818181818182,0.25411997363216876,-0.7260482161296451,0.9282371687879512,0.9295613421131504,5,0.46560598434493056,0.42143401983218914,0.41456903127383676,0.016971777269260108,0.02116704805491991,0.018688024408848206,0.02784134248665141,0.023073989321128908,0.05625476735316552
LA-KAIE-NoInteraction,6,1,1.2120938628158844,0.8279970215934475,0.5447896721825776,0.3231939163498099,0.15897244973938943,-0.7092240083047345,0.940426788895568,0.9643187422293261,5,0.4741124664372066,0.45206038351693184,0.4459404324765402,0.014891880864953081,0.020195838433292534,0.01733986128110975,0.014279885760913913,0.013259893920848633,0.022031823745410038
LA-KAIE-NoInteraction,6,2,1.251918735891648,0.8128380815001803,0.5672021193699669,0.2692307692307692,0.18283447529751173,-0.7097891391685547,0.9329458923363949,0.9667577819897547,5,0.479783540617822,0.44395428113094043,0.4377381191096852,0.01664327250852216,0.02867455383998396,0.015440144375375978,0.011830759975937436,0.015640665730900342,0.0300782033286545
LA-KAIE-NoInteraction,6,3,1.2523702031602708,0.8006488824801731,0.5696907143087946,0.37910447761194027,0.1802451333813987,-0.7012633683256992,0.9280149134099249,0.9405134087784326,5,0.4792530941588249,0.4439767488474644,0.4377630787733013,0.01803968731208659,0.01723792343154941,0.025456003207055523,0.023652034475846864,0.01583483664060934,0.01803968731208659
LA-KAIE-NoInteraction,6,4,1.3258020786262992,0.7706203135650989,0.6014082821112474,0.13846153846153847,0.24062713019768234,-0.7113504167007697,0.947201724846769,0.9638838309674659,5,0.4725260459134348,0.4295158467820338,0.420766089830838,0.012444098775034027,0.030721368850865252,0.01224965973167412,0.015944001555512347,0.01808283103247132,0.06027610344157107
LA-KAIE-NoInteraction,6,5,1.211191335740072,0.8222801788375559,0.5451350126441136,0.31985294117647056,0.1583457526080477,-0.7089524009613554,0.9393928210649833,0.9559728491391108,5,0.4722668293896824,0.45224489795918366,0.44571428571428573,0.015306122448979591,0.013673469387755101,0.017755102040816328,0.022040816326530613,0.017551020408163264,0.015714285714285715
LA-KAIE-NoInteraction,7,1,1.4966047985513806,0.721415607985481,0.6624181452434316,0.13154533844189017,0.3045977011494253,-0.7320880360557198,0.9022998811304549,0.9692137330193553,5,0.41407633347040085,0.4001088731627654,0.3948466702957721,0.02231899836690256,0.023589185265831973,0.018689892941389948,0.030303030303030304,0.017056795499909273,0.09308655416439847
LA-KAIE-NoInteraction,7,2,1.4979628791308284,0.7280145058930191,0.6571530427396189,0.14248366013071895,0.3076458144454518,-0.7304572091789878,0.9104526099381666,0.9209269532845858,5,0.4126269247743343,0.4,0.39510426110607433,0.020308250226654577,0.027198549410698096,0.019764279238440617,0.01813236627379873,0.018676337262012694,0.10081595648232095
LA-KAIE-NoInteraction,7,3,1.417005879692447,0.7459304181295883,0.6365327776291592,0.18413173652694612,0.27481646983721675,-0.7201770597384236,0.9292429146878384,0.9408285229485314,5,0.4091196510520983,0.41362530413625304,0.4085719633164889,0.016657308628111548,0.019464720194647202,0.023020774845592364,0.02807411566535654,0.016657308628111548,0.0739285045854389
LA-KAIE-NoInteraction,7,4,1.4561085972850678,0.735550031075202,0.6523211848037561,0.1846590909090909,0.281230577998757,-0.7101520245725803,0.8933830742326109,0.9402945608656269,5,0.41272863995962866,0.4071481208548268,0.4012527634487841,0.024871039056742816,0.019344141488577746,0.023949889462048637,0.024871039056742816,0.017686072218128224,0.08087693441414885
LA-KAIE-NoInteraction,7,5,1.626926563916591,0.7049317358595709,0.6904922033110058,0.1466535433070866,0.35358038450821955,-0.722962893941369,0.8965584091805981,0.9541382617168574,5,0.41253967093366345,0.3802452080815058,0.3780003453634951,0.02262130892764635,0.024520808150578485,0.02572958038335348,0.026247625625971334,0.019167673976860644,0.12346744949058884
LA-KAIE-NoInteraction,8,1,1.3752260397830018,0.5433925049309665,0.6254670087791815,0.2293144208037825,0.252465483234714,-0.6874745717865887,0.9263670487017364,0.9397283826264371,4,0.4002949268301302,0.42068177490001907,0.41553989716244527,0.01752047229099219,0.04894305846505428,0.018472671872024376,0.01885355170443725,0.016758712626166444,0.04322986097886117
LA-KAIE-NoInteraction,8,2,1.2483069977426637,0.8159132007233273,0.5682559629971277,0.3345070422535211,0.18047016274864375,-0.7076738224463783,0.9270510660566824,0.9614994278432197,5,0.39226767639207516,0.44477911646586343,0.4367469879518072,0.01827309236947791,0.030120481927710843,0.019076305220883535,0.01325301204819277,0.013052208835341365,0.02469879518072289
LA-KAIE-NoInteraction,8,3,1.2926829268292683,0.7917540181691125,0.5891369787361164,0.32195121951219513,0.21628232005590498,-0.7100799488112346,0.9498789380774596,0.9456039047412078,4,0.3982485224917246,0.43617021276595747,0.429866036249015,0.012017336485421592,0.0256107171000788,0.026004728132387706,0.01773049645390071,0.015563435776201734,0.037037037037037035
LA-KAIE-NoInteraction,8,4,1.7023593466424682,0.6593816631130064,0.7063360368838011,0.08587257617728532,0.39019189765458423,-0.73291750326831,0.9082114445270786,0.9560937209585008,6,0.4211706856657067,0.36813742000673627,0.36577972381273155,0.01953519703603907,0.04395419333108791,0.015661839003031322,0.02846076119905692,0.020208824520040417,0.13826204109127652
LA-KAIE-NoInteraction,8,5,1.5389492753623188,0.6856974690994703,0.6698403678000493,0.1607565011820331,0.3145968216597999,-0.7187130540820115,0.8824518932994883,0.9576957721439809,5,0.3946080625735322,0.39332262096054277,0.38885913229780394,0.02695947152294233,0.023388680592751294,0.024281378325299054,0.01910373147652205,0.01642563827887877,0.10765934654525977
LA-KAIE-NoInteraction,9,1,1.5303442028985508,0.3305711749038177,0.6584568468754234,0.12705366922234393,0.3305711749038177,-0.7344700745326039,0.9173851732821423,0.9533923515032978,6,0.43887268816683744,0.39476983700519436,0.38670965430771986,0.0184488626186638,0.018986208131828768,0.020777359842378648,0.01934443847393874,0.01755328676338886,0.12341035285688698
LA-KAIE-NoInteraction,9,2,1.3765822784810127,0.3333333333333333,0.6211187911339416,0.15555555555555556,0.2541871921182266,-0.7078958559417652,0.9309348983874756,0.9611373416845798,5,0.4407883608877177,0.4207723035952064,0.4156362944645235,0.01635914019402701,0.01959292372075328,0.015978695073235686,0.02092448164352292,0.024919155411831845,0.06581700589689937
LA-KAIE-NoInteraction,9,3,1.4970574920778632,0.30329603870577565,0.6662692038454181,0.15625,0.2884789839733898,-0.7320311227449138,0.8646258713525732,0.9461891758877246,5,0.43794284471504896,0.39960058097313,0.39524328249818447,0.03195352214960058,0.01870007262164125,0.020878721859114015,0.02523602033405955,0.020878721859114015,0.08750907770515613
LA-KAIE-NoInteraction,9,4,1.3698010849909583,0.3287128712871287,0.6282642246085585,0.4100346020761246,0.2580858085808581,-0.7176738659787726,0.9364567525950518,0.949016656138786,5,0.44127029316168986,0.4215349369988545,0.4142802596410844,0.014891179839633447,0.019473081328751432,0.04524627720504009,0.024818633066055747,0.019473081328751432,0.04028255059182894
LA-KAIE-NoInteraction,9,5,1.53125,0.2987281869269447,0.6635688258906846,0.17555555555555555,0.3268263827270039,-0.7268699891474653,0.9074862899793154,0.9691115345168665,5,0.44165287695060007,0.3950617283950617,0.3866523528359277,0.0205761316872428,0.018965825729110753,0.028269815709429234,0.016639828234031134,0.017713365539452495,0.11612095186974414
LA-KAIE-NoInteraction,10,1,1.3725135623869802,0.45322793148880103,0.6317645708494429,0.4094650205761317,0.24703557312252963,-0.6925257390649683,0.9127865848409306,0.9370131713861009,5,0.4435548645777516,0.421163012392755,0.41487130600571975,0.020972354623450904,0.033174451858913254,0.03794089609151573,0.02440419447092469,0.017159199237368923,0.030314585319351765
LA-KAIE-NoInteraction,10,2,1.2510158013544017,0.3821725009022014,0.5695669024617315,0.2893772893772894,0.1775532298809094,-0.6934889381433327,0.9219562296580878,0.9690289935976175,5,0.43772367270586837,0.4442438828720417,0.43742478941034896,0.01965503409546731,0.01684717208182912,0.015844364219815485,0.022462896109105495,0.02707581227436823,0.016446048937023665
LA-KAIE-NoInteraction,10,3,2.197080291970803,0.4730066445182724,0.7973060876167245,0.20103092783505155,0.5012458471760798,-0.7085192573808866,0.8139550170441362,0.956106509681559,5,0.445392205678103,0.3094350444508173,0.30914826498422715,0.03527387439059363,0.1056782334384858,0.044737596788069975,0.018067106395182105,0.01792371666188701,0.15973616289073703
LA-KAIE-NoInteraction,10,4,1.2953929539295392,0.5139470013947002,0.5871930206057132,0.185378590078329,0.20641562064156208,-0.7076634980246567,0.9289636487582699,0.9351842373898954,5,0.4428272889567294,0.43565525383707204,0.43053915781188506,0.017316017316017316,0.015151515151515152,0.013970877607241243,0.017512790240062966,0.025974025974025976,0.043880362062180246
LA-KAIE-NoInteraction,10,5,1.2953929539295392,0.40481171548117156,0.5891779783056932,0.23577235772357724,0.20641562064156208,-0.7054615215144171,0.9291454876996735,0.9663629077165835,5,0.45288708804165817,0.43543307086614175,0.43070866141732284,0.01732283464566929,0.015354330708661417,0.017125984251968505,0.017125984251968505,0.028543307086614175,0.038385826771653545
LA-KAIE-NoInteraction,11,1,1.6087941976427924,0.4728092420400113,0.6911816368021254,0.14860335195530727,0.3626373626373626,-0.7088423313706792,0.9080587485801378,0.9336030281459771,5,0.40509344313053236,0.38278260869565217,0.37373913043478263,0.01965217391304348,0.05478260869565217,0.023130434782608695,0.01808695652173913,0.013391304347826087,0.11443478260869565
LA-KAIE-NoInteraction,11,2,1.87,0.4562469615945552,0.7377020626039051,0.1452471482889734,0.43485658726300436,-0.716340473913861,0.8810558212407847,0.984457383242807,6,0.41747630781557044,0.3472949389179756,0.34491511978422973,0.023956845946374743,0.051086784071077265,0.030303030303030304,0.01650007932730446,0.02411550055529113,0.1618277010947168
LA-KAIE-NoInteraction,11,3,1.6991833030852994,0.46328437917222964,0.698533332586443,0.1620718462823726,0.3903871829105474,-0.7313240262237826,0.9058262562941466,0.9581202447319319,5,0.408542070004514,0.36984687868080096,0.36429412754501095,0.019855291940097594,0.02591283863368669,0.03264344607100791,0.01834090526670032,0.01867743563856638,0.15042907622412924
LA-KAIE-NoInteraction,11,4,1.7747502270663034,0.44165813715455476,0.7385481894406967,0.2818181818181818,0.3907369498464688,-0.7078454272891203,0.8226069065260948,0.9594391994394641,5,0.41662149269327137,0.3590290306708217,0.35230441200590457,0.03821551582745612,0.03149089716253895,0.055929145481384286,0.015089388223716582,0.020501886173527963,0.12743972445464982
LA-KAIE-NoInteraction,11,5,1.652607709750567,0.4788693743139407,0.7142503220198478,0.29563492063492064,0.3880351262349067,-0.7105764888562114,0.9371801409161661,0.9485538766280064,5,0.40552425536109266,0.3761342235918507,0.3687724704673857,0.013011470638589283,0.04588255435713063,0.051018661188152716,0.02054442732408834,0.02362609142270159,0.10101010101010101
LA-KAIE-NoInteraction,12,1,1.451131221719457,0.731836607421266,0.6557552405881854,0.2195945945945946,0.27159338946055506,-0.7108276633937742,0.8675644024710852,0.9429973603049404,5,0.406980002595708,0.40764684152198005,0.40025858884373844,0.031215367565570744,0.03620243812338382,0.024011821204285185,0.014776505356483192,0.015330624307351312,0.07055781307720724
LA-KAIE-NoInteraction,12,2,1.495246717971933,0.7238873751135332,0.6669248604281792,0.16620498614958448,0.3024523160762943,-0.7198365376544054,0.8948599735700324,0.9392135440813103,5,0.3998335097534073,0.4007619738751814,0.3942307692307692,0.02376632801161103,0.028846153846153848,0.02177068214804064,0.02195210449927431,0.021407837445573296,0.08726415094339622
LA-KAIE-NoInteraction,12,3,1.4893617021276595,0.6844984802431611,0.672547124103044,0.20268256333830104,0.3048632218844985,-0.723487093335408,0.8990689411785139,0.9466311728692194,5,0.4005479061779502,0.4013828238719068,0.3930131004366812,0.023107714701601164,0.03857350800582242,0.024745269286754003,0.020924308588064048,0.021834061135371178,0.07641921397379912
LA-KAIE-NoInteraction,12,4,1.4966047985513806,0.6860254083484574,0.6692150222030416,0.12772133526850507,0.30550514216575925,-0.7243625029083061,0.9065924986094062,0.9505567786508656,5,0.39816065747886553,0.4001088731627654,0.3948466702957721,0.021774632553075667,0.03774269642533116,0.015968063872255488,0.02957720921792778,0.020504445654146254,0.07947740881872618
LA-KAIE-NoInteraction,12,5,1.489814395654142,0.7192342752962625,0.6553914537149342,0.1610978520286396,0.30689759951382556,-0.7388373013332126,0.9034964028933914,0.9706748160897906,5,0.399796057143021,0.4016363636363636,0.39290909090909093,0.02181818181818182,0.015636363636363636,0.024545454545454544,0.024181818181818183,0.015636363636363636,0.10363636363636364
LA-KAIE-NoKnowledgeReward,1,1,4.92238946378175,0.26172957477305303,0.7321813394608568,0.0927874255292179,0.027233635929288104,0.00505430242272348,0.04282907662082515,2.7658725227209446e-08,20,0.44935824899546944,0.1540016168148747,0.150767987065481,0.021422797089733225,0.020048504446240907,0.05917542441390461,0.08326596604688763,0.016006467259498787,0.49531123686337913
LA-KAIE-NoKnowledgeReward,1,2,5.646584440227704,0.25405359993279003,0.6860169874878442,0.04185893210283454,0.029152314542552297,0.00403458213256484,0.05204799815391716,1.6213101679303078e-10,20,0.4533539157340676,0.13319254296533645,0.12256044276143314,0.036556947276434604,0.023303233323623652,0.027745412175939413,0.0706379260122342,0.02155549082435188,0.5644480046606467
LA-KAIE-NoKnowledgeReward,1,3,7.113143957631199,0.17632327061053202,0.8383811306346175,0.045454545454545456,0.057127385948287535,0.13453509365831642,0.021648719789423312,0.10875845260186204,19,0.46658311492883564,0.10204825867622926,0.10721448975870662,0.1648939403148362,0.050993739743511825,0.021637391357199293,0.047407767580380476,0.09882696164833162,0.40697745092080473
LA-KAIE-NoKnowledgeReward,1,4,6.588713534194166,0.20897147419612397,0.8024748532534103,0.19730275034512051,0.11243376642229803,0.0009683666881859264,0.037378693708428744,3.823705894250642e-10,20,0.46212429784411907,0.1113332903309037,0.13074888731213313,0.023608333870863703,0.09972263432883959,0.11984777139908405,0.039669741340385735,0.02715603431593885,0.44791330710185123
LA-KAIE-NoKnowledgeReward,1,5,9.586087814504193,0.16262673048221912,0.7790543654661596,0.3987270946985592,0.021357624414595235,0.003132530120481927,0.008080914317767498,2.559490654136906e-06,20,0.4749358508863979,0.06819162710401382,0.09212103774037309,0.016256653718889368,0.01889416390926965,0.2733899199155997,0.027957608018030978,0.1188797774900494,0.38430921210377406
LA-KAIE-NoKnowledgeReward,2,1,8.18133203694701,0.31511082060728507,0.5368687626892354,0.022312668071807543,0.021213381662606216,0.011204481792717087,0.0027319086935405535,2.009194120454644e-05,20,0.4493405568236032,0.08667100835775535,0.10957342885053728,0.018397915988277433,0.01937479648323022,0.016661239552805816,0.03424508846195593,0.01926625420601324,0.6958102680994247
LA-KAIE-NoKnowledgeReward,2,2,7.049495434887073,0.2897750511247444,0.6942226895821874,0.05004880646020055,0.0196319018404908,0.013888888888888888,0.0014601585314977055,3.628163934961424e-10,20,0.44978228272000587,0.1023679862938261,0.1236003181790369,0.0482775500214159,0.017622223581961697,0.03451018784800832,0.09263905035795142,0.018601236003181792,0.5623814477146178
LA-KAIE-NoKnowledgeReward,2,3,5.825487398953875,0.19549424536772508,0.8458571784099965,0.07890455531453362,0.07297363480532201,0.002982848620432513,-0.005958146224061518,4.099609979384291e-24,20,0.456033433535826,0.1301476853166714,0.11225504118148254,0.1452712297642715,0.06347628514626527,0.04132348764555524,0.08009088327179778,0.02513490485657484,0.4023004828173814
LA-KAIE-NoKnowledgeReward,2,4,6.344811095169775,0.1920554759930655,0.8731855839072119,0.16576181125101075,0.06112911735886033,0.004932182490752158,-0.0008831085420680796,2.8316052124284997e-22,20,0.45981486941707106,0.11929102496016994,0.1007036643653744,0.09526022304832714,0.053836962294211366,0.09526022304832714,0.0770711630377058,0.056226765799256506,0.4023499734466277
LA-KAIE-NoKnowledgeReward,2,5,7.859980620155039,0.35233927140479565,0.5421760239876562,0.02425030599755202,0.028416445786845837,0.0744757772957339,-0.004493930550268577,0.016640539650200396,20,0.4462750098308787,0.08997587928423179,0.11460144724294609,0.02513042014921187,0.017613731979581534,0.01778201604308072,0.025803556403208618,0.019408761990239526,0.6896841869074999
LA-KAIE-NoKnowledgeReward,3,1,7.6234896085065245,0.37824129842135296,0.5591444849056547,0.026458776281596975,0.020985227921131045,0.07854984894259819,-0.016901955705219532,0.05000000000000019,19,0.4307991191534445,0.09293231353154292,0.11748806716889988,0.02018517453562597,0.019035022140433608,0.0193225602392317,0.03479210995456898,0.020070159296106733,0.6761745931335902
LA-KAIE-NoKnowledgeReward,3,2,6.380248091603053,0.3950497270619906,0.6107118796953143,0.02911685306594678,0.021909818290585508,0.007963594994311717,0.010856269113149847,0.06250259094035383,19,0.4279735232157014,0.11495698213103905,0.13719391131700862,0.02342819324950364,0.01939113170086036,0.019986763732627397,0.04381204500330907,0.0185969556585043,0.6226340172071476
LA-KAIE-NoKnowledgeReward,3,3,4.93796992481203,0.399600304529882,0.6722908240530527,0.043512554226370445,0.02978682908260373,0.052183173588924395,0.02177538008827857,0.03987975144759568,20,0.41989127854301567,0.15271730366069988,0.1683599419448476,0.020964360587002098,0.025157232704402517,0.026689243670375746,0.042009353330108044,0.019432349621028865,0.5446702144815352
LA-KAIE-NoKnowledgeReward,3,4,6.285510009532889,0.40577841813907634,0.5919558770553004,0.03386356982531473,0.024493819670887994,0.05572755417956656,0.013266998341625206,0.0015632988303709706,20,0.4176284503820574,0.1168631127779266,0.13842753817305117,0.01915349584784356,0.021631395660326815,0.02323868202518082,0.028127511384945084,0.017680150013394052,0.6348781141173319
LA-KAIE-NoKnowledgeReward,3,5,4.2346082089552235,0.4346293644674524,0.7279183200446643,0.04612192786466646,0.02786650512170944,0.023715415019762844,0.04973940629956945,7.352181603937351e-07,20,0.42010781924013585,0.1783710407239819,0.18995475113122173,0.025158371040723982,0.022895927601809956,0.026153846153846153,0.07402714932126697,0.016561085972850678,0.4668778280542986
LA-KAIE-NoKnowledgeReward,4,1,6.398852223816355,0.09626307922272048,0.9793970857686032,0.21359846055163567,0.18535127055306427,0.0004032258064516129,0.0011926605504587156,9.80933430426186e-27,20,0.467700006004554,0.12337024176112167,0.10679420821594707,0.10889078162877547,0.16248443949420166,0.0872698683089825,0.11347703596933761,0.08989058507501801,0.207822839546616
LA-KAIE-NoKnowledgeReward,4,2,4.118723603941811,0.14025293380426113,0.9023751542337572,0.5442661913250149,0.027685997493448786,0.0,0.0016404968361846731,5.169878828456423e-27,20,0.4504318123990467,0.17918264285046293,0.05863649116244272,0.13494809688581316,0.02272514729262134,0.25699055456840925,0.03675301599177032,0.13232956139530533,0.17843448985317498
LA-KAIE-NoKnowledgeReward,4,3,4.960941176470588,0.1118383608423449,0.9150519665670775,0.27996011964107675,0.026370707645608043,0.0,0.00048713951675759937,3.0568914272345713e-28,20,0.4604001967164067,0.15609990393852066,0.14825488312520013,0.16090297790585975,0.022254242715337817,0.11239193083573487,0.03306115914185079,0.11103105987832212,0.25600384245917385
LA-KAIE-NoKnowledgeReward,4,4,2.2963302752293577,0.23911306432281262,0.8147323766037206,0.28760226557583385,0.04314822213343987,0.009259259259259259,0.007515657620041753,1.8982446970952442e-30,20,0.4132208094692038,0.2942337515860708,0.17848583110108557,0.028901734104046242,0.030452558860848723,0.12885943888340617,0.035527985337656845,0.019878753700831805,0.28365994642605386
LA-KAIE-NoKnowledgeReward,4,5,4.094233473980309,0.12343982594755525,0.9086553811568057,0.25849015790612156,0.03400893163861216,0.006734006734006734,-0.0002370791844476055,6.216234020837687e-29,20,0.4487371675411696,0.18421298458664176,0.07127510509107894,0.15973843998131715,0.027744044838860345,0.11163007940214853,0.04371788883699206,0.12517515179822514,0.2765063054647361
LA-KAIE-NoKnowledgeReward,5,1,4.985895627644569,0.3814238566713814,0.6391199621091654,0.033307513555383424,0.02178217821782178,0.041847041847041855,0.0637812479917743,0.021441648592930775,20,0.447598345574657,0.15017228944626973,0.16788204183027486,0.023799983973074767,0.018110425514864973,0.02067473355236798,0.030371023319176217,0.019312444907444506,0.569677057456527
LA-KAIE-NoKnowledgeReward,5,2,6.560707456978967,0.3073224043715847,0.5633683227983965,0.02535366525812971,0.01894353369763206,0.011538461538461539,0.005792796138135908,0.008408949158872324,20,0.44721899852156155,0.1130283055447848,0.1334496574899832,0.016608504588341736,0.016802378182758176,0.017836370686312525,0.02927491275688251,0.016608504588341736,0.6563913661625953
LA-KAIE-NoKnowledgeReward,5,3,5.521513002364066,0.35271450590854597,0.6180260497310339,0.02859421280473912,0.028686418907347147,0.063681592039801,0.015354550530429927,0.05419007221524776,19,0.4438644745630457,0.13400074156470151,0.15483870967741936,0.02335928809788654,0.01853911753800519,0.01861327400815721,0.03248053392658509,0.01831664812754913,0.5998516870596959
LA-KAIE-NoKnowledgeReward,5,4,5.247053276756247,0.3307574804564651,0.6027076846356266,0.027820895522388058,0.020576871237307934,0.03056768558951965,0.02798165137614679,0.02246146744429498,20,0.44458022682817955,0.1427360961331074,0.16014481589893698,0.0156370358958558,0.017639808966260977,0.017947927900169466,0.025496841780927437,0.018718225234940686,0.6016792481898012
LA-KAIE-NoKnowledgeReward,5,5,5.9320665083135395,0.3357892207896212,0.6130310534806996,0.027184063083627308,0.021862737246736607,0.0,0.01187162272801703,8.799907889602385e-05,20,0.44101869908685737,0.12531521434575513,0.13988512188288035,0.01716166993555618,0.019123003642476884,0.018352479686186605,0.04216867469879518,0.023395909218268424,0.6145979265900813
LA-KAIE-NoKnowledgeReward,6,1,5.022107243650047,0.30570384939589773,0.6360261087746351,0.027136185788211534,0.02013674253067341,0.018604651162790697,0.01816096348690499,1.3272325417455446e-09,20,0.4463247412467965,0.15079933190169412,0.16519525968344867,0.01717967072297781,0.01710013521037143,0.01710013521037143,0.0423128927065935,0.01956573610116917,0.5707468384633739
LA-KAIE-NoKnowledgeReward,6,2,3.765197215777262,0.3586393887108701,0.7291450078388702,0.0362761428835832,0.023169829923588858,0.005319148936170213,0.006182185213222307,0.0125,20,0.43972173244963075,0.19806285827238584,0.20992290966594188,0.016801739474204387,0.018580747183237795,0.01937141727614153,0.07926467681359953,0.02263293140936944,0.4353627199051196
LA-KAIE-NoKnowledgeReward,6,3,5.840132827324478,0.29875720900008124,0.6136583624969822,0.022727272727272728,0.018113881894240923,0.008968609865470852,0.003474520185307743,9.256393938738643e-08,20,0.4461390445513208,0.12811614730878187,0.14808781869688387,0.018484419263456092,0.015793201133144474,0.01529745042492918,0.05276203966005666,0.01643059490084986,0.605028328611898
LA-KAIE-NoKnowledgeReward,6,4,4.200932400932401,0.34879591610254135,0.7207610560282279,0.03462715413110001,0.02541338364221507,0.034934497816593885,0.029719881575950808,0.05029792665484043,19,0.44335992710102423,0.17887734645525788,0.1932750136686714,0.01950063787133224,0.020867505011846182,0.019591762347366502,0.07873154729360306,0.021687625296154547,0.4674685620557682
LA-KAIE-NoKnowledgeReward,6,5,4.017217310376919,0.3440287269778756,0.7581384403618994,0.03307757885763001,0.025367774817560522,0.0182648401826484,-0.0032089374851438078,5.611445936436129e-09,20,0.44055210783428594,0.18748235294117646,0.19792941176470588,0.025223529411764707,0.020611764705882354,0.018258823529411765,0.12668235294117647,0.01675294117647059,0.40705882352941175
LA-KAIE-NoKnowledgeReward,7,1,4.194405594405595,0.3763476714460376,0.8007506125012624,0.09586180713743356,0.090919195287318,0.008557457212713936,-0.0029343440518400784,0.003125000655801112,20,0.4092798233947882,0.17985414767547858,0.19206927985414768,0.04749316317228806,0.07456700091157703,0.04603463992707384,0.02771194165907019,0.02579762989972653,0.4064721969006381
LA-KAIE-NoKnowledgeReward,7,2,4.414018691588785,0.34416684310819395,0.6941630174054588,0.03351435221101629,0.04245183146305315,0.004987531172069825,0.006080707573244887,0.025253420226828537,20,0.40491721266191283,0.17147618629944741,0.1847206385404789,0.024734672397158142,0.0351723533023419,0.018945706516972194,0.03894395228488729,0.01859486009999123,0.507411630558723
LA-KAIE-NoKnowledgeReward,7,3,4.5838014981273405,0.3478704933101828,0.724055437540446,0.04574275362318841,0.037279133898478194,0.0027397260273972603,0.006365372374283896,0.001611328125,20,0.40290444645079837,0.16387702818104186,0.17856532877882153,0.04406490179333902,0.03116994022203245,0.02587532023911187,0.04730999146029035,0.016652433817250213,0.4924850555081127
LA-KAIE-NoKnowledgeReward,7,4,3.3664510166358594,0.4050789293067948,0.7449967157313436,0.04366613600181942,0.029375428963623884,0.02336448598130841,0.015415075661151181,0.00014631067272962995,20,0.3890654576540467,0.21776012026199937,0.22602813271770644,0.03693761408783421,0.02297863201975733,0.020616342746698164,0.04370235155159455,0.02415977665628691,0.4078170299581231
LA-KAIE-NoKnowledgeReward,7,5,5.121468926553672,0.3408714837286266,0.6601576669391988,0.029422954977805962,0.03033645890788748,0.02727272727272727,0.010523321956769055,4.7206873397702676e-14,20,0.41454268287403784,0.14615384615384616,0.16467817896389325,0.02260596546310832,0.025902668759811617,0.018210361067503924,0.041915227629513344,0.0217425431711146,0.5587912087912088
LA-KAIE-NoKnowledgeReward,8,1,5.783309625414889,0.28310240223005656,0.8255472415386539,0.09033967718622019,0.05173403295892433,-0.003169572107765452,0.003199031644475186,1.901287328267956e-15,20,0.4079368759669562,0.13027666856816886,0.1473901882487165,0.06296349115801483,0.04499429549343982,0.05347974900171135,0.11580148317170565,0.022390188248716487,0.4227039361095265
LA-KAIE-NoKnowledgeReward,8,2,4.2899159663865545,0.3376863641310262,0.799745383274909,0.03882409330563988,0.040700837958428555,0.040106951871657755,0.054792966534316506,0.057816770034861575,20,0.3981674163417699,0.17565264196644836,0.18202206871804072,0.02763075266887952,0.033551628240782276,0.021799587332914684,0.1761909033820759,0.019646541670404593,0.3635058760204539
LA-KAIE-NoKnowledgeReward,8,3,5.07015065913371,0.3232426409137339,0.7178407075684654,0.03300946686596911,0.02581483888940477,0.050359712230215826,-0.01134305595272138,0.010338382545624756,20,0.40439150038853927,0.14808954987738313,0.15734514674471956,0.017403686417213828,0.021991931018115654,0.020963531366189385,0.12150937425836564,0.020093347045328693,0.49260343327268413
LA-KAIE-NoKnowledgeReward,8,4,4.8033786954481466,0.3083235638921454,0.8266288711370317,0.0674379662049018,0.06496678389996093,0.0481203007518797,0.00992581757392122,0.003449169797616479,20,0.4105511116158656,0.1585696670776819,0.17147554459515002,0.05277435265104809,0.054665022605836416,0.03641594739005343,0.10579531442663379,0.022523633374434852,0.3977805178791615
LA-KAIE-NoKnowledgeReward,8,5,5.095664467483506,0.23508739480255247,0.896472238985614,0.2477580179358565,0.029039119578285397,0.022292993630573247,0.01330285424008636,0.010624148826981608,20,0.41701549652406833,0.1471052216437924,0.1461587001104275,0.14813061997160434,0.024767313456381133,0.12856917494873008,0.11097964978703266,0.014907714150496923,0.27938160593153494
LA-KAIE-NoKnowledgeReward,9,1,6.8761996161228405,0.10097697138869505,0.9322085708944,0.36003184713375797,0.1346824842986741,-0.05058022863722345,-0.06017434715821811,0.2907505797672256,15,0.4702749199311189,0.10655277760458881,0.12157865203566307,0.19296714258993702,0.023879294220337927,0.1409688883346842,0.04501527526653781,0.16347652596795312,0.20556144398029802
LA-KAIE-NoKnowledgeReward,9,2,9.683325086590797,0.07956055186509964,0.9290711346561301,0.41317870321560357,0.19785385794583546,0.005423553719008265,0.008875865290695206,2.9230898871457115e-22,20,0.47360004754910834,0.07008790686623902,0.07222618199097172,0.04784984556901877,0.18398669517700167,0.1862200047517225,0.05055832739368021,0.17514849132810645,0.21392254692325968
LA-KAIE-NoKnowledgeReward,9,3,15.514644351464435,0.047026699029126214,0.863840761562007,0.23750245692196817,0.10281823085221144,0.010163934426229508,-0.00027554419979459413,1.770278472530622e-07,20,0.48652203105562936,0.028492827667518178,0.05908167943931355,0.29386912949498917,0.09988864871946028,0.11872011528132574,0.1268422086853999,0.01879871618523613,0.25430667452675704
LA-KAIE-NoKnowledgeReward,9,4,2.772790374826469,0.2162883845126836,0.6334526754312733,0.03194500606550748,0.025867823765020028,0.012903225806451613,0.0057221175261264355,2.1395740306701368e-26,20,0.4038756884746653,0.2529609774342351,0.06757262186759756,0.022191746665004362,0.019324273781324026,0.019698291983543198,0.04488218426630096,0.021319037526492956,0.5520508664755018
LA-KAIE-NoKnowledgeReward,9,5,6.861804222648752,0.11223776223776223,0.9513912460690426,0.32095613831515435,0.09853146853146853,0.0220014194464159,0.007214335582964859,4.729132200603138e-24,20,0.4529715006465152,0.11064120903041234,0.11941041109521737,0.07823869643634554,0.08762982772560482,0.1720256234840475,0.10075253436158965,0.06810125007774115,0.2632004477890416
LA-KAIE-NoKnowledgeReward,10,1,6.15910176779742,0.07834923590101621,0.738071131045546,0.15209580838323353,0.3963230160577147,0.00019573302016050108,0.011950655358519661,8.432995054393926e-19,20,0.4610320341667495,0.11481150861772986,0.0907093318684337,0.35370459383368813,0.3508205726841997,0.008720730618691204,0.026642862047655015,0.03261690585730962,0.0219734944722928
LA-KAIE-NoKnowledgeReward,10,2,2.9422899353647276,0.21010513102149694,0.8045802240875596,0.14935064935064934,0.47308959673623097,0.0006633499170812604,0.03752233472304944,4.341200816309158e-08,20,0.4201759832605356,0.2394080439193221,0.16386203604248717,0.011934598400763814,0.359828141783029,0.03019453395393245,0.08437761069340016,0.022795082945458886,0.0875999522616064
LA-KAIE-NoKnowledgeReward,10,3,5.283419933868682,0.13366115333035314,0.9119501784326857,0.2504980079681275,0.13831023692445238,0.0006464124111182935,0.0015563394895206474,1.335038273418855e-26,20,0.4354383230647465,0.15162317961165048,0.13463288834951456,0.12302791262135922,0.11733919902912622,0.11445691747572816,0.053549757281553395,0.016459344660194174,0.2889108009708738
LA-KAIE-NoKnowledgeReward,10,4,1.4085338175215616,0.39929100870125683,0.7786890895734897,0.3046875,0.034482758620689655,0.009345794392523364,0.04739652870493992,1.1677933095512618e-09,20,0.39552672947249484,0.4119765018002653,0.2715558082243699,0.03392078832670078,0.02027667235171499,0.05173393973848778,0.06803107826416524,0.09247678605268145,0.050028425241614556
LA-KAIE-NoKnowledgeReward,10,5,2.1445562671546203,0.20008532423208192,0.8487694552112804,0.36152141802067944,0.03818259385665529,0.0111731843575419,0.0022177866489243737,4.922048234177712e-05,20,0.4099472138414906,0.309877815398204,0.21904902105108198,0.025909023995289267,0.02635065508611806,0.14411894597379654,0.1491240983365229,0.02016781981451494,0.10540262034447224
LA-KAIE-NoKnowledgeReward,11,1,9.20363994097393,0.12254823365934477,0.7780153753204417,0.6621575921542103,0.038747260969483194,0.008275862068965517,0.0006671855887912822,5.967751888378835e-25,20,0.451410163146244,0.07440019787286668,0.08612416522384368,0.03626020281968835,0.035864457086322035,0.4842938412070245,0.08276032649023003,0.035963393519663614,0.16433341578036112
LA-KAIE-NoKnowledgeReward,11,2,4.617301363422661,0.2129111088483861,0.9670187411126844,0.20171354069659153,0.12829650748396293,-0.0007936507936507937,0.0038546898726784253,1.241578717467053e-25,20,0.4120857632358476,0.1639567549161488,0.11160296245850004,0.0819783774580744,0.10726142844981698,0.09219375159615222,0.13118242955648252,0.07814761215629522,0.23367668340852984
LA-KAIE-NoKnowledgeReward,11,3,4.0098130841121495,0.246241696771938,0.8901855979887966,0.2344203517158955,0.11339004777997902,0.0041109969167523125,0.004468980021030494,1.3405044546362115e-22,20,0.39305940759189145,0.18817407757805107,0.1174077578051088,0.01967833491012299,0.09205298013245033,0.12989593188268686,0.12582781456953643,0.02857142857142857,0.29839167455061494
LA-KAIE-NoKnowledgeReward,11,4,9.461006910167818,0.10418405676126878,0.9509142542955349,0.37350185225539334,0.1074186143572621,0.00048567265662943174,5.844876965339879e-05,5.082030392191818e-21,20,0.45341866603785996,0.06747749939187546,0.07628314278764291,0.23531987351009487,0.10017027487229385,0.1667720749209438,0.09627827779129165,0.07423984432011677,0.1834590124057407
LA-KAIE-NoKnowledgeReward,11,5,4.534053546265852,0.22635450119133949,0.9504405450541412,0.16826411075612355,0.11374702165130011,0.05737704918032787,0.010146113383985973,1.8647644944484838e-22,20,0.4004743453063701,0.16863319266213073,0.11394367410214452,0.08371371974851434,0.0830247179398846,0.0816467143226251,0.14804926362931703,0.06545517181982603,0.25553354577555765
LA-KAIE-NoKnowledgeReward,12,1,7.340240963855422,0.28008666535355525,0.5992522243950789,0.022821745863558562,0.02055019368393408,0.003194888178913738,0.005027483576886982,0.0006633330901617211,20,0.41209905843313294,0.10003545261167572,0.12059796738359725,0.01819900732687308,0.018494445757504138,0.016544552115339162,0.07090522335145355,0.017726305837863388,0.6374970456156936
LA-KAIE-NoKnowledgeReward,12,2,6.526819923371647,0.14719694746110948,0.907914273417367,0.4064702920443102,0.06237158790724978,0.024857142857142855,0.020995162817044177,3.375447049989261e-14,20,0.4266146237609895,0.1123558913567381,0.10473523089949847,0.1896697713801863,0.055363772552595586,0.21031720184980135,0.06650166091317658,0.02045202891942943,0.2406044421285742
LA-KAIE-NoKnowledgeReward,12,3,3.218677762367083,0.2690318873886814,0.9007817626968597,0.08255846717385179,0.12783682849755817,0.03932584269662921,0.08437637241985069,0.00479650165945629,20,0.3869585272985159,0.22790285017189751,0.18764555838970834,0.06066319174891871,0.09870245092602861,0.032494177664411664,0.1292003992458689,0.031496062992125984,0.23189530886104026
LA-KAIE-NoKnowledgeReward,12,4,3.1180267404333795,0.23081472719207452,0.9138237029242977,0.2660068048252397,0.11222830104982996,0.011857707509881422,0.1295636242504997,5.949535913340921e-14,20,0.4048730266358058,0.23130256876562855,0.2310752443737213,0.06308251875426234,0.086269606728802,0.09774948852011821,0.0968401909524892,0.020800181859513527,0.17288020004546487
LA-KAIE-NoKnowledgeReward,12,5,3.67964765878535,0.39372558901348115,0.6819137898142295,0.04164267894837843,0.026458359581705934,0.004761904761904762,0.011906302575385013,1.5522076824523043e-15,20,0.3804790731708685,0.20191050779286074,0.2138763197586727,0.019808949220713926,0.021116138763197588,0.021820010055304172,0.025339366515837104,0.019306184012066366,0.47682252388134744
LA-KAIE-NoLandscape,1,1,8.52,0.1909424023817703,0.7462561037896366,0.1169499454233588,0.05353257757929692,0.00928444104914693,0.028713729760248427,4.050053769486539e-11,20,0.43289462161939,0.08621952495552998,0.10599560531547557,0.043162080150674895,0.04855080046039552,0.07847650936486344,0.04964947159150361,0.045045516375431624,0.5429004917861253
LA-KAIE-NoLandscape,1,2,10.307998012916046,0.1664578313253012,0.7339319309623876,0.06335445148382794,0.07759036144578313,0.0670807453416149,0.023349007314524554,3.683289405884759e-08,20,0.4314730313688244,0.06678659770631887,0.08904879694175849,0.058151562851360465,0.07240836519001574,0.042725432876096245,0.07128401169327636,0.03921744996626939,0.5603777827749045
LA-KAIE-NoLandscape,1,3,9.626541687222497,0.17783016450571415,0.7181684663831375,0.0836887366286793,0.05693640137344334,0.023402340234023402,0.023203999565264644,7.637050583364307e-11,20,0.43324211075046565,0.0742480311224974,0.09502799127051903,0.0458772179523674,0.05266154284087674,0.056789069171648165,0.04639908909763735,0.05361039946864029,0.5753866590758137
LA-KAIE-NoLandscape,1,4,9.714567901234568,0.18315372102480684,0.6962530185372086,0.06278957195214716,0.07162464416429443,0.07097232079488999,0.021330924090602128,3.860402244291749e-09,20,0.4320431034220761,0.07225051877004339,0.09347292963591775,0.04357668364459536,0.06626108281456329,0.04282210903603094,0.04584040747028863,0.042444821731748725,0.5933314468968119
LA-KAIE-NoLandscape,1,5,7.391513982642238,0.18904109589041096,0.784107515742964,0.08743737593345306,0.0604044357469015,0.004143097123658678,0.03262651908861295,4.079690291536615e-11,20,0.43541771969710336,0.10371842843779233,0.11985500467726848,0.05337932647333957,0.05378858746492049,0.05408091674462114,0.062149204864359216,0.050748362956033674,0.5022801683816651
LA-KAIE-NoLandscape,2,1,9.719012345679012,0.3081144250800264,0.4877324625596095,0.023867363051135675,0.019968497535694324,0.05089058524173028,-0.006739941932807964,0.0007660079901711629,20,0.4184228332105693,0.0680020836293034,0.09428422597906899,0.018468532461997443,0.0186105980963205,0.0186105980963205,0.021593976417104702,0.020883648245489415,0.739546337074395
LA-KAIE-NoLandscape,2,2,8.850709740577582,0.12603694281606018,0.9284071617983654,0.17476489028213166,0.11171330605021568,0.0004950495049504951,0.00018677624206200972,1.5472289510750664e-24,20,0.4408271554887466,0.08837912780438618,0.1014368540458785,0.09291656163347618,0.10184018149735316,0.08994202167885051,0.08974035795311318,0.10078144693723216,0.3349634484497101
LA-KAIE-NoLandscape,2,3,9.91588322612568,0.1434630738522954,0.9232155804059409,0.16838487972508592,0.16651696606786426,0.06742583158525622,-0.004011255463090463,2.29840858350041e-24,20,0.44454653077457457,0.07645513618139085,0.09170929535923314,0.08806857458869072,0.15378588875063368,0.08581040600949352,0.09461265496105811,0.08037236739020232,0.32918567675929766
LA-KAIE-NoLandscape,2,4,8.407407407407407,0.2749246464178066,0.62443901936932,0.043244454402868025,0.037502898214699744,0.017001545595054096,0.0016862390846130683,7.764530151186833e-10,20,0.42341278838822716,0.0849687069056964,0.10565397263180228,0.03272515116155723,0.03431632544818076,0.030709663731834095,0.03702132173544075,0.032194759732682716,0.6424100986528057
LA-KAIE-NoLandscape,2,5,9.72,0.11365137428237565,0.9411686062171002,0.1969381284536643,0.11385459533607682,0.0031236055332440876,0.0027710889423995726,9.45514386299242e-24,20,0.44667428498391537,0.07600225330954839,0.09355929020749225,0.10360529527743874,0.10520138954088817,0.10205614496291428,0.10529527743873815,0.1034175194817388,0.3108628297812412
LA-KAIE-NoLandscape,3,1,6.1051379638439585,0.36032104729992986,0.5852018023158625,0.029370062791168727,0.022597989558170342,0.02413793103448276,-0.00398628717212788,0.0250000476837418,20,0.39918773956321524,0.12018373783079665,0.1421225832990539,0.021458933223639107,0.019882078705608118,0.019882078705608118,0.0213903743315508,0.01940216646098999,0.6356780474427534
LA-KAIE-NoLandscape,3,2,5.973396674584323,0.37943375218705266,0.6516524321972724,0.03123287671232877,0.03570860505805631,0.022271714922048998,0.0018969072164948455,3.8382630994572766e-11,20,0.39222682497901035,0.1237630662020906,0.14522648083623693,0.0445993031358885,0.03128919860627178,0.01986062717770035,0.028989547038327526,0.019233449477351918,0.5870383275261324
LA-KAIE-NoLandscape,3,3,4.7636022514071295,0.3807601417881056,0.6369523027918816,0.0322180916976456,0.03259157148483655,0.015105740181268883,0.03704834605597964,0.002525752677078024,20,0.39517288190138034,0.1573182874211749,0.17391304347826086,0.020411549950215734,0.027464321274477264,0.019415864586790576,0.019996681048788583,0.018254231662794558,0.5632260205774975
LA-KAIE-NoLandscape,3,4,5.925925925925926,0.4078525641025641,0.7734478000460554,0.041459146587696866,0.12179487179487179,0.05921052631578947,0.008637469586374695,0.009701721633096206,20,0.40420662306012367,0.1258055477724853,0.14569907537125246,0.0794340151302886,0.10647240123283833,0.021574670776127767,0.029840291398150743,0.022205099467637993,0.46896889885121884
LA-KAIE-NoLandscape,3,5,6.9673547767642825,0.3796596155171226,0.5616686492901587,0.02844677137870855,0.022738234686143458,0.0,-0.001081106488989165,8.547307358707621e-05,20,0.3938223761947302,0.1032501235788433,0.12623578843302027,0.02063766683143846,0.020390509144834406,0.02014335145823035,0.021193771626297576,0.021379139891250617,0.666769649036085
LA-KAIE-NoLandscape,4,1,8.712609970674487,0.11903960507124425,0.9800909205192191,0.27138950384164606,0.20700100976102323,0.05013550135501355,0.0008488964346349745,1.1352167529379138e-28,20,0.44239126850079313,0.09521875951680032,0.10283219977667242,0.1307989036646026,0.1872906303928535,0.10577606334382296,0.09790884174195513,0.09410212161201909,0.186072479951274
LA-KAIE-NoLandscape,4,2,10.31097863884749,0.1014646367315475,0.9794045123053168,0.4145435791645178,0.15325688957409905,0.009430996541967935,-0.0002844950213371266,2.2848012685593014e-26,20,0.4437180469210947,0.07206723891273248,0.08878755364806867,0.1659513590844063,0.1422120886981402,0.1796763233190272,0.10832439198855508,0.09755007153075823,0.14543097281831188
LA-KAIE-NoLandscape,4,3,14.000515198351366,0.08150873965041398,0.9596682451484831,0.3481234096692112,0.19742410303587857,0.028331780055917986,0.0008253094910591472,7.103457667360834e-24,20,0.4569915499824732,0.041885555124634204,0.06787011247047209,0.1478334449811374,0.18915488488523782,0.1543560272185594,0.11144801325670768,0.10986143919895638,0.17759052286429503
LA-KAIE-NoLandscape,4,4,9.08684985279686,0.1168529618229926,0.9546866179404858,0.24392041267501843,0.26416113181057294,0.03250204415372036,0.00029353489396051957,1.6673111657261634e-25,20,0.44544248663146646,0.08845245126993502,0.09839535341602677,0.08983067532978933,0.24079543217168733,0.09775546367395156,0.09622957275054145,0.08175822012207128,0.20678283126599725
LA-KAIE-NoLandscape,4,5,13.720966084275437,0.08310550166660424,0.9588508063670179,0.2913027980752094,0.2137373132092431,0.004380585246188891,-0.00023816328474802323,4.0389678347315807e-29,20,0.4561833368981637,0.04366045845272206,0.06808739255014326,0.11536532951289398,0.2044054441260745,0.11708452722063037,0.11780085959885386,0.16654727793696275,0.1670487106017192
LA-KAIE-NoLandscape,5,1,6.880575539568345,0.21539104976997073,0.8170679119834346,0.09542469815717008,0.06663878433012686,0.007322175732217573,0.027781926811053025,5.233015118911819e-14,20,0.42914281400421406,0.11318538666007294,0.12709402237744946,0.05860171848921308,0.05878716696544477,0.055696359028249987,0.06299066576002967,0.058663534647956976,0.4649811460715831
LA-KAIE-NoLandscape,5,2,8.561249389946315,0.16571656595599132,0.8782603509676953,0.10957693582237932,0.13795462319005813,0.011570247933884297,0.012564475598465812,1.3938565903254338e-16,20,0.43073142611332466,0.08530607988319949,0.10491187819376369,0.16153926373970173,0.12618625508395037,0.051725935968297006,0.051725935968297006,0.05000521430806132,0.3685994368547294
LA-KAIE-NoLandscape,5,3,7.710208030962748,0.28694233544581793,0.5308853806317173,0.025930799597492067,0.02252619690029491,0.011142061281337047,0.014090383874695083,0.039440921865474717,19,0.41440836740680753,0.09139110604332953,0.11556442417331814,0.01795895096921323,0.020467502850627137,0.01909920182440137,0.021835803876852907,0.01807297605473204,0.6956100342075257
LA-KAIE-NoLandscape,5,4,7.064392119173474,0.2994354125569689,0.5625639472229581,0.028011685856676405,0.022243384803754845,0.0010193679918450579,0.0013914011409489355,0.00036764917919332235,20,0.4155583519391677,0.1014607909052014,0.1253590856304627,0.02072000488967667,0.01998655338915714,0.019925432430780515,0.02395941568363792,0.02114785159831306,0.6674408654727706
LA-KAIE-NoLandscape,5,5,6.058012363290537,0.3402668759811617,0.5826528156828555,0.026466380543633764,0.0217425431711146,0.02527075812274368,0.01313220465912434,0.0005225900166449263,20,0.4143893372643128,0.12186379928315412,0.14267990074441686,0.021229666390956713,0.019092914254204577,0.01785221946512269,0.0206782464846981,0.02060931899641577,0.6359939343810311
LA-KAIE-NoLandscape,6,1,5.251768033946251,0.2663614328036628,0.5886773465832781,0.023721978412999643,0.015531017146961128,0.011560693641618497,0.024803939449206638,1.4277886041379866e-07,20,0.4238428156223754,0.13997838171710933,0.16128783199505867,0.0147467572575664,0.013357010500308833,0.015441630636195183,0.024861025324274245,0.019688079061148858,0.6106392835083385
LA-KAIE-NoLandscape,6,2,6.782462865356972,0.26139173436948077,0.6366975733333893,0.0288297967588862,0.020981985164252915,0.006734006734006734,0.0012988887285322558,0.0001953125000000027,20,0.4227860089107601,0.10795311318376608,0.12887572472901437,0.020103352659440382,0.01871691454499622,0.020292412402319132,0.08053945046634736,0.020481472145197882,0.6030375598689186
LA-KAIE-NoLandscape,6,3,7.9544131910766245,0.25155468845262774,0.5253201149703445,0.02271199103474038,0.02072917936836971,0.0029411764705882353,0.0014319511891420745,1.0897511088975787e-05,20,0.4189609492612549,0.08796708185053381,0.11354537366548043,0.016737099644128114,0.018905693950177938,0.016903914590747332,0.026412366548042705,0.0185720640569395,0.7009564056939501
LA-KAIE-NoLandscape,6,4,8.803326810176126,0.25308436145381796,0.4853655976022327,0.02084725377522384,0.018672890963654553,0.020833333333333332,0.0028882093102276588,1.800282466884724e-11,20,0.41719795039830554,0.07689939978453804,0.10331914020417586,0.01646744985379367,0.01723695685630739,0.016005745652285436,0.018262966192992357,0.018314266659826606,0.7334940747960806
LA-KAIE-NoLandscape,6,5,6.152784388386483,0.2699002088651659,0.5792735242733676,0.026693227091633465,0.021195946468631547,0.0072992700729927005,0.003951632024025923,0.001769543610855296,20,0.41987439299743573,0.1194141689373297,0.1414850136239782,0.018188010899182563,0.018664850136239784,0.018256130790190735,0.025953678474114443,0.01832425068119891,0.6397138964577657
LA-KAIE-NoLandscape,7,1,7.391513982642238,0.31004566210045664,0.5438795003362692,0.026611328125,0.0213307240704501,0.027522935779816515,0.008798240351929614,0.0006206615037820894,20,0.3903432662385048,0.09642815041848403,0.12082989508428622,0.019745373099139454,0.01927384180124956,0.01927384180124956,0.021808322527407758,0.01945066603795827,0.6831899092302252
LA-KAIE-NoLandscape,7,2,8.804305283757339,0.2756723716381418,0.8322372836028525,0.14483474649593356,0.355690153367415,0.005624121231057647,0.0032772746873652434,0.0125,20,0.41473981371826424,0.07670206762095326,0.10343235339387409,0.17341337027345954,0.32840798317172026,0.042942896721563796,0.017495254219896363,0.021548406957057103,0.23605766764147557
LA-KAIE-NoLandscape,7,3,6.604495456719273,0.26987690079652427,0.5556710713363585,0.02853185595567867,0.0333816075307748,0.010845986984815618,-0.0005992958274028017,0.0750976562503638,19,0.3906050943520633,0.10862970373717162,0.13296327373652617,0.014522687665397277,0.029755373394436197,0.019944491060478926,0.01600722907119344,0.015103595172013167,0.6630736461627832
LA-KAIE-NoLandscape,7,4,6.600669536107126,0.2623532821330242,0.8315763011518885,0.07935825812920785,0.18410375307926388,0.007870916961826053,0.007636977177870527,4.626162651259429e-14,20,0.4028892182894047,0.11029459163282408,0.13227615548249855,0.11699864629665442,0.16379810481531618,0.0357119834977116,0.02359311545155676,0.026622832463095467,0.39070457036034295
LA-KAIE-NoLandscape,7,5,10.069375619425173,0.27258858267716535,0.6481588393493529,0.02772231608047919,0.20920275590551182,0.04916490237591155,-0.0046673719584292735,2.3238601149263004e-10,20,0.40047916328686345,0.0644997928272179,0.09207679204456516,0.031029878919018462,0.19570922149072326,0.01661986096404401,0.015607016251553796,0.017172321716311403,0.567285115786566
LA-KAIE-NoLandscape,8,1,7.025936599423631,0.3028438610883238,0.8839906173255161,0.059789420907495616,0.07656549083948591,0.02142857142857143,0.03472016582765768,0.0832204698153273,19,0.3963734575523077,0.10356661355558279,0.12673121706091434,0.1826817011888712,0.06863586223801936,0.029231523471013605,0.1402132614290967,0.029476651550435103,0.3194631695060669
LA-KAIE-NoLandscape,8,2,5.297169811320755,0.31816562778272484,0.7296709925290248,0.03569940269481872,0.12208370436331256,0.1137855579868709,0.05041079216959124,0.006342269366743034,20,0.3726190127638734,0.14163418176259268,0.1597492929756172,0.02507070243827868,0.10479247878926852,0.01964381258121226,0.03592448215241153,0.018497286555071466,0.49468776274554765
LA-KAIE-NoLandscape,8,3,11.396785534907082,0.1755762196465559,0.7006565102520583,0.03150863946565994,0.2110969106694284,0.03569937369519833,0.005306966091279817,1.1533589378561155e-06,20,0.4044653630569858,0.05327937249666222,0.08098297730307076,0.06604639519359146,0.1998497997329773,0.018107476635514017,0.025826101468624834,0.025158544726301735,0.5307493324432577
LA-KAIE-NoLandscape,8,4,7.941319107662464,0.3090687022900763,0.7660173435631419,0.04445694991558807,0.38955725190839696,0.0944244134399331,0.03581432573029212,0.00021317647167177337,20,0.3997943345636748,0.0890125173852573,0.11210013908205842,0.029262865090403337,0.35471488178025035,0.017579972183588317,0.049012517385257304,0.019471488178025034,0.32884561891515995
LA-KAIE-NoLandscape,8,5,14.581865284974093,0.18693813736986106,0.7618636732481244,0.031858161922570814,0.26869914365916925,0.013929295600811072,-0.003433587613170724,1.4331319990416555e-07,20,0.41308196415587367,0.03398208217485326,0.0653211135138846,0.12930353894209315,0.25956818727903064,0.015789654343871213,0.06583599354683692,0.016201558370233068,0.4139978718291971
LA-KAIE-NoLandscape,9,1,16.1625460284061,0.07052888527257933,0.5199296024079129,0.08885383806519453,0.7176891781936534,0.2023642162864874,0.10491122896011068,0.10046306726144971,19,0.4583141502795298,0.027566780605139892,0.05934295480440562,0.019084694265096847,0.6979047980757058,0.01604633497911128,0.01962273705532346,0.015508292188884668,0.14492340802633244
LA-KAIE-NoLandscape,9,2,8.78522504892368,0.10140892131202317,0.9380474951360941,0.18139345927280115,0.14412206938798242,0.026403915507470378,-0.0063981607998785444,2.0591647509746606e-25,20,0.42794665554474,0.09248496487592864,0.09991408500530652,0.08935159448122505,0.1307929448627887,0.09026128266033254,0.09314196189417294,0.08985697680295143,0.31419618941729416
LA-KAIE-NoLandscape,9,3,10.696259351620947,0.10542758556374149,0.9128899670602139,0.16515037996360912,0.3001025832323044,0.04762274704785581,-0.00029980013324450367,2.1837073485676162e-11,20,0.43433679319598567,0.06655059847660501,0.08513601741022851,0.08243743199129488,0.28013057671381936,0.06715995647442873,0.09088139281828074,0.07908596300326441,0.24861806311207835
LA-KAIE-NoLandscape,9,4,8.272019464720195,0.10124124948526383,0.958962195800163,0.19707259953161593,0.17718689334666746,0.06640106241699867,-0.005624270155620696,2.198944351776102e-25,20,0.42663587247357726,0.10024876938548669,0.10633567988143756,0.0916212353781824,0.15942412533742656,0.08908061186682899,0.09934896522521569,0.09035092362250569,0.26358968930291643
LA-KAIE-NoLandscape,9,5,9.231941031941032,0.1190184702187683,0.9451846015809329,0.19331794702714583,0.21871506893064352,0.13677293745436847,-0.0065404005995367215,5.173223691846696e-24,20,0.42854845780652906,0.08703469724948974,0.09704538827874429,0.0910195354261833,0.1996792691223637,0.08547963844882885,0.09063077072601808,0.08304985907279619,0.26606084167557587
LA-KAIE-NoLandscape,10,1,3.8119777158774375,0.13116550968213372,0.950023125446105,0.27325102880658436,0.1495554743636585,0.028501628664495113,0.027495345839896893,8.927953537512082e-13,20,0.4181668957022662,0.20242836328314717,0.20699368625546383,0.17484215638659542,0.11928120446818843,0.06449732880038854,0.08810101991257892,0.06041767848470131,0.08343856240893638
LA-KAIE-NoLandscape,10,2,2.614115490375802,0.2165147265077139,0.8798298742293628,0.26666666666666666,0.07450911640953717,0.0,0.013449516953968555,1.080857973115553e-15,20,0.3971453697068586,0.27291268323773105,0.27329509241555133,0.1479923518164436,0.05417463352453792,0.0520076481835564,0.04079031230082855,0.05659655831739962,0.10223072020395156
LA-KAIE-NoLandscape,10,3,6.016159695817491,0.18407331331963975,0.9581327228696133,0.20183787331801772,0.17712118818138725,0.0231935771632471,0.0025921658986175116,8.553794216157314e-21,20,0.40994927764391653,0.13408126966753317,0.1421535093720071,0.08222739088794637,0.1533725543850048,0.08414283759748256,0.08585305787385415,0.07128198111916816,0.2468873990970037
LA-KAIE-NoLandscape,10,4,4.75844277673546,0.1260719566288812,0.9224922611325427,0.14159955047761752,0.05953671759487432,0.0016556291390728477,0.0061838381720993605,2.338529765408494e-11,20,0.41209110614941047,0.16240092470277412,0.1721433289299868,0.12929326287978865,0.04986789960369881,0.062417437252311754,0.2720442536327609,0.04549207397622193,0.10634081902245707
LA-KAIE-NoLandscape,10,5,4.494387277829747,0.1174940160266417,0.9505800686507901,0.3746566562900568,0.0633780830471433,0.0049261083743842365,0.009111111111111111,7.754142358982967e-05,20,0.40608857920029723,0.17142364404587393,0.1801327929636975,0.05466931102871432,0.05251358109855997,0.17642493748383203,0.12020350090540657,0.070363024920238,0.17426920755367767
LA-KAIE-NoLandscape,11,1,8.6142578125,0.22843215054982427,0.9460745063539789,0.1851069448111962,0.2734950685863281,0.024870466321243522,0.00421315440430678,2.2218278227363548e-23,20,0.3974400078657591,0.09075916095449157,0.10421068906870072,0.09647992578467247,0.24867288563624182,0.07225686749471731,0.10627222594444158,0.06952533113436067,0.21182291398237385
LA-KAIE-NoLandscape,11,2,8.18716577540107,0.22546167092215427,0.9404179591937348,0.2201862421147492,0.08894958731666766,-0.0006675567423230974,-0.004866497208281735,1.1743360960097662e-24,20,0.40778284355608374,0.09719095100246596,0.10887745255709232,0.2834244666023373,0.08030449233408385,0.07858904256459741,0.09756620563954112,0.07328186984024875,0.18076551945963332
LA-KAIE-NoLandscape,11,3,7.624456259062349,0.2483042789223455,0.9446980795880013,0.2247758761206194,0.30193343898573693,0.003779130799916019,-0.0012713403559752997,2.9574008822522033e-22,20,0.4005537138422135,0.10374410544855406,0.11618658030793705,0.09840349980114767,0.27060962445315606,0.07834782114652576,0.08868814271916368,0.06249644906539401,0.1815237770581217
LA-KAIE-NoLandscape,11,4,9.33300541072307,0.2500790555496996,0.9257426543278862,0.23884140550807217,0.3517444924633709,0.02162621116771551,0.0012195121951219512,6.3253681476547294e-24,20,0.41334001325987263,0.08307157009616778,0.09684434349780119,0.12458319238389794,0.321123085101242,0.0729232107475958,0.08635770550427681,0.06905716909099696,0.14603972357802156
LA-KAIE-NoLandscape,11,5,7.372227579556413,0.27573577501635055,0.9254619986348733,0.20046453457209218,0.3398299542184434,0.08775981524249422,0.0028729938577372696,3.491729916755958e-24,20,0.4000445117929518,0.1048533458228441,0.11767460921491715,0.08851940752883321,0.3041976465078157,0.06568702066623734,0.08670452549616534,0.057080967156489665,0.1752824776066975
LA-KAIE-NoLandscape,12,1,8.281265206812652,0.10153954636267482,0.9820401335871065,0.25063035804336864,0.15712774709131508,0.0,0.0,1.636153661476154e-29,20,0.41041902414600917,0.10133600887152136,0.10709193642076359,0.13555473411839256,0.1412050483181074,0.10497966943021599,0.10255056239108623,0.09594972804562496,0.2113323124042879
LA-KAIE-NoLandscape,12,2,10.160714285714286,0.14894551845342707,0.8417014366660527,0.12020576442998714,0.13005272407732865,0.0945945945945946,-0.004638982416760194,1.8405737681771986e-20,20,0.4045694005707296,0.07005039269986835,0.09007127616107505,0.06423934262496028,0.12094247968402415,0.07213873882053844,0.08307985653970128,0.05456939210968357,0.4449085213601489
LA-KAIE-NoLandscape,12,3,6.515527950310559,0.23436239642150034,0.6090789118597679,0.02272950900324707,0.027132067170198722,0.01891891891891892,0.003014999623125047,1.9468093583413467e-18,20,0.37941643257890173,0.1117696867061812,0.13463166807790009,0.051586009249006706,0.024099524522894548,0.015045919364293623,0.022601445971471373,0.015957793265159902,0.6243079528430926
LA-KAIE-NoLandscape,12,4,9.331037875061485,0.12677912493410648,0.9184772433981667,0.15878446367478366,0.1959936742224565,0.02698583467814237,0.003737214791502754,6.991588743122123e-20,20,0.40782233114381017,0.08264422844431549,0.09671647565162725,0.09410513080903332,0.17979592823637508,0.07630929928913391,0.08274094491996711,0.06615406934571304,0.3215339233038348
LA-KAIE-NoLandscape,12,5,5.12241054613936,0.2873161764705882,0.8014083037336771,0.0399529964747356,0.27619485294117646,0.18768718801996673,0.12143915343915344,0.08663552789722269,19,0.39176947171264,0.1457286432160804,0.16488693467336685,0.033369974874371856,0.23594535175879397,0.016017587939698492,0.03839510050251256,0.019158291457286432,0.34649811557788945
LA-KAIE-RandomExchange,1,1,6.111908177905309,0.1360719874804382,0.9920515138629117,0.33065068493150684,0.16564945226917058,0.004534718941898917,-0.09835881084122666,6.665746966938923e-05,20,0.40436903626188475,0.13724431242827245,0.06953351785593735,0.13386889894012016,0.1334638493215419,0.13035846891244177,0.1308310268007831,0.13164112603793965,0.1330587997029636
LA-KAIE-RandomExchange,1,2,6.162679425837321,0.12267080745341614,0.9921257943305729,0.33248730964467005,0.1735248447204969,0.05109264585774653,-0.08627703594354605,0.025000063181010924,20,0.3995111417512113,0.136208168466233,0.06974716652136007,0.13547045805110322,0.13077593722755013,0.13178190597545436,0.13131245389309906,0.13144658305948628,0.1332573268057139
LA-KAIE-RandomExchange,1,3,6.477196351416227,0.12414764304773199,0.9908736554077093,0.33456235973068293,0.1917432552623777,-0.02566219375264601,-0.1351907163599048,0.14241631655312698,18,0.4030576644936655,0.1300535173125282,0.06589722096846992,0.13508285511638404,0.13546972725514217,0.13456702559803985,0.132245792765491,0.13127861241859565,0.13540524856534916
LA-KAIE-RandomExchange,1,4,6.447696737044146,0.12376274466026643,0.9916446483705808,0.34315651604453173,0.18530922080821613,0.06155510932619367,-0.10959275644120806,8.309400681198262e-07,20,0.40381961439493635,0.12967161085562537,0.06846298335384417,0.13576008808860676,0.1355010039510331,0.13576008808860676,0.12721031154867543,0.13498283567588573,0.13265107843772264
LA-KAIE-RandomExchange,1,5,6.398561151079137,0.1296004797241586,0.9916291640351138,0.32421811036515474,0.15403642905329434,0.045603058741744876,-0.0913795431339291,2.654554347020913e-07,20,0.39903654003986844,0.13155839083452675,0.06841557088920713,0.13748209868506706,0.12888946751725036,0.12888946751725036,0.13520374951178232,0.13611508918109622,0.13344616586381983
LA-KAIE-RandomExchange,2,1,6.013855709507883,0.15547787399698101,0.9917331832566159,0.3448751076658053,0.14475252244379122,0.03951701427003293,-0.018950301904319553,5.187958791140246e-20,20,0.3923222761371428,0.13993850358729074,0.06949094636146225,0.13925521011274342,0.12449607106252135,0.1367953536043731,0.1299624188588999,0.1301674069012641,0.12989408951144515
LA-KAIE-RandomExchange,2,2,6.166985645933014,0.18170533012646442,0.9921748398927581,0.33861249784816666,0.15548141826363565,0.026447105788423155,-0.011024345429490124,7.242889960671391e-16,20,0.3904758415204935,0.13572051230470059,0.07034131294843425,0.1300878428216992,0.1343794005230336,0.13189834372694964,0.1283443975055321,0.13994501441695165,0.129283175752699
LA-KAIE-RandomExchange,2,3,6.301868711068519,0.18293795620437955,0.9917818515490356,0.3401191658391261,0.15222019464720193,0.026973026973026972,-0.01726457399103139,3.602063963830353e-18,20,0.39682921587817566,0.13365390949212833,0.06863842961596733,0.13510308938805085,0.13187537052895065,0.13536657664185495,0.12930636980436072,0.132731704103814,0.1333245504248732
LA-KAIE-RandomExchange,2,4,6.347075743048897,0.14395770392749244,0.9916427785168629,0.3319162851536952,0.15498489425981873,0.0037361923326835605,-0.011708973900607794,2.7755897377400293e-18,20,0.38576466209395044,0.13282682735132303,0.06811632171862719,0.1312549122347393,0.13439874246790673,0.132957820277705,0.1351847000261986,0.13282682735132303,0.1324338485721771
LA-KAIE-RandomExchange,2,5,6.458253358925144,0.22223047774723234,0.9919454897625609,0.3392321061779112,0.1592243108700498,0.03557985023220674,-0.043353069400259216,0.026749573479719225,20,0.3912290683373853,0.13100464876033058,0.06966683884297521,0.1278409090909091,0.12706611570247933,0.13862345041322313,0.13545971074380164,0.13578254132231404,0.13455578512396693
LA-KAIE-RandomExchange,3,1,6.3066602779108765,0.35564503874791065,0.9919659248144823,0.3350396301188904,0.1559033581522565,0.050682261208576995,-0.021062106210621063,0.0031250780014170773,20,0.36416083227655877,0.13305229877486496,0.06929258332235542,0.12844157554999341,0.13516005796337768,0.13364510604663418,0.1307469371624292,0.13516005796337768,0.13450138321696747
LA-KAIE-RandomExchange,3,2,6.294681360804983,0.33850955317043463,0.991455067644264,0.34288553917508696,0.1649539468676258,0.04300876788186433,-0.01589182619264661,0.0004104614257812505,20,0.3645801959364003,0.13407158394304924,0.0676949443016281,0.13558763430228726,0.1313031441566146,0.1364445323314218,0.12906202623426274,0.13341243161294575,0.13242370311779053
LA-KAIE-RandomExchange,3,3,6.26772030651341,0.35982272484144573,0.9923395771131119,0.3355792933442892,0.1486971804080385,0.018156903048989377,-0.016994285372348383,4.768373071114163e-08,20,0.35495388238131403,0.13508690767298923,0.07051748066882559,0.13198070187033242,0.128610138127024,0.1349547287026634,0.13581389200978125,0.1316502544445179,0.13138589650386623
LA-KAIE-RandomExchange,3,4,6.302347867752755,0.34060670569451834,0.991779148479625,0.332143436638001,0.15122025393446362,0.03636668342550695,-0.02600621043831363,0.025000013590792524,20,0.36094239929561206,0.1335880376786773,0.06870430142941836,0.13141426783479349,0.13101903695408734,0.13483960213424676,0.13648639747052235,0.12930636980436072,0.13464198669389368
LA-KAIE-RandomExchange,3,5,6.203446625179511,0.35326799907400264,0.9917168000562755,0.3344509639564124,0.14777374797438073,0.05221932114882506,-0.03135941084148256,1.018860435003297e-09,20,0.35916339822155197,0.13549032688458973,0.06864576384256171,0.13815877251501002,0.1277518345563709,0.13308872581721148,0.13175450300200134,0.13202134756504336,0.13308872581721148
LA-KAIE-RandomExchange,4,1,6.383693045563549,0.1188580015026296,0.9910773846727104,0.33055555555555555,0.1503380916604057,0.01699150424787606,-0.009549915996109293,1.0842022475390534e-20,20,0.3895346540589712,0.13250342175584956,0.06647982793456299,0.1351756501336114,0.1304177800951574,0.13185165873688326,0.13309000847291924,0.13654435247344066,0.13393730039757545
LA-KAIE-RandomExchange,4,2,6.192915270464337,0.12506763546417252,0.9913299253775447,0.3382728666326009,0.1554456210868053,0.008950770760815515,-0.005125388980413692,1.834180272113389e-23,20,0.38257226820393025,0.13511164594197086,0.0673218344698489,0.1347105227971654,0.1344431073672951,0.1327717609306057,0.13103356063644872,0.13591389223158176,0.12869367562508358
LA-KAIE-RandomExchange,4,3,6.258141762452107,0.11280324481518329,0.9919437973576644,0.3442404006677796,0.14915435830718604,0.027706516162134428,-0.012862025544162619,0.02502594016259536,20,0.3923989468615666,0.13434912222590262,0.06936071546869825,0.1345478635309705,0.12911560119244783,0.13660152368333886,0.1285193772772441,0.13580655846306725,0.13169923815833057
LA-KAIE-RandomExchange,4,4,6.2922855773838045,0.13074931465123363,0.991306155751365,0.33148986090162563,0.15389887298202864,0.012370113805047007,-0.008730087300873008,1.350007523015551e-21,20,0.38507251045293933,0.1332013201320132,0.06745874587458746,0.13267326732673268,0.1333993399339934,0.13056105610561056,0.13537953795379537,0.13940594059405942,0.12792079207920792
LA-KAIE-RandomExchange,4,5,6.252873563218391,0.1212469362745098,0.9917606605671914,0.3241159711747947,0.15318627450980393,0.003,-0.005306319343945972,4.528665678343944e-29,20,0.3901685863006003,0.13524970194727778,0.06861836004768844,0.13385878924360842,0.13246787653993908,0.12809643661412107,0.1339250231818784,0.1345873625645781,0.13319644986090873
LA-KAIE-RandomExchange,5,1,6.349472674976031,0.17840694601736504,0.9916704851810263,0.3442034893200717,0.1613439033597584,0.0448447980034316,-0.04843356139719121,2.11531066498557e-05,20,0.3859356980968767,0.13278334315458654,0.0684213972369541,0.131146467622602,0.13442021868657109,0.13821776992077522,0.12931316702677928,0.13167026779283703,0.13402736855889477
LA-KAIE-RandomExchange,5,2,6.392326139088729,0.1720438175270108,0.9913640837518106,0.33679766157843455,0.1676170468187275,0.07867800656520442,-0.05729823928850429,0.011215297037315275,20,0.3887282948002934,0.1320656420942954,0.06759572805418078,0.13069809846314145,0.13160979421724409,0.13506121385777548,0.13760093774420423,0.13701484761656682,0.12835373795259183
LA-KAIE-RandomExchange,5,3,6.4438579654510555,0.17112219822771613,0.9915148783481718,0.33839125469081416,0.1673989128006553,0.0856465005931198,-0.06010195867990341,0.044206854684492286,20,0.38892635683642773,0.13080906148867313,0.06789644012944984,0.1373462783171521,0.13365695792880258,0.13423948220064724,0.12906148867313916,0.13359223300970874,0.13339805825242718
LA-KAIE-RandomExchange,5,4,6.480076812289966,0.15506000889020596,0.990891372455139,0.3342875318066158,0.14928137501852126,0.04714640198511166,-0.030218583993729863,0.015497833290261661,20,0.3841636146063199,0.13050760113372842,0.06622004637979902,0.13482349909817057,0.12979902087090955,0.13540324658593145,0.12986343725843855,0.13359958773511982,0.1397835609379026
LA-KAIE-RandomExchange,5,5,6.201531833413116,0.16209957545349285,0.9916846214619937,0.3341746592629985,0.15422616750289464,0.055638972305638974,-0.04968513279182258,0.036921812457642346,19,0.38801021831866755,0.13552649139196585,0.06839717069264648,0.13666088349125852,0.1333244361403977,0.1325236887761911,0.1308554651007607,0.12952088616041638,0.13319097824636328
LA-KAIE-RandomExchange,6,1,6.1138211382113825,0.12273153942428035,0.9920618782345476,0.3349290477004616,0.15808823529411764,0.02028698664027709,-0.012171327696738827,0.050002290852264354,19,0.3937995005020932,0.13697427934922027,0.06980355093498954,0.1317086343077027,0.1364342131911159,0.13224870046580706,0.13515155606561804,0.1302234523729157,0.1274556133126308
LA-KAIE-RandomExchange,6,2,6.346596356663471,0.12168592794017676,0.9915861966115541,0.32768453641844547,0.15605408263464007,0.021781219748305904,-0.010113666875503446,2.0967804760965893e-08,20,0.38841826467558227,0.13300589390962672,0.06804191224623445,0.13091028159790438,0.13529796987557302,0.13169613621480025,0.1337917485265226,0.13084479371316307,0.1364112639161755
LA-KAIE-RandomExchange,6,3,6.483917426788286,0.12283429586850289,0.9911251256301653,0.34153447717707996,0.1536354212942396,0.017349397590361446,-0.0065611057650249325,4.8923492449380935e-05,20,0.38857906466998965,0.12965588349014048,0.06676118056450574,0.13468230442067278,0.13371568501095502,0.13597113030029642,0.1325557417192937,0.13706663229797655,0.1295914421961593
LA-KAIE-RandomExchange,6,4,6.222115844901867,0.12925065394676105,0.99250205422051,0.3255618919825562,0.15640867825819357,0.01721593703885883,-0.006839945280437756,0.0007812603866794299,20,0.39277138184729243,0.13548387096774195,0.071034253408713,0.13076155636847356,0.1352178250748254,0.12909876953774527,0.13448619886930496,0.13096109078816096,0.13295643498503493
LA-KAIE-RandomExchange,6,5,6.347555129434324,0.12363114568386073,0.9915575766150642,0.3260797342192691,0.15142360848878483,0.008977556109725686,-0.0073869704521181915,1.245737075805664e-05,20,0.3905448249679214,0.1325340670859539,0.0681996855345912,0.13397536687631026,0.131354821802935,0.128603249475891,0.1310927672955975,0.13954402515723272,0.13469601677148846
LA-KAIE-RandomExchange,7,1,6.152153110047847,0.24475034997666822,0.9915269421348861,0.33829857663025487,0.149245605848499,0.013027618551328817,-0.010330011884084469,0.0006263690483318456,20,0.3452106049141727,0.13669934201691958,0.06834967100845979,0.1329394387001477,0.12884382973009265,0.13723647106217268,0.13011951121256882,0.12750100711695986,0.13831072915267892
LA-KAIE-RandomExchange,7,2,6.497839654344695,0.22068710749907647,0.9916765140721527,0.3313301932759461,0.15264130033247136,0.002420135527589545,-0.001133490278141076,8.470072549452176e-21,20,0.3507449832249631,0.1301413881748072,0.06844473007712082,0.13566838046272495,0.13277634961439588,0.13110539845758354,0.12988431876606685,0.1372750642673522,0.13470437017994857
LA-KAIE-RandomExchange,7,3,6.094691535150646,0.26098556183301946,0.9911991719503002,0.34739707383463764,0.15811362209667296,0.01687344913151365,-0.009693354459875105,4.659792836260612e-08,20,0.3540627331799594,0.13716993906567365,0.06729857819905213,0.13270142180094788,0.13642518618821936,0.13825321597833445,0.12748815165876778,0.12843601895734597,0.13222748815165877
LA-KAIE-RandomExchange,7,4,6.686868686868687,0.214213782189613,0.991219748592431,0.3249727371864776,0.15170479067760034,0.02671092144776355,-0.015800333531190817,0.17153599054193933,17,0.35419101729063757,0.12620993086109364,0.06737900691389064,0.13903205531112509,0.1325581395348837,0.1311125078566939,0.13500942803268384,0.13136392206159647,0.13733500942803267
LA-KAIE-RandomExchange,7,5,6.393285371702638,0.16699174793698424,0.9913749688516004,0.33397559409120103,0.14591147786946737,0.005141388174807198,-0.002898550724637681,0.00078125,20,0.3579125520268229,0.13238739911481384,0.06769070554543087,0.13167143972923717,0.12659463681332986,0.13538141109086174,0.137659463681333,0.13629263212705026,0.13232231189794325
LA-KAIE-RandomExchange,8,1,6.348034515819751,0.24731913608216283,0.9916329112498488,0.3276734693877551,0.1514121733877058,0.026433915211970076,-0.0226928895612708,0.012597690147424656,20,0.3430036942633511,0.1325253848673436,0.06826072715361939,0.13023255813953488,0.13134621683589912,0.1314772355060596,0.1326564035375041,0.13639043563707828,0.137111038322961
LA-KAIE-RandomExchange,8,2,6.199617041646721,0.2697861169021697,0.9914707398139904,0.3299170326988775,0.15157130723496254,0.028527763627101375,-0.012104113578449217,0.004974317287013459,20,0.3343291067586308,0.13498530590435479,0.0681939620625167,0.1274378840502271,0.13111140796152818,0.13545284531124765,0.13598717606198238,0.12770504942559444,0.13912636922254876
LA-KAIE-RandomExchange,8,3,6.393285371702638,0.24786196549137285,0.9914987789554637,0.3358257477243173,0.15348837209302327,0.026881720430107527,-0.01533144275079759,2.805148125447163e-05,20,0.3437622014444202,0.13244386592905955,0.06768630003254149,0.1313374552554507,0.13315977871786527,0.1344614383338757,0.13433127237227466,0.13498210218027987,0.13159778717865278
LA-KAIE-RandomExchange,8,4,6.3918465227817745,0.2043220529751632,0.9914065729906708,0.3361441798941799,0.154048172882119,0.020944958597174865,-0.01401454674472237,0.04655215040281168,19,0.347495143684237,0.1320742429176164,0.06753500488440248,0.1366330185607294,0.13370237707587104,0.13239986974926735,0.13161836535330512,0.13617714099641812,0.1298599804623901
LA-KAIE-RandomExchange,8,5,6.405275779376499,0.22553350804941968,0.9918143255697068,0.3259175056836635,0.14511418944215648,0.04076367389060888,-0.029517386353683103,0.02493248128041061,20,0.35006789848502223,0.13081679140904653,0.06931337455255451,0.1323136999674585,0.12613081679140906,0.13062154246664498,0.13563293198828508,0.14064432150992515,0.1345265213146762
LA-KAIE-RandomExchange,9,1,6.272509578544061,0.11391921814155914,0.992492114348803,0.3302812295618051,0.1567534549896923,0.03924338366617957,-0.05063382832307135,4.605744726533216e-20,20,0.3727473064777799,0.13465477370333664,0.0711595639246779,0.1296333002973241,0.13174760488932938,0.13346547737033365,0.1322101090188305,0.12870829203832176,0.13842087875784606
LA-KAIE-RandomExchange,9,2,6.182862613690761,0.11009600495509446,0.9908982883323574,0.33221476510067116,0.15918240941467945,0.04580090791180286,-0.04921731123388582,5.871491624941666e-20,20,0.36895687600187155,0.1360535117056856,0.06595317725752509,0.13183946488294315,0.1325752508361204,0.13244147157190636,0.1305685618729097,0.1349163879598662,0.1356521739130435
LA-KAIE-RandomExchange,9,3,6.359060402684563,0.1127026008292499,0.99210519676446,0.33847415914684165,0.162532981530343,0.05468460111317255,-0.05851111711225133,1.2682567507302672e-10,20,0.3761974597021872,0.13215570821066405,0.06967615309126594,0.13254824991822048,0.13032384690873405,0.13496892378148512,0.13235197906444227,0.13653909061171082,0.13143604841347725
LA-KAIE-RandomExchange,9,4,6.342281879194631,0.11148904006046863,0.9913648101108928,0.3322742474916388,0.15600907029478459,0.05458656330749354,-0.0583736342468207,3.2572978860610758e-21,20,0.3754501680365191,0.13297070581296283,0.06750114686414575,0.13480568844616292,0.13526443410446293,0.13021823186316273,0.12890752998230554,0.13755816239596305,0.13277410053083427
LA-KAIE-RandomExchange,9,5,6.401438848920863,0.10863864538847681,0.9918392877049725,0.3400389357560026,0.1523937963587323,0.04613241560144215,-0.05095907363210466,3.422120089001809e-20,20,0.3706537545058199,0.13122437024018746,0.0688016663412094,0.13278656512399922,0.13239601640304627,0.13643168651955997,0.13063854715875806,0.1335676625659051,0.1341534856473345
LA-KAIE-RandomExchange,10,1,6.103299856527977,0.0538316878232252,0.9916249186047823,0.34529532967032966,0.15334587055320484,0.0035769034236075624,-0.009193274718494524,1.3882951515278588e-12,20,0.3698522771549864,0.13694461351186854,0.06843849327111652,0.13173733684993574,0.13234597957665517,0.13599783593697165,0.13031717048759045,0.13667410563332658,0.12754446473253533
LA-KAIE-RandomExchange,10,2,6.141148325358851,0.0349824698091157,0.9911454766662415,0.328465899330012,0.1551227113361901,0.01054746358613762,-0.007469568424935448,9.441757622352092e-28,20,0.36880927127889,0.13714285714285715,0.066890756302521,0.13445378151260504,0.1338487394957983,0.12853781512605042,0.1333781512605042,0.1363361344537815,0.12941176470588237
LA-KAIE-RandomExchange,10,3,6.137799043062201,0.0853601496725912,0.9909717666003389,0.3249620765211529,0.1520112254443405,0.007692307692307693,-0.014570693142121713,5.8918296102191046e-05,20,0.3720657187687801,0.13784528530143156,0.06640231198333221,0.1303851065259762,0.13105719470394517,0.12957860071241348,0.1319981181531017,0.1355601854963371,0.1371731971234626
LA-KAIE-RandomExchange,10,4,6.480076812289966,0.07578900577863387,0.9909091477036158,0.34532605203983296,0.15461549859238405,0.016770483948251078,-0.026670172056203076,0.05278883693135048,19,0.37240005596362813,0.13022746310973646,0.06624138153231522,0.13647786584187124,0.13448031445325084,0.13853985437206007,0.13402925446227204,0.13138733165796765,0.12861653457052646
LA-KAIE-RandomExchange,10,5,6.255268199233717,0.09715948242860424,0.9918916231835416,0.341548709408826,0.15075415358701477,0.008820044015574742,-0.020885923788916932,0.00021497818955655483,20,0.3775670387627937,0.1342304123027973,0.06900437491714172,0.1331698263290468,0.13051836139467055,0.13595386451014185,0.13038578814795174,0.13502585178311016,0.13171152061513985
LA-KAIE-RandomExchange,11,1,6.202967927237913,0.23537582960333384,0.9916810163908564,0.3268027658873889,0.1488655656737151,0.008640055296353897,-0.01110103666092423,1.0590032349254845e-23,20,0.34001790499131546,0.13584528176058686,0.06855618539513171,0.1314438146048683,0.12864288096032012,0.13237745915305102,0.13431143714571525,0.1304434811603868,0.13837945981994
LA-KAIE-RandomExchange,11,2,6.199617041646721,0.2273955679098139,0.9916237290316641,0.3345058626465662,0.15589529766041232,0.01337295690936107,-0.012684473716306868,5.871061143486411e-21,20,0.3497477204699669,0.13585107092813772,0.06812570894775472,0.12977914192299994,0.13471675452058451,0.13324881564022154,0.1329819176619737,0.13318209114565957,0.13211449923266833
LA-KAIE-RandomExchange,11,3,6.301389554384284,0.20355866474032394,0.9916605345511202,0.3218734429496761,0.16523458292145085,0.03405430280717901,-0.011113135361632356,1.0930819084322843e-19,20,0.3469617626249394,0.13394797497530458,0.06855449456700692,0.13269674020414884,0.13862364175172867,0.12762594665788607,0.13519920974646032,0.12966743496871913,0.13368455712874547
LA-KAIE-RandomExchange,11,4,6.287014853857212,0.2135507964331987,0.9911529133812895,0.3306291390728477,0.15288468866702232,0.01694915254237288,-0.010796221322537112,4.921952784403229e-20,20,0.34715809296468,0.13392739273927393,0.06673267326732674,0.13735973597359735,0.1324092409240924,0.1318151815181518,0.13498349834983497,0.1308910891089109,0.1318811881188119
LA-KAIE-RandomExchange,11,5,6.405275779376499,0.21564956944964433,0.9919260462008751,0.33075275901828366,0.1543242231374017,0.012453501536470967,-0.011053066524998526,3.9345064866107706e-20,20,0.3485441529127501,0.13200311971922526,0.06921877031067204,0.13889249967502926,0.13395294423501886,0.13050825425711685,0.13245807877291044,0.13135317821396075,0.13161315481606656
LA-KAIE-RandomExchange,12,1,6.182862613690761,0.08686899969030659,0.9908788639102516,0.33865489130434784,0.15523381851966553,0.004488778054862843,-0.0008248556502612042,2.39792849569736e-25,20,0.34168928919294045,0.13559095167982868,0.06598848882345068,0.13679560969080445,0.13418551733369027,0.13344933743809395,0.12836300361397404,0.13338241199303974,0.13224467942711818
LA-KAIE-RandomExchange,12,2,6.3566634707574305,0.17722473604826547,0.992036158072964,0.3291721419185282,0.1524132730015083,0.04972785749628897,-0.033707032060978144,1.5143902939130292e-07,20,0.3503869211534089,0.1325963236737097,0.06933996205926604,0.1331196441420815,0.13220383332243082,0.1310917773271407,0.1333813043762674,0.13449336037155754,0.13377379472754627
LA-KAIE-RandomExchange,12,3,6.251915708812261,0.1858434196414892,0.991779749306064,0.33432835820895523,0.1506817833614218,0.11235383833248602,-0.06187426715973663,0.0014077690396304423,20,0.3496843631252862,0.13446492507624982,0.06855854661185519,0.13260840737302745,0.1304203686513725,0.13366927463201167,0.13207797374353533,0.13413340405781726,0.13406709985413076
LA-KAIE-RandomExchange,12,4,6.401918465227817,0.14106982319448608,0.9918218972693825,0.3379143088116411,0.15178303865747678,0.004442250740375123,-0.0042395336512983575,4.509879458325358e-17,20,0.34983936377958136,0.13211963589076722,0.06879063719115734,0.13003901170351106,0.1317295188556567,0.13589076723016905,0.13140442132639793,0.13517555266579975,0.13485045513654095
LA-KAIE-RandomExchange,12,5,6.402877697841727,0.10771535580524344,0.9918708114540168,0.336062888961677,0.15108614232209738,0.012394645513138325,-0.007235506926674314,8.166129173737992e-21,20,0.3506712419457726,0.1318767069840031,0.06892963974509039,0.13642866432566003,0.13116139940174276,0.1334373780725712,0.13350240603459487,0.13454285342697359,0.13012095200936402
