2026-09-28T10:45:21.875581+00:00 {"status": "ok", "path": "/home/user/ADHD-EEG-Benchmark/la-kaie/results/raw/pilot/FIR/LA-KAIE-NoInteraction/inst01/run01.json", "runtime": 14.619059378000202, "best": 0.005976176586207527}
2026-09-28T10:45:29.195621+00:00 {"status": "ok", "path": "/home/user/ADHD-EEG-Benchmark/la-kaie/results/raw/pilot/FIR/LA-KAIE-Full/inst01/run01.json", "runtime": 21.90968944100041, "best": 0.004890530886232397}
2026-09-28T10:45:31.019525+00:00 {"status": "ok", "path": "/home/user/ADHD-EEG-Benchmark/la-kaie/results/raw/pilot/FIR/LA-KAIE-NoLandscape/inst01/run01.json", "runtime": 23.69312022200029, "best": 0.0045614977151386795}
2026-09-28T10:45:38.094226+00:00 {"status": "ok", "path": "/home/user/ADHD-EEG-Benchmark/la-kaie/results/raw/pilot/FIR/MPHBS/inst01/run01.json", "runtime": 30.865832347000833, "best": 0.005003530683235542}
2026-09-28T10:45:45.806227+00:00 {"status": "ok", "path": "/home/user/ADHD-EEG-Benchmark/la-kaie/results/raw/pilot/FIR/LA-KAIE-RandomExchange/inst01/run01.json", "runtime": 14.737808206999944, "best": 0.004910048702876322}
2026-09-28T10:45:45.872799+00:00 {"status": "ok", "path": "/home/user/ADHD-EEG-Benchmark/la-kaie/results/raw/pilot/FIR/LA-KAIE-NoKnowledgeReward/inst01/run01.json", "runtime": 23.8838795519996, "best": 0.00468822656058773}
2026-09-28T10:45:50.700855+00:00 {"status": "ok", "path": "/home/user/ADHD-EEG-Benchmark/la-kaie/results/raw/pilot/FIR/LA-KAIE-DimensionOnly/inst01/run01.json", "runtime": 21.46636748200035, "best": 0.00456177323815079}
2026-09-28T10:46:07.074515+00:00 {"status": "ok", "path": "/home/user/ADHD-EEG-Benchmark/la-kaie/results/raw/pilot/FIR/LA-KAIE-FixedPolicy/inst01/run01.json", "runtime": 28.91973388199949, "best": 0.00846654456345714}
2026-09-28T10:46:08.519233+00:00 {"status": "ok", "path": "/home/user/ADHD-EEG-Benchmark/la-kaie/results/raw/pilot/FIR/LA-KAIE-FIRPrior/inst01/run01.json", "runtime": 22.595548370999495, "best": 0.004565800806827523}
2026-09-28T10:46:16.770676+00:00 {"status": "ok", "path": "/home/user/ADHD-EEG-Benchmark/la-kaie/results/raw/pilot/FIR/LA-KAIE-NoAdaptiveController/inst01/run01.json", "runtime": 30.888746322999395, "best": 0.007498419452696848}
2026-09-28T10:46:22.259680+00:00 {"status": "ok", "path": "/home/user/ADHD-EEG-Benchmark/la-kaie/results/raw/pilot/FIR/MPHBS/inst01/run02.json", "runtime": 31.52160897700014, "best": 0.004608025479103323}
2026-09-28T10:46:27.761230+00:00 {"status": "ok", "path": "/home/user/ADHD-EEG-Benchmark/la-kaie/results/raw/pilot/FIR/LA-KAIE-NoInteraction/inst01/run02.json", "runtime": 10.960606914999516, "best": 0.008644639889558811}
2026-09-28T10:46:30.271418+00:00 {"status": "ok", "path": "/home/user/ADHD-EEG-Benchmark/la-kaie/results/raw/pilot/FIR/LA-KAIE-Full/inst01/run02.json", "runtime": 23.141432938000435, "best": 0.0046786815054736305}
2026-09-28T10:46:36.235124+00:00 {"status": "ok", "path": "/home/user/ADHD-EEG-Benchmark/la-kaie/results/raw/pilot/FIR/LA-KAIE-NoLandscape/inst01/run02.json", "runtime": 27.612473560999206, "best": 0.004676608353075546}
2026-09-28T10:46:43.531331+00:00 {"status": "ok", "path": "/home/user/ADHD-EEG-Benchmark/la-kaie/results/raw/pilot/FIR/LA-KAIE-NoKnowledgeReward/inst01/run02.json", "runtime": 21.21381270099937, "best": 0.004702616254673093}
2026-09-28T10:46:46.587621+00:00 {"status": "ok", "path": "/home/user/ADHD-EEG-Benchmark/la-kaie/results/raw/pilot/FIR/LA-KAIE-DimensionOnly/inst01/run02.json", "runtime": 18.778129971000453, "best": 0.005200228437913415}
2026-09-28T10:46:46.989854+00:00 {"status": "ok", "path": "/home/user/ADHD-EEG-Benchmark/la-kaie/results/raw/pilot/FIR/LA-KAIE-RandomExchange/inst01/run02.json", "runtime": 16.647136640999634, "best": 0.004614690443626135}
2026-09-28T10:47:01.291577+00:00 {"status": "ok", "path": "/home/user/ADHD-EEG-Benchmark/la-kaie/results/raw/pilot/FIR/LA-KAIE-FixedPolicy/inst01/run02.json", "runtime": 24.9923192870001, "best": 0.007029797475833216}
2026-09-28T10:47:08.901366+00:00 {"status": "ok", "path": "/home/user/ADHD-EEG-Benchmark/la-kaie/results/raw/pilot/FIR/LA-KAIE-FIRPrior/inst01/run02.json", "runtime": 22.265362256000117, "best": 0.004561420129999674}
2026-09-28T10:47:12.210730+00:00 {"status": "ok", "path": "/home/user/ADHD-EEG-Benchmark/la-kaie/results/raw/pilot/FIR/LA-KAIE-NoAdaptiveController/inst01/run02.json", "runtime": 28.61869096099963, "best": 0.006308826341574458}
2026-09-28T10:47:16.674434+00:00 {"status": "ok", "path": "/home/user/ADHD-EEG-Benchmark/la-kaie/results/raw/pilot/FIR/MPHBS/inst01/run03.json", "runtime": 29.66859083700001, "best": 0.004563056712139982}
2026-09-28T10:47:20.061235+00:00 {"status": "ok", "path": "/home/user/ADHD-EEG-Benchmark/la-kaie/results/raw/pilot/FIR/LA-KAIE-Full/inst01/run03.json", "runtime": 18.730053544999464, "best": 0.005519482762410082}
2026-09-28T10:47:21.355194+00:00 {"status": "ok", "path": "/home/user/ADHD-EEG-Benchmark/la-kaie/results/raw/pilot/FIR/LA-KAIE-NoInteraction/inst01/run03.json", "runtime": 9.115230387999873, "best": 0.009979107472647554}
2026-09-28T10:47:30.604217+00:00 {"status": "ok", "path": "/home/user/ADHD-EEG-Benchmark/la-kaie/results/raw/pilot/FIR/LA-KAIE-NoLandscape/inst01/run03.json", "runtime": 21.646188892999817, "best": 0.0046595520932348235}
2026-09-28T10:47:33.137108+00:00 {"status": "ok", "path": "/home/user/ADHD-EEG-Benchmark/la-kaie/results/raw/pilot/FIR/LA-KAIE-RandomExchange/inst01/run03.json", "runtime": 11.735599122999702, "best": 0.0046061128244095405}
2026-09-28T10:47:34.792331+00:00 {"status": "ok", "path": "/home/user/ADHD-EEG-Benchmark/la-kaie/results/raw/pilot/FIR/LA-KAIE-NoKnowledgeReward/inst01/run03.json", "runtime": 18.07181234900054, "best": 0.004718960540075618}
2026-09-28T10:47:37.818325+00:00 {"status": "ok", "path": "/home/user/ADHD-EEG-Benchmark/la-kaie/results/raw/pilot/FIR/LA-KAIE-DimensionOnly/inst01/run03.json", "runtime": 17.716223218999403, "best": 0.00526534258387713}
2026-09-28T10:47:49.539921+00:00 {"status": "ok", "path": "/home/user/ADHD-EEG-Benchmark/la-kaie/results/raw/pilot/FIR/LA-KAIE-FixedPolicy/inst01/run03.json", "runtime": 18.88071664400013, "best": 0.006090071320306449}
2026-09-28T10:47:52.363089+00:00 {"status": "ok", "path": "/home/user/ADHD-EEG-Benchmark/la-kaie/results/raw/pilot/FIR/LA-KAIE-FIRPrior/inst01/run03.json", "runtime": 17.529564262999884, "best": 0.004563162708916935}
2026-09-28T10:47:52.957892+00:00 {"status": "ok", "path": "/home/user/ADHD-EEG-Benchmark/la-kaie/results/raw/pilot/FIR/LA-KAIE-NoAdaptiveController/inst01/run03.json", "runtime": 19.766405379999924, "best": 0.00644283854293495}
2026-09-28T10:47:59.007576+00:00 {"status": "ok", "path": "/home/user/ADHD-EEG-Benchmark/la-kaie/results/raw/pilot/FIR/MPHBS/inst01/run04.json", "runtime": 21.174208845000067, "best": 0.004765116342229647}
2026-09-28T10:48:01.898015+00:00 {"status": "ok", "path": "/home/user/ADHD-EEG-Benchmark/la-kaie/results/raw/pilot/FIR/LA-KAIE-NoInteraction/inst01/run04.json", "runtime": 8.914593357999365, "best": 0.004972942243115904}
2026-09-28T10:48:07.016846+00:00 {"status": "ok", "path": "/home/user/ADHD-EEG-Benchmark/la-kaie/results/raw/pilot/FIR/LA-KAIE-Full/inst01/run04.json", "runtime": 17.423115335999682, "best": 0.00463889976396362}
2026-09-28T10:48:07.970501+00:00 {"status": "ok", "path": "/home/user/ADHD-EEG-Benchmark/la-kaie/results/raw/pilot/FIR/LA-KAIE-NoLandscape/inst01/run04.json", "runtime": 15.567711315999986, "best": 0.004562559459871247}
2026-09-28T10:48:15.163653+00:00 {"status": "ok", "path": "/home/user/ADHD-EEG-Benchmark/la-kaie/results/raw/pilot/FIR/LA-KAIE-NoKnowledgeReward/inst01/run04.json", "runtime": 16.114994152999316, "best": 0.0045616568632916785}
2026-09-28T10:48:18.587151+00:00 {"status": "ok", "path": "/home/user/ADHD-EEG-Benchmark/la-kaie/results/raw/pilot/FIR/LA-KAIE-RandomExchange/inst01/run04.json", "runtime": 11.532041725000454, "best": 0.006441205339134896}
2026-09-28T10:48:19.696802+00:00 {"status": "ok", "path": "/home/user/ADHD-EEG-Benchmark/la-kaie/results/raw/pilot/FIR/LA-KAIE-DimensionOnly/inst01/run04.json", "runtime": 17.745447260999754, "best": 0.004614633777061047}
2026-09-28T10:48:26.323586+00:00 {"status": "ok", "path": "/home/user/ADHD-EEG-Benchmark/la-kaie/results/raw/pilot/FIR/LA-KAIE-FixedPolicy/inst01/run04.json", "runtime": 18.289675913999417, "best": 0.008004441664519416}
2026-09-28T10:48:34.239403+00:00 {"status": "ok", "path": "/home/user/ADHD-EEG-Benchmark/la-kaie/results/raw/pilot/FIR/LA-KAIE-NoAdaptiveController/inst01/run04.json", "runtime": 19.0013759830008, "best": 0.006284930864471795}
2026-09-28T10:48:37.899734+00:00 {"status": "ok", "path": "/home/user/ADHD-EEG-Benchmark/la-kaie/results/raw/pilot/FIR/LA-KAIE-FIRPrior/inst01/run04.json", "runtime": 19.268874440999753, "best": 0.00470063600822191}
2026-09-28T10:48:40.809938+00:00 {"status": "ok", "path": "/home/user/ADHD-EEG-Benchmark/la-kaie/results/raw/pilot/FIR/MPHBS/inst01/run05.json", "runtime": 21.097868842000025, "best": 0.0045902688545228845}
2026-09-28T10:48:44.410816+00:00 {"status": "ok", "path": "/home/user/ADHD-EEG-Benchmark/la-kaie/results/raw/pilot/FIR/LA-KAIE-Full/inst01/run05.json", "runtime": 18.046643196999867, "best": 0.00501854926059399}
2026-09-28T10:48:46.818232+00:00 {"status": "ok", "path": "/home/user/ADHD-EEG-Benchmark/la-kaie/results/raw/pilot/FIR/LA-KAIE-NoInteraction/inst01/run05.json", "runtime": 8.895060267999725, "best": 0.005897222737215832}
2026-09-28T10:48:54.523525+00:00 {"status": "ok", "path": "/home/user/ADHD-EEG-Benchmark/la-kaie/results/raw/pilot/FIR/LA-KAIE-NoLandscape/inst01/run05.json", "runtime": 20.14199635499972, "best": 0.004584333138660085}
2026-09-28T10:49:01.715518+00:00 {"status": "ok", "path": "/home/user/ADHD-EEG-Benchmark/la-kaie/results/raw/pilot/FIR/LA-KAIE-NoKnowledgeReward/inst01/run05.json", "runtime": 20.798877143000027, "best": 0.004566886068319196}
2026-09-28T10:49:05.611669+00:00 {"status": "ok", "path": "/home/user/ADHD-EEG-Benchmark/la-kaie/results/raw/pilot/FIR/LA-KAIE-RandomExchange/inst01/run05.json", "runtime": 18.699609243999475, "best": 0.004562717623522515}
2026-09-28T10:49:06.712242+00:00 {"status": "ok", "path": "/home/user/ADHD-EEG-Benchmark/la-kaie/results/raw/pilot/FIR/LA-KAIE-DimensionOnly/inst01/run05.json", "runtime": 22.258265378000033, "best": 0.0052166315936684905}
2026-09-28T10:49:20.491887+00:00 {"status": "ok", "path": "/home/user/ADHD-EEG-Benchmark/la-kaie/results/raw/pilot/FIR/LA-KAIE-FixedPolicy/inst01/run05.json", "runtime": 25.873710961000143, "best": 0.022055281124084634}
2026-09-28T10:49:26.581530+00:00 {"status": "ok", "path": "/home/user/ADHD-EEG-Benchmark/la-kaie/results/raw/pilot/FIR/LA-KAIE-NoAdaptiveController/inst01/run05.json", "runtime": 24.809464308000315, "best": 0.006656038778553785}
2026-09-28T10:49:28.306100+00:00 {"status": "ok", "path": "/home/user/ADHD-EEG-Benchmark/la-kaie/results/raw/pilot/FIR/LA-KAIE-FIRPrior/inst01/run05.json", "runtime": 22.647718664999957, "best": 0.00481680377634941}
2026-09-28T10:49:32.660221+00:00 {"status": "ok", "path": "/home/user/ADHD-EEG-Benchmark/la-kaie/results/raw/pilot/FIR/MPHBS/inst02/run01.json", "runtime": 25.935704415000146, "best": 0.019695245633356527}
2026-09-28T10:49:39.679766+00:00 {"status": "ok", "path": "/home/user/ADHD-EEG-Benchmark/la-kaie/results/raw/pilot/FIR/LA-KAIE-NoInteraction/inst02/run01.json", "runtime": 11.327500418999989, "best": 0.021973552421676198}
2026-09-28T10:49:40.111735+00:00 {"status": "ok", "path": "/home/user/ADHD-EEG-Benchmark/la-kaie/results/raw/pilot/FIR/LA-KAIE-Full/inst02/run01.json", "runtime": 19.569996768999772, "best": 0.022341861897968114}
2026-09-28T10:49:49.476456+00:00 {"status": "ok", "path": "/home/user/ADHD-EEG-Benchmark/la-kaie/results/raw/pilot/FIR/LA-KAIE-NoLandscape/inst02/run01.json", "runtime": 22.82066434099943, "best": 0.017012158252647673}
2026-09-28T10:49:50.053995+00:00 {"status": "ok", "path": "/home/user/ADHD-EEG-Benchmark/la-kaie/results/raw/pilot/FIR/LA-KAIE-NoKnowledgeReward/inst02/run01.json", "runtime": 17.349290194999412, "best": 0.020909121401411462}
2026-09-28T10:49:52.018512+00:00 {"status": "ok", "path": "/home/user/ADHD-EEG-Benchmark/la-kaie/results/raw/pilot/FIR/LA-KAIE-RandomExchange/inst02/run01.json", "runtime": 11.874015151999629, "best": 0.02232668372017591}
2026-09-28T10:49:56.735743+00:00 {"status": "ok", "path": "/home/user/ADHD-EEG-Benchmark/la-kaie/results/raw/pilot/FIR/LA-KAIE-DimensionOnly/inst02/run01.json", "runtime": 17.001238535000084, "best": 0.022344141507167882}
2026-09-28T10:50:08.434546+00:00 {"status": "ok", "path": "/home/user/ADHD-EEG-Benchmark/la-kaie/results/raw/pilot/FIR/LA-KAIE-FixedPolicy/inst02/run01.json", "runtime": 18.898760019000292, "best": 0.028434725999496008}
2026-09-28T10:50:10.029796+00:00 {"status": "ok", "path": "/home/user/ADHD-EEG-Benchmark/la-kaie/results/raw/pilot/FIR/LA-KAIE-NoAdaptiveController/inst02/run01.json", "runtime": 19.918298133000462, "best": 0.018208578917538135}
2026-09-28T10:50:11.129910+00:00 {"status": "ok", "path": "/home/user/ADHD-EEG-Benchmark/la-kaie/results/raw/pilot/FIR/LA-KAIE-FIRPrior/inst02/run01.json", "runtime": 19.0572794159998, "best": 0.022006803570184398}
2026-09-28T10:50:18.578574+00:00 {"status": "ok", "path": "/home/user/ADHD-EEG-Benchmark/la-kaie/results/raw/pilot/FIR/MPHBS/inst02/run02.json", "runtime": 21.832625732999986, "best": 0.02087486274886054}
2026-09-28T10:50:19.987440+00:00 {"status": "ok", "path": "/home/user/ADHD-EEG-Benchmark/la-kaie/results/raw/pilot/FIR/LA-KAIE-NoInteraction/inst02/run02.json", "runtime": 8.830154625000432, "best": 0.0206431052272665}
2026-09-28T10:50:26.645850+00:00 {"status": "ok", "path": "/home/user/ADHD-EEG-Benchmark/la-kaie/results/raw/pilot/FIR/LA-KAIE-Full/inst02/run02.json", "runtime": 18.16939224699945, "best": 0.017014975060050036}
2026-09-28T10:50:29.708088+00:00 {"status": "ok", "path": "/home/user/ADHD-EEG-Benchmark/la-kaie/results/raw/pilot/FIR/LA-KAIE-NoLandscape/inst02/run02.json", "runtime": 19.632768531000693, "best": 0.02222753769873583}
2026-09-28T10:50:37.667854+00:00 {"status": "ok", "path": "/home/user/ADHD-EEG-Benchmark/la-kaie/results/raw/pilot/FIR/LA-KAIE-DimensionOnly/inst02/run02.json", "runtime": 17.636419178000324, "best": 0.017012835941773295}
2026-09-28T10:50:38.651581+00:00 {"status": "ok", "path": "/home/user/ADHD-EEG-Benchmark/la-kaie/results/raw/pilot/FIR/LA-KAIE-NoKnowledgeReward/inst02/run02.json", "runtime": 20.01479705699967, "best": 0.01719478002666993}
2026-09-28T10:50:39.671772+00:00 {"status": "ok", "path": "/home/user/ADHD-EEG-Benchmark/la-kaie/results/raw/pilot/FIR/LA-KAIE-RandomExchange/inst02/run02.json", "runtime": 12.974704644000667, "best": 0.017191514994193587}
2026-09-28T10:50:48.862724+00:00 {"status": "ok", "path": "/home/user/ADHD-EEG-Benchmark/la-kaie/results/raw/pilot/FIR/LA-KAIE-FixedPolicy/inst02/run02.json", "runtime": 19.106521918999533, "best": 0.07993898092754421}
2026-09-28T10:50:56.968653+00:00 {"status": "ok", "path": "/home/user/ADHD-EEG-Benchmark/la-kaie/results/raw/pilot/FIR/LA-KAIE-FIRPrior/inst02/run02.json", "runtime": 18.271098031999827, "best": 0.017379946498211313}
2026-09-28T10:50:57.246540+00:00 {"status": "ok", "path": "/home/user/ADHD-EEG-Benchmark/la-kaie/results/raw/pilot/FIR/LA-KAIE-NoAdaptiveController/inst02/run02.json", "runtime": 19.527179812000213, "best": 0.03905330239765878}
2026-09-28T10:50:59.563783+00:00 {"status": "ok", "path": "/home/user/ADHD-EEG-Benchmark/la-kaie/results/raw/pilot/FIR/MPHBS/inst02/run03.json", "runtime": 19.88914257400029, "best": 0.0199592639991406}
2026-09-28T10:51:05.153225+00:00 {"status": "ok", "path": "/home/user/ADHD-EEG-Benchmark/la-kaie/results/raw/pilot/FIR/LA-KAIE-Full/inst02/run03.json", "runtime": 16.242833369000437, "best": 0.017304416087633338}
2026-09-28T10:51:06.488382+00:00 {"status": "ok", "path": "/home/user/ADHD-EEG-Benchmark/la-kaie/results/raw/pilot/FIR/LA-KAIE-NoInteraction/inst02/run03.json", "runtime": 9.208521469000516, "best": 0.024727144994221188}
2026-09-28T10:51:18.753059+00:00 {"status": "ok", "path": "/home/user/ADHD-EEG-Benchmark/la-kaie/results/raw/pilot/FIR/LA-KAIE-RandomExchange/inst02/run03.json", "runtime": 12.213172349999695, "best": 0.02165553237372343}
2026-09-28T10:51:19.171791+00:00 {"status": "ok", "path": "/home/user/ADHD-EEG-Benchmark/la-kaie/results/raw/pilot/FIR/LA-KAIE-NoKnowledgeReward/inst02/run03.json", "runtime": 19.56725606800046, "best": 0.017012333229311203}
2026-09-28T10:51:19.362753+00:00 {"status": "ok", "path": "/home/user/ADHD-EEG-Benchmark/la-kaie/results/raw/pilot/FIR/LA-KAIE-NoLandscape/inst02/run03.json", "runtime": 22.33704221300013, "best": 0.01701442430926786}
2026-09-28T10:51:21.881879+00:00 {"status": "ok", "path": "/home/user/ADHD-EEG-Benchmark/la-kaie/results/raw/pilot/FIR/LA-KAIE-DimensionOnly/inst02/run03.json", "runtime": 16.686037524999847, "best": 0.017620265151323956}
2026-09-28T10:51:37.172652+00:00 {"status": "ok", "path": "/home/user/ADHD-EEG-Benchmark/la-kaie/results/raw/pilot/FIR/LA-KAIE-FixedPolicy/inst02/run03.json", "runtime": 18.36570344000029, "best": 0.023689705818273066}
2026-09-28T10:51:38.664760+00:00 {"status": "ok", "path": "/home/user/ADHD-EEG-Benchmark/la-kaie/results/raw/pilot/FIR/LA-KAIE-FIRPrior/inst02/run03.json", "runtime": 19.253908353999577, "best": 0.0170122101222208}
2026-09-28T10:51:39.059908+00:00 {"status": "ok", "path": "/home/user/ADHD-EEG-Benchmark/la-kaie/results/raw/pilot/FIR/LA-KAIE-NoAdaptiveController/inst02/run03.json", "runtime": 19.82566079299977, "best": 0.02432659169244933}
2026-09-28T10:51:42.599755+00:00 {"status": "ok", "path": "/home/user/ADHD-EEG-Benchmark/la-kaie/results/raw/pilot/FIR/MPHBS/inst02/run04.json", "runtime": 20.70716184400044, "best": 0.01784021044230506}
2026-09-28T10:51:48.305017+00:00 {"status": "ok", "path": "/home/user/ADHD-EEG-Benchmark/la-kaie/results/raw/pilot/FIR/LA-KAIE-NoInteraction/inst02/run04.json", "runtime": 9.21565245400052, "best": 0.021151378540414136}
2026-09-28T10:51:55.510955+00:00 {"status": "ok", "path": "/home/user/ADHD-EEG-Benchmark/la-kaie/results/raw/pilot/FIR/LA-KAIE-Full/inst02/run04.json", "runtime": 18.295481805000236, "best": 0.022182680649806004}
2026-09-28T10:51:59.987847+00:00 {"status": "ok", "path": "/home/user/ADHD-EEG-Benchmark/la-kaie/results/raw/pilot/FIR/LA-KAIE-NoLandscape/inst02/run04.json", "runtime": 21.273726133999844, "best": 0.02182926154594266}
2026-09-28T10:52:01.258409+00:00 {"status": "ok", "path": "/home/user/ADHD-EEG-Benchmark/la-kaie/results/raw/pilot/FIR/LA-KAIE-NoKnowledgeReward/inst02/run04.json", "runtime": 18.596493924000242, "best": 0.022089681443389048}
2026-09-28T10:52:07.518675+00:00 {"status": "ok", "path": "/home/user/ADHD-EEG-Benchmark/la-kaie/results/raw/pilot/FIR/LA-KAIE-DimensionOnly/inst02/run04.json", "runtime": 19.161940922999747, "best": 0.02238335293064649}
2026-09-28T10:52:07.716158+00:00 {"status": "ok", "path": "/home/user/ADHD-EEG-Benchmark/la-kaie/results/raw/pilot/FIR/LA-KAIE-RandomExchange/inst02/run04.json", "runtime": 12.163381016999665, "best": 0.019170289086121922}
2026-09-28T10:52:18.996802+00:00 {"status": "ok", "path": "/home/user/ADHD-EEG-Benchmark/la-kaie/results/raw/pilot/FIR/LA-KAIE-FixedPolicy/inst02/run04.json", "runtime": 18.955873943999904, "best": 0.025095903413229426}
2026-09-28T10:52:21.409375+00:00 {"status": "ok", "path": "/home/user/ADHD-EEG-Benchmark/la-kaie/results/raw/pilot/FIR/LA-KAIE-NoAdaptiveController/inst02/run04.json", "runtime": 20.094092444000125, "best": 0.030823215281120288}
2026-09-28T10:52:24.417468+00:00 {"status": "ok", "path": "/home/user/ADHD-EEG-Benchmark/la-kaie/results/raw/pilot/FIR/LA-KAIE-FIRPrior/inst02/run04.json", "runtime": 16.846508633000667, "best": 0.022472685096185607}
2026-09-28T10:52:28.595876+00:00 {"status": "ok", "path": "/home/user/ADHD-EEG-Benchmark/la-kaie/results/raw/pilot/FIR/MPHBS/inst02/run05.json", "runtime": 20.862031618999936, "best": 0.01773547193828495}
2026-09-28T10:52:33.495627+00:00 {"status": "ok", "path": "/home/user/ADHD-EEG-Benchmark/la-kaie/results/raw/pilot/FIR/LA-KAIE-NoInteraction/inst02/run05.json", "runtime": 9.038976544999969, "best": 0.02345365486137685}
2026-09-28T10:52:34.729717+00:00 {"status": "ok", "path": "/home/user/ADHD-EEG-Benchmark/la-kaie/results/raw/pilot/FIR/LA-KAIE-Full/inst02/run05.json", "runtime": 15.676644541999849, "best": 0.021652029395978822}
2026-09-28T10:52:43.019164+00:00 {"status": "ok", "path": "/home/user/ADHD-EEG-Benchmark/la-kaie/results/raw/pilot/FIR/LA-KAIE-NoLandscape/inst02/run05.json", "runtime": 21.55937772099969, "best": 0.017012347740491547}
2026-09-28T10:52:45.809996+00:00 {"status": "ok", "path": "/home/user/ADHD-EEG-Benchmark/la-kaie/results/raw/pilot/FIR/LA-KAIE-NoKnowledgeReward/inst02/run05.json", "runtime": 17.174042874000406, "best": 0.02056348554278266}
2026-09-28T10:52:46.988620+00:00 {"status": "ok", "path": "/home/user/ADHD-EEG-Benchmark/la-kaie/results/raw/pilot/FIR/LA-KAIE-RandomExchange/inst02/run05.json", "runtime": 12.219271174000824, "best": 0.02212453232092318}
2026-09-28T10:52:51.893909+00:00 {"status": "ok", "path": "/home/user/ADHD-EEG-Benchmark/la-kaie/results/raw/pilot/FIR/LA-KAIE-DimensionOnly/inst02/run05.json", "runtime": 18.355933265000203, "best": 0.021757479031020446}
2026-09-28T10:53:02.059745+00:00 {"status": "ok", "path": "/home/user/ADHD-EEG-Benchmark/la-kaie/results/raw/pilot/FIR/LA-KAIE-FixedPolicy/inst02/run05.json", "runtime": 18.97651179500008, "best": 0.07250530728995352}
2026-09-28T10:53:05.458047+00:00 {"status": "ok", "path": "/home/user/ADHD-EEG-Benchmark/la-kaie/results/raw/pilot/FIR/LA-KAIE-FIRPrior/inst02/run05.json", "runtime": 18.413935793000746, "best": 0.021534395311619818}
2026-09-28T10:53:06.249346+00:00 {"status": "ok", "path": "/home/user/ADHD-EEG-Benchmark/la-kaie/results/raw/pilot/FIR/LA-KAIE-NoAdaptiveController/inst02/run05.json", "runtime": 20.36045307599943, "best": 0.04627446597585944}
2026-09-28T10:53:14.062176+00:00 {"status": "ok", "path": "/home/user/ADHD-EEG-Benchmark/la-kaie/results/raw/pilot/FIR/MPHBS/inst03/run01.json", "runtime": 22.153566984999998, "best": 0.0045740590832955615}
2026-09-28T10:53:16.393922+00:00 {"status": "ok", "path": "/home/user/ADHD-EEG-Benchmark/la-kaie/results/raw/pilot/FIR/LA-KAIE-NoInteraction/inst03/run01.json", "runtime": 10.100012011999752, "best": 0.005215056679866136}
2026-09-28T10:53:21.312523+00:00 {"status": "ok", "path": "/home/user/ADHD-EEG-Benchmark/la-kaie/results/raw/pilot/FIR/LA-KAIE-Full/inst03/run01.json", "runtime": 19.179973022000013, "best": 0.005024703846380145}
2026-09-28T10:53:27.325938+00:00 {"status": "ok", "path": "/home/user/ADHD-EEG-Benchmark/la-kaie/results/raw/pilot/FIR/LA-KAIE-NoLandscape/inst03/run01.json", "runtime": 21.81063959000039, "best": 0.004561255673756849}
2026-09-28T10:53:30.674063+00:00 {"status": "ok", "path": "/home/user/ADHD-EEG-Benchmark/la-kaie/results/raw/pilot/FIR/LA-KAIE-NoKnowledgeReward/inst03/run01.json", "runtime": 16.567137490999812, "best": 0.004573253986880515}
2026-09-28T10:53:34.229492+00:00 {"status": "ok", "path": "/home/user/ADHD-EEG-Benchmark/la-kaie/results/raw/pilot/FIR/LA-KAIE-RandomExchange/inst03/run01.json", "runtime": 12.850122039999405, "best": 0.0064307920574376886}
2026-09-28T10:53:35.353013+00:00 {"status": "ok", "path": "/home/user/ADHD-EEG-Benchmark/la-kaie/results/raw/pilot/FIR/LA-KAIE-DimensionOnly/inst03/run01.json", "runtime": 18.88068823499998, "best": 0.004634308541393588}
2026-09-28T10:53:46.175239+00:00 {"status": "ok", "path": "/home/user/ADHD-EEG-Benchmark/la-kaie/results/raw/pilot/FIR/LA-KAIE-FixedPolicy/inst03/run01.json", "runtime": 18.76703624200036, "best": 0.006428033884527783}
2026-09-28T10:53:50.202582+00:00 {"status": "ok", "path": "/home/user/ADHD-EEG-Benchmark/la-kaie/results/raw/pilot/FIR/LA-KAIE-FIRPrior/inst03/run01.json", "runtime": 15.927571301000171, "best": 0.005091026165229563}
2026-09-28T10:53:50.872676+00:00 {"status": "ok", "path": "/home/user/ADHD-EEG-Benchmark/la-kaie/results/raw/pilot/FIR/LA-KAIE-NoAdaptiveController/inst03/run01.json", "runtime": 20.134552954000355, "best": 0.0067809209876416405}
2026-09-28T10:53:55.487710+00:00 {"status": "ok", "path": "/home/user/ADHD-EEG-Benchmark/la-kaie/results/raw/pilot/FIR/MPHBS/inst03/run02.json", "runtime": 20.097384833000433, "best": 0.004562280723422815}
2026-09-28T10:54:00.100167+00:00 {"status": "ok", "path": "/home/user/ADHD-EEG-Benchmark/la-kaie/results/raw/pilot/FIR/LA-KAIE-NoInteraction/inst03/run02.json", "runtime": 9.197191035999822, "best": 0.004582144926904468}
2026-09-28T10:54:03.595398+00:00 {"status": "ok", "path": "/home/user/ADHD-EEG-Benchmark/la-kaie/results/raw/pilot/FIR/LA-KAIE-Full/inst03/run02.json", "runtime": 17.37011538800016, "best": 0.004575988504448007}
2026-09-28T10:54:05.371560+00:00 {"status": "ok", "path": "/home/user/ADHD-EEG-Benchmark/la-kaie/results/raw/pilot/FIR/LA-KAIE-NoLandscape/inst03/run02.json", "runtime": 15.12934029400003, "best": 0.004561269069633616}
2026-09-28T10:54:12.835402+00:00 {"status": "ok", "path": "/home/user/ADHD-EEG-Benchmark/la-kaie/results/raw/pilot/FIR/LA-KAIE-NoKnowledgeReward/inst03/run02.json", "runtime": 17.323871904000043, "best": 0.004561627808637227}
2026-09-28T10:54:16.248789+00:00 {"status": "ok", "path": "/home/user/ADHD-EEG-Benchmark/la-kaie/results/raw/pilot/FIR/LA-KAIE-RandomExchange/inst03/run02.json", "runtime": 12.613895938000496, "best": 0.0054273505712704095}
2026-09-28T10:54:17.998526+00:00 {"status": "ok", "path": "/home/user/ADHD-EEG-Benchmark/la-kaie/results/raw/pilot/FIR/LA-KAIE-DimensionOnly/inst03/run02.json", "runtime": 17.856290996999633, "best": 0.004569094259268994}
2026-09-28T10:54:23.845398+00:00 {"status": "ok", "path": "/home/user/ADHD-EEG-Benchmark/la-kaie/results/raw/pilot/FIR/LA-KAIE-FixedPolicy/inst03/run02.json", "runtime": 18.41729240299992, "best": 0.00466976134855113}
2026-09-28T10:54:30.864113+00:00 {"status": "ok", "path": "/home/user/ADHD-EEG-Benchmark/la-kaie/results/raw/pilot/FIR/LA-KAIE-NoAdaptiveController/inst03/run02.json", "runtime": 17.974900129999696, "best": 0.006489732375855959}
2026-09-28T10:54:32.065944+00:00 {"status": "ok", "path": "/home/user/ADHD-EEG-Benchmark/la-kaie/results/raw/pilot/FIR/LA-KAIE-FIRPrior/inst03/run02.json", "runtime": 15.774926299999606, "best": 0.004563896634319397}
2026-09-28T10:54:37.605658+00:00 {"status": "ok", "path": "/home/user/ADHD-EEG-Benchmark/la-kaie/results/raw/pilot/FIR/MPHBS/inst03/run03.json", "runtime": 19.596689287999652, "best": 0.004680381446221046}
2026-09-28T10:54:40.479630+00:00 {"status": "ok", "path": "/home/user/ADHD-EEG-Benchmark/la-kaie/results/raw/pilot/FIR/LA-KAIE-Full/inst03/run03.json", "runtime": 16.578763591999632, "best": 0.004836146532393875}
2026-09-28T10:54:41.965443+00:00 {"status": "ok", "path": "/home/user/ADHD-EEG-Benchmark/la-kaie/results/raw/pilot/FIR/LA-KAIE-NoInteraction/inst03/run03.json", "runtime": 9.871876041000178, "best": 0.0046896692624950375}
2026-09-28T10:54:51.711671+00:00 {"status": "ok", "path": "/home/user/ADHD-EEG-Benchmark/la-kaie/results/raw/pilot/FIR/LA-KAIE-NoLandscape/inst03/run03.json", "runtime": 20.767519304000416, "best": 0.004998964979691623}
2026-09-28T10:54:53.421856+00:00 {"status": "ok", "path": "/home/user/ADHD-EEG-Benchmark/la-kaie/results/raw/pilot/FIR/LA-KAIE-NoKnowledgeReward/inst03/run03.json", "runtime": 15.777411758000198, "best": 0.004563689572423559}
2026-09-28T10:54:54.507749+00:00 {"status": "ok", "path": "/home/user/ADHD-EEG-Benchmark/la-kaie/results/raw/pilot/FIR/LA-KAIE-RandomExchange/inst03/run03.json", "runtime": 12.504218322999805, "best": 0.004590816861291712}
2026-09-28T10:54:59.489171+00:00 {"status": "ok", "path": "/home/user/ADHD-EEG-Benchmark/la-kaie/results/raw/pilot/FIR/LA-KAIE-DimensionOnly/inst03/run03.json", "runtime": 18.952893384000163, "best": 0.0048252653307119045}
2026-09-28T10:55:13.053759+00:00 {"status": "ok", "path": "/home/user/ADHD-EEG-Benchmark/la-kaie/results/raw/pilot/FIR/LA-KAIE-FixedPolicy/inst03/run03.json", "runtime": 21.297546644999784, "best": 0.0075446133336215275}
2026-09-28T10:55:14.736124+00:00 {"status": "ok", "path": "/home/user/ADHD-EEG-Benchmark/la-kaie/results/raw/pilot/FIR/LA-KAIE-FIRPrior/inst03/run03.json", "runtime": 20.18447070000002, "best": 0.00488764442729722}
2026-09-28T10:55:15.583158+00:00 {"status": "ok", "path": "/home/user/ADHD-EEG-Benchmark/la-kaie/results/raw/pilot/FIR/LA-KAIE-NoAdaptiveController/inst03/run03.json", "runtime": 22.109018563000063, "best": 0.0062056642328536405}
2026-09-28T10:55:22.666597+00:00 {"status": "ok", "path": "/home/user/ADHD-EEG-Benchmark/la-kaie/results/raw/pilot/FIR/MPHBS/inst03/run04.json", "runtime": 23.1618746260001, "best": 0.004921841469520804}
2026-09-28T10:55:26.851678+00:00 {"status": "ok", "path": "/home/user/ADHD-EEG-Benchmark/la-kaie/results/raw/pilot/FIR/LA-KAIE-NoInteraction/inst03/run04.json", "runtime": 11.216863612999987, "best": 0.005091494453871082}
2026-09-28T10:55:29.636235+00:00 {"status": "ok", "path": "/home/user/ADHD-EEG-Benchmark/la-kaie/results/raw/pilot/FIR/LA-KAIE-Full/inst03/run04.json", "runtime": 16.5319014480001, "best": 0.0046538914363810045}
2026-09-28T10:55:39.140132+00:00 {"status": "ok", "path": "/home/user/ADHD-EEG-Benchmark/la-kaie/results/raw/pilot/FIR/LA-KAIE-NoLandscape/inst03/run04.json", "runtime": 24.340157490999445, "best": 0.004799815474105119}
2026-09-28T10:55:44.374004+00:00 {"status": "ok", "path": "/home/user/ADHD-EEG-Benchmark/la-kaie/results/raw/pilot/FIR/LA-KAIE-NoKnowledgeReward/inst03/run04.json", "runtime": 21.6596921499995, "best": 0.004592584781078254}
2026-09-28T10:55:44.629645+00:00 {"status": "ok", "path": "/home/user/ADHD-EEG-Benchmark/la-kaie/results/raw/pilot/FIR/LA-KAIE-RandomExchange/inst03/run04.json", "runtime": 14.948649334000038, "best": 0.0048141000225359505}
2026-09-28T10:55:46.247576+00:00 {"status": "ok", "path": "/home/user/ADHD-EEG-Benchmark/la-kaie/results/raw/pilot/FIR/LA-KAIE-DimensionOnly/inst03/run04.json", "runtime": 19.361599584999567, "best": 0.004572890327022894}
2026-09-28T10:55:57.459209+00:00 {"status": "ok", "path": "/home/user/ADHD-EEG-Benchmark/la-kaie/results/raw/pilot/FIR/LA-KAIE-FixedPolicy/inst03/run04.json", "runtime": 18.271193579000283, "best": 0.007886787889593351}
2026-09-28T10:56:01.857823+00:00 {"status": "ok", "path": "/home/user/ADHD-EEG-Benchmark/la-kaie/results/raw/pilot/FIR/LA-KAIE-FIRPrior/inst03/run04.json", "runtime": 17.179021463000026, "best": 0.004591164019493748}
2026-09-28T10:56:05.646104+00:00 {"status": "ok", "path": "/home/user/ADHD-EEG-Benchmark/la-kaie/results/raw/pilot/FIR/LA-KAIE-NoAdaptiveController/inst03/run04.json", "runtime": 21.204560703000425, "best": 0.005684581918539804}
2026-09-28T10:56:09.344220+00:00 {"status": "ok", "path": "/home/user/ADHD-EEG-Benchmark/la-kaie/results/raw/pilot/FIR/MPHBS/inst03/run05.json", "runtime": 23.080667264000112, "best": 0.004603233876352092}
2026-09-28T10:56:14.956014+00:00 {"status": "ok", "path": "/home/user/ADHD-EEG-Benchmark/la-kaie/results/raw/pilot/FIR/LA-KAIE-Full/inst03/run05.json", "runtime": 17.4538992530006, "best": 0.005156679593319556}
2026-09-28T10:56:16.811881+00:00 {"status": "ok", "path": "/home/user/ADHD-EEG-Benchmark/la-kaie/results/raw/pilot/FIR/LA-KAIE-NoInteraction/inst03/run05.json", "runtime": 11.111871228000382, "best": 0.004932126857430649}
2026-09-28T10:56:25.557514+00:00 {"status": "ok", "path": "/home/user/ADHD-EEG-Benchmark/la-kaie/results/raw/pilot/FIR/LA-KAIE-NoLandscape/inst03/run05.json", "runtime": 23.629831158000343, "best": 0.006107988887881104}
2026-09-28T10:56:29.155591+00:00 {"status": "ok", "path": "/home/user/ADHD-EEG-Benchmark/la-kaie/results/raw/pilot/FIR/LA-KAIE-NoKnowledgeReward/inst03/run05.json", "runtime": 19.767483159999756, "best": 0.004626637112647678}
2026-09-28T10:56:29.325976+00:00 {"status": "ok", "path": "/home/user/ADHD-EEG-Benchmark/la-kaie/results/raw/pilot/FIR/LA-KAIE-RandomExchange/inst03/run05.json", "runtime": 12.477801396999894, "best": 0.004963033535182898}
2026-09-28T10:56:31.224793+00:00 {"status": "ok", "path": "/home/user/ADHD-EEG-Benchmark/la-kaie/results/raw/pilot/FIR/LA-KAIE-DimensionOnly/inst03/run05.json", "runtime": 16.231035463999433, "best": 0.005178544687726226}
2026-09-28T10:56:43.961110+00:00 {"status": "ok", "path": "/home/user/ADHD-EEG-Benchmark/la-kaie/results/raw/pilot/FIR/LA-KAIE-FixedPolicy/inst03/run05.json", "runtime": 18.337559080000574, "best": 0.007997035040962223}
2026-09-28T10:56:46.791084+00:00 {"status": "ok", "path": "/home/user/ADHD-EEG-Benchmark/la-kaie/results/raw/pilot/FIR/LA-KAIE-FIRPrior/inst03/run05.json", "runtime": 17.42286017599963, "best": 0.00499271086809187}
2026-09-28T10:56:50.394860+00:00 {"status": "ok", "path": "/home/user/ADHD-EEG-Benchmark/la-kaie/results/raw/pilot/FIR/LA-KAIE-NoAdaptiveController/inst03/run05.json", "runtime": 21.169367589000103, "best": 0.00672678495809224}
2026-09-28T10:56:53.423877+00:00 {"status": "ok", "path": "/home/user/ADHD-EEG-Benchmark/la-kaie/results/raw/pilot/FIR/MPHBS/inst04/run01.json", "runtime": 22.18597022999984, "best": 0.020864443351596904}
2026-09-28T10:57:00.598066+00:00 {"status": "ok", "path": "/home/user/ADHD-EEG-Benchmark/la-kaie/results/raw/pilot/FIR/LA-KAIE-NoInteraction/inst04/run01.json", "runtime": 10.160972717999357, "best": 0.023631533225848385}
2026-09-28T10:57:01.920575+00:00 {"status": "ok", "path": "/home/user/ADHD-EEG-Benchmark/la-kaie/results/raw/pilot/FIR/LA-KAIE-Full/inst04/run01.json", "runtime": 17.92278959399937, "best": 0.01702351082601815}
2026-09-28T10:57:04.606994+00:00 {"status": "ok", "path": "/home/user/ADHD-EEG-Benchmark/la-kaie/results/raw/pilot/FIR/LA-KAIE-NoLandscape/inst04/run01.json", "runtime": 17.764823713000624, "best": 0.019974796625099062}
2026-09-28T10:57:14.631161+00:00 {"status": "ok", "path": "/home/user/ADHD-EEG-Benchmark/la-kaie/results/raw/pilot/FIR/LA-KAIE-NoKnowledgeReward/inst04/run01.json", "runtime": 21.155027840000002, "best": 0.01764019113585128}
2026-09-28T10:57:15.279499+00:00 {"status": "ok", "path": "/home/user/ADHD-EEG-Benchmark/la-kaie/results/raw/pilot/FIR/LA-KAIE-RandomExchange/inst04/run01.json", "runtime": 13.311220419000165, "best": 0.02158681331491898}
2026-09-28T10:57:17.119971+00:00 {"status": "ok", "path": "/home/user/ADHD-EEG-Benchmark/la-kaie/results/raw/pilot/FIR/LA-KAIE-DimensionOnly/inst04/run01.json", "runtime": 16.48402039299981, "best": 0.017015213643483164}
2026-09-28T10:57:22.785311+00:00 {"status": "ok", "path": "/home/user/ADHD-EEG-Benchmark/la-kaie/results/raw/pilot/FIR/LA-KAIE-FixedPolicy/inst04/run01.json", "runtime": 18.099078719999852, "best": 0.026654868610099997}
2026-09-28T10:57:32.891586+00:00 {"status": "ok", "path": "/home/user/ADHD-EEG-Benchmark/la-kaie/results/raw/pilot/FIR/LA-KAIE-FIRPrior/inst04/run01.json", "runtime": 17.549319691000164, "best": 0.017029169249720068}
2026-09-28T10:57:32.968050+00:00 {"status": "ok", "path": "/home/user/ADHD-EEG-Benchmark/la-kaie/results/raw/pilot/FIR/LA-KAIE-NoAdaptiveController/inst04/run01.json", "runtime": 18.28517328700036, "best": 0.030564903417521924}
2026-09-28T10:57:37.504511+00:00 {"status": "ok", "path": "/home/user/ADHD-EEG-Benchmark/la-kaie/results/raw/pilot/FIR/MPHBS/inst04/run02.json", "runtime": 20.374725093999587, "best": 0.021608617911270223}
2026-09-28T10:57:40.663713+00:00 {"status": "ok", "path": "/home/user/ADHD-EEG-Benchmark/la-kaie/results/raw/pilot/FIR/LA-KAIE-Full/inst04/run02.json", "runtime": 17.80400733999977, "best": 0.01710313468961406}
2026-09-28T10:57:42.323196+00:00 {"status": "ok", "path": "/home/user/ADHD-EEG-Benchmark/la-kaie/results/raw/pilot/FIR/LA-KAIE-NoInteraction/inst04/run02.json", "runtime": 9.329263872999945, "best": 0.02200586061623481}
2026-09-28T10:57:53.809941+00:00 {"status": "ok", "path": "/home/user/ADHD-EEG-Benchmark/la-kaie/results/raw/pilot/FIR/LA-KAIE-RandomExchange/inst04/run02.json", "runtime": 11.450030597000477, "best": 0.017083287622381236}
2026-09-28T10:57:54.324711+00:00 {"status": "ok", "path": "/home/user/ADHD-EEG-Benchmark/la-kaie/results/raw/pilot/FIR/LA-KAIE-NoLandscape/inst04/run02.json", "runtime": 21.3767465990004, "best": 0.02053973461824736}
2026-09-28T10:57:55.046042+00:00 {"status": "ok", "path": "/home/user/ADHD-EEG-Benchmark/la-kaie/results/raw/pilot/FIR/LA-KAIE-NoKnowledgeReward/inst04/run02.json", "runtime": 17.501770419999957, "best": 0.020682222197807822}
2026-09-28T10:57:58.582872+00:00 {"status": "ok", "path": "/home/user/ADHD-EEG-Benchmark/la-kaie/results/raw/pilot/FIR/LA-KAIE-DimensionOnly/inst04/run02.json", "runtime": 17.87757711300037, "best": 0.017012811033260973}
2026-09-28T10:58:13.531613+00:00 {"status": "ok", "path": "/home/user/ADHD-EEG-Benchmark/la-kaie/results/raw/pilot/FIR/LA-KAIE-FixedPolicy/inst04/run02.json", "runtime": 19.650039868999556, "best": 0.023645077093122215}
2026-09-28T10:58:13.890365+00:00 {"status": "ok", "path": "/home/user/ADHD-EEG-Benchmark/la-kaie/results/raw/pilot/FIR/LA-KAIE-FIRPrior/inst04/run02.json", "runtime": 18.795500475999688, "best": 0.017012209951451952}
2026-09-28T10:58:15.497940+00:00 {"status": "ok", "path": "/home/user/ADHD-EEG-Benchmark/la-kaie/results/raw/pilot/FIR/LA-KAIE-NoAdaptiveController/inst04/run02.json", "runtime": 21.106180238999514, "best": 0.025036618693872876}
2026-09-28T10:58:22.976571+00:00 {"status": "ok", "path": "/home/user/ADHD-EEG-Benchmark/la-kaie/results/raw/pilot/FIR/MPHBS/inst04/run03.json", "runtime": 24.37937143199997, "best": 0.017682736268624953}
2026-09-28T10:58:26.214493+00:00 {"status": "ok", "path": "/home/user/ADHD-EEG-Benchmark/la-kaie/results/raw/pilot/FIR/LA-KAIE-NoInteraction/inst04/run03.json", "runtime": 10.684279426000103, "best": 0.022273209915308925}
2026-09-28T10:58:32.006290+00:00 {"status": "ok", "path": "/home/user/ADHD-EEG-Benchmark/la-kaie/results/raw/pilot/FIR/LA-KAIE-Full/inst04/run03.json", "runtime": 18.435615424999924, "best": 0.023054252396703792}
2026-09-28T10:58:38.008226+00:00 {"status": "ok", "path": "/home/user/ADHD-EEG-Benchmark/la-kaie/results/raw/pilot/FIR/LA-KAIE-NoLandscape/inst04/run03.json", "runtime": 24.059730998000305, "best": 0.017012201398902027}
2026-09-28T10:58:40.087360+00:00 {"status": "ok", "path": "/home/user/ADHD-EEG-Benchmark/la-kaie/results/raw/pilot/FIR/LA-KAIE-NoKnowledgeReward/inst04/run03.json", "runtime": 17.07263366100051, "best": 0.022363753367553075}
2026-09-28T10:58:44.620348+00:00 {"status": "ok", "path": "/home/user/ADHD-EEG-Benchmark/la-kaie/results/raw/pilot/FIR/LA-KAIE-RandomExchange/inst04/run03.json", "runtime": 12.571637246000137, "best": 0.027285295543098564}
2026-09-28T10:58:44.848396+00:00 {"status": "ok", "path": "/home/user/ADHD-EEG-Benchmark/la-kaie/results/raw/pilot/FIR/LA-KAIE-DimensionOnly/inst04/run03.json", "runtime": 18.59108802799983, "best": 0.021778447626352677}
2026-09-28T10:58:56.889452+00:00 {"status": "ok", "path": "/home/user/ADHD-EEG-Benchmark/la-kaie/results/raw/pilot/FIR/LA-KAIE-FixedPolicy/inst04/run03.json", "runtime": 18.828188356999817, "best": 0.028337079512585198}
2026-09-28T10:58:59.618192+00:00 {"status": "ok", "path": "/home/user/ADHD-EEG-Benchmark/la-kaie/results/raw/pilot/FIR/LA-KAIE-NoAdaptiveController/inst04/run03.json", "runtime": 19.47753042900058, "best": 0.025225547612769607}
2026-09-28T10:59:02.020474+00:00 {"status": "ok", "path": "/home/user/ADHD-EEG-Benchmark/la-kaie/results/raw/pilot/FIR/LA-KAIE-FIRPrior/inst04/run03.json", "runtime": 17.35509297000044, "best": 0.02197423607284118}
2026-09-28T10:59:05.133616+00:00 {"status": "ok", "path": "/home/user/ADHD-EEG-Benchmark/la-kaie/results/raw/pilot/FIR/MPHBS/inst04/run04.json", "runtime": 20.27467939500002, "best": 0.018250195999952448}
2026-09-28T10:59:11.546996+00:00 {"status": "ok", "path": "/home/user/ADHD-EEG-Benchmark/la-kaie/results/raw/pilot/FIR/LA-KAIE-NoInteraction/inst04/run04.json", "runtime": 9.494801531000121, "best": 0.021752381962230373}
2026-09-28T10:59:14.018723+00:00 {"status": "ok", "path": "/home/user/ADHD-EEG-Benchmark/la-kaie/results/raw/pilot/FIR/LA-KAIE-Full/inst04/run04.json", "runtime": 17.079911443000128, "best": 0.017057851899035848}
2026-09-28T10:59:20.312693+00:00 {"status": "ok", "path": "/home/user/ADHD-EEG-Benchmark/la-kaie/results/raw/pilot/FIR/LA-KAIE-NoLandscape/inst04/run04.json", "runtime": 20.63032170599945, "best": 0.020523898684848444}
2026-09-28T10:59:22.687850+00:00 {"status": "ok", "path": "/home/user/ADHD-EEG-Benchmark/la-kaie/results/raw/pilot/FIR/LA-KAIE-NoKnowledgeReward/inst04/run04.json", "runtime": 17.516496656000527, "best": 0.01809785392247144}
2026-09-28T10:59:25.312363+00:00 {"status": "ok", "path": "/home/user/ADHD-EEG-Benchmark/la-kaie/results/raw/pilot/FIR/LA-KAIE-RandomExchange/inst04/run04.json", "runtime": 11.25635788999989, "best": 0.02168601615622368}
2026-09-28T10:59:27.796399+00:00 {"status": "ok", "path": "/home/user/ADHD-EEG-Benchmark/la-kaie/results/raw/pilot/FIR/LA-KAIE-DimensionOnly/inst04/run04.json", "runtime": 16.211242141000184, "best": 0.017019834977891557}
2026-09-28T10:59:41.102863+00:00 {"status": "ok", "path": "/home/user/ADHD-EEG-Benchmark/la-kaie/results/raw/pilot/FIR/LA-KAIE-FixedPolicy/inst04/run04.json", "runtime": 20.74302365099993, "best": 0.03004269976281201}
2026-09-28T10:59:44.838375+00:00 {"status": "ok", "path": "/home/user/ADHD-EEG-Benchmark/la-kaie/results/raw/pilot/FIR/LA-KAIE-FIRPrior/inst04/run04.json", "runtime": 19.466698527000517, "best": 0.017017500223009123}
2026-09-28T10:59:44.944598+00:00 {"status": "ok", "path": "/home/user/ADHD-EEG-Benchmark/la-kaie/results/raw/pilot/FIR/LA-KAIE-NoAdaptiveController/inst04/run04.json", "runtime": 22.202715427999465, "best": 0.03876954975318395}
2026-09-28T10:59:50.684014+00:00 {"status": "ok", "path": "/home/user/ADHD-EEG-Benchmark/la-kaie/results/raw/pilot/FIR/MPHBS/inst04/run05.json", "runtime": 22.87598018999961, "best": 0.017016187813345938}
2026-09-28T10:59:54.898256+00:00 {"status": "ok", "path": "/home/user/ADHD-EEG-Benchmark/la-kaie/results/raw/pilot/FIR/LA-KAIE-NoInteraction/inst04/run05.json", "runtime": 9.926029752999966, "best": 0.019964110521109347}
2026-09-28T10:59:57.050151+00:00 {"status": "ok", "path": "/home/user/ADHD-EEG-Benchmark/la-kaie/results/raw/pilot/FIR/LA-KAIE-Full/inst04/run05.json", "runtime": 15.908995046999735, "best": 0.022145331163869325}
2026-09-28T11:00:07.187600+00:00 {"status": "ok", "path": "/home/user/ADHD-EEG-Benchmark/la-kaie/results/raw/pilot/FIR/LA-KAIE-NoLandscape/inst04/run05.json", "runtime": 22.29133705899949, "best": 0.018361804189183702}
2026-09-28T11:00:09.356745+00:00 {"status": "ok", "path": "/home/user/ADHD-EEG-Benchmark/la-kaie/results/raw/pilot/FIR/LA-KAIE-NoKnowledgeReward/inst04/run05.json", "runtime": 18.602298539000003, "best": 0.019113332271357163}
2026-09-28T11:00:09.534810+00:00 {"status": "ok", "path": "/home/user/ADHD-EEG-Benchmark/la-kaie/results/raw/pilot/FIR/LA-KAIE-RandomExchange/inst04/run05.json", "runtime": 12.444081272999938, "best": 0.017888354612872904}
2026-09-28T11:00:10.885971+00:00 {"status": "ok", "path": "/home/user/ADHD-EEG-Benchmark/la-kaie/results/raw/pilot/FIR/LA-KAIE-DimensionOnly/inst04/run05.json", "runtime": 15.941058645999874, "best": 0.019461264415299932}
2026-09-28T11:00:26.054084+00:00 {"status": "ok", "path": "/home/user/ADHD-EEG-Benchmark/la-kaie/results/raw/pilot/FIR/LA-KAIE-FixedPolicy/inst04/run05.json", "runtime": 18.798463531999914, "best": 0.02711975940723087}
2026-09-28T11:00:27.365180+00:00 {"status": "ok", "path": "/home/user/ADHD-EEG-Benchmark/la-kaie/results/raw/pilot/FIR/LA-KAIE-FIRPrior/inst04/run05.json", "runtime": 17.785018783999476, "best": 0.017070847141316427}
2026-09-28T11:00:28.902037+00:00 {"status": "ok", "path": "/home/user/ADHD-EEG-Benchmark/la-kaie/results/raw/pilot/FIR/LA-KAIE-NoAdaptiveController/inst04/run05.json", "runtime": 19.491494838999643, "best": 0.020158119385866133}
2026-09-28T11:00:34.821823+00:00 {"status": "ok", "path": "/home/user/ADHD-EEG-Benchmark/la-kaie/results/raw/pilot/FIR/MPHBS/inst05/run01.json", "runtime": 23.90434353799992, "best": 0.002175744625188942}
2026-09-28T11:00:38.545873+00:00 {"status": "ok", "path": "/home/user/ADHD-EEG-Benchmark/la-kaie/results/raw/pilot/FIR/LA-KAIE-NoInteraction/inst05/run01.json", "runtime": 9.617754212000364, "best": 0.003294840303904667}
2026-09-28T11:00:43.628546+00:00 {"status": "ok", "path": "/home/user/ADHD-EEG-Benchmark/la-kaie/results/raw/pilot/FIR/LA-KAIE-Full/inst05/run01.json", "runtime": 17.505175848000363, "best": 0.000931029358236032}
2026-09-28T11:00:50.078984+00:00 {"status": "ok", "path": "/home/user/ADHD-EEG-Benchmark/la-kaie/results/raw/pilot/FIR/LA-KAIE-NoLandscape/inst05/run01.json", "runtime": 22.638833623999744, "best": 0.001258823407389375}
2026-09-28T11:00:53.191573+00:00 {"status": "ok", "path": "/home/user/ADHD-EEG-Benchmark/la-kaie/results/raw/pilot/FIR/LA-KAIE-NoKnowledgeReward/inst05/run01.json", "runtime": 18.318745935999686, "best": 0.0013244733436765153}
2026-09-28T11:00:56.197348+00:00 {"status": "ok", "path": "/home/user/ADHD-EEG-Benchmark/la-kaie/results/raw/pilot/FIR/LA-KAIE-RandomExchange/inst05/run01.json", "runtime": 12.521428234999803, "best": 0.0019591646439730786}
2026-09-28T11:00:57.915804+00:00 {"status": "ok", "path": "/home/user/ADHD-EEG-Benchmark/la-kaie/results/raw/pilot/FIR/LA-KAIE-DimensionOnly/inst05/run01.json", "runtime": 19.318361030000233, "best": 0.0009167422201984087}
2026-09-28T11:01:08.298055+00:00 {"status": "ok", "path": "/home/user/ADHD-EEG-Benchmark/la-kaie/results/raw/pilot/FIR/LA-KAIE-FixedPolicy/inst05/run01.json", "runtime": 18.166169199999786, "best": 0.004465342115553909}
2026-09-28T11:01:12.833468+00:00 {"status": "ok", "path": "/home/user/ADHD-EEG-Benchmark/la-kaie/results/raw/pilot/FIR/LA-KAIE-FIRPrior/inst05/run01.json", "runtime": 16.59709195999949, "best": 0.0010146980792132474}
2026-09-28T11:01:13.044908+00:00 {"status": "ok", "path": "/home/user/ADHD-EEG-Benchmark/la-kaie/results/raw/pilot/FIR/LA-KAIE-NoAdaptiveController/inst05/run01.json", "runtime": 19.79384826900059, "best": 0.0035866714130596694}
2026-09-28T11:01:20.791572+00:00 {"status": "ok", "path": "/home/user/ADHD-EEG-Benchmark/la-kaie/results/raw/pilot/FIR/MPHBS/inst05/run02.json", "runtime": 22.86896739200074, "best": 0.0017576169760521823}
2026-09-28T11:01:22.993088+00:00 {"status": "ok", "path": "/home/user/ADHD-EEG-Benchmark/la-kaie/results/raw/pilot/FIR/LA-KAIE-NoInteraction/inst05/run02.json", "runtime": 9.922975119000512, "best": 0.0015283616329036342}
2026-09-28T11:01:27.812010+00:00 {"status": "ok", "path": "/home/user/ADHD-EEG-Benchmark/la-kaie/results/raw/pilot/FIR/LA-KAIE-Full/inst05/run02.json", "runtime": 19.433201264999298, "best": 0.0014837837214378086}
2026-09-28T11:01:33.355570+00:00 {"status": "ok", "path": "/home/user/ADHD-EEG-Benchmark/la-kaie/results/raw/pilot/FIR/LA-KAIE-NoLandscape/inst05/run02.json", "runtime": 20.46621524300008, "best": 0.0012587282683788155}
2026-09-28T11:01:40.228118+00:00 {"status": "ok", "path": "/home/user/ADHD-EEG-Benchmark/la-kaie/results/raw/pilot/FIR/LA-KAIE-NoKnowledgeReward/inst05/run02.json", "runtime": 19.3923780060004, "best": 0.0012041417870188524}
2026-09-28T11:01:40.428015+00:00 {"status": "ok", "path": "/home/user/ADHD-EEG-Benchmark/la-kaie/results/raw/pilot/FIR/LA-KAIE-RandomExchange/inst05/run02.json", "runtime": 12.568726776999938, "best": 0.0023270806889201913}
2026-09-28T11:01:41.556658+00:00 {"status": "ok", "path": "/home/user/ADHD-EEG-Benchmark/la-kaie/results/raw/pilot/FIR/LA-KAIE-DimensionOnly/inst05/run02.json", "runtime": 18.521957773000395, "best": 0.0011111139325208044}
2026-09-28T11:01:52.551677+00:00 {"status": "ok", "path": "/home/user/ADHD-EEG-Benchmark/la-kaie/results/raw/pilot/FIR/LA-KAIE-FixedPolicy/inst05/run02.json", "runtime": 19.14085522000005, "best": 0.0045519451409826925}
2026-09-28T11:01:56.617309+00:00 {"status": "ok", "path": "/home/user/ADHD-EEG-Benchmark/la-kaie/results/raw/pilot/FIR/LA-KAIE-FIRPrior/inst05/run02.json", "runtime": 16.153902005999953, "best": 0.0008986351132333544}
2026-09-28T11:01:59.546544+00:00 {"status": "ok", "path": "/home/user/ADHD-EEG-Benchmark/la-kaie/results/raw/pilot/FIR/LA-KAIE-NoAdaptiveController/inst05/run02.json", "runtime": 19.265509654000198, "best": 0.0034094589649433195}
2026-09-28T11:02:03.456016+00:00 {"status": "ok", "path": "/home/user/ADHD-EEG-Benchmark/la-kaie/results/raw/pilot/FIR/MPHBS/inst05/run03.json", "runtime": 21.88496792099977, "best": 0.0018243316950297631}
2026-09-28T11:02:10.158352+00:00 {"status": "ok", "path": "/home/user/ADHD-EEG-Benchmark/la-kaie/results/raw/pilot/FIR/LA-KAIE-NoInteraction/inst05/run03.json", "runtime": 10.577138972000284, "best": 0.002100778482047008}
2026-09-28T11:02:12.493865+00:00 {"status": "ok", "path": "/home/user/ADHD-EEG-Benchmark/la-kaie/results/raw/pilot/FIR/LA-KAIE-Full/inst05/run03.json", "runtime": 19.885685346000173, "best": 0.0021871083457737986}
2026-09-28T11:02:21.074017+00:00 {"status": "ok", "path": "/home/user/ADHD-EEG-Benchmark/la-kaie/results/raw/pilot/FIR/LA-KAIE-NoLandscape/inst05/run03.json", "runtime": 24.399468956999954, "best": 0.0011391768636545504}
2026-09-28T11:02:21.699114+00:00 {"status": "ok", "path": "/home/user/ADHD-EEG-Benchmark/la-kaie/results/raw/pilot/FIR/LA-KAIE-NoKnowledgeReward/inst05/run03.json", "runtime": 18.19644892299948, "best": 0.002235519522231181}
2026-09-28T11:02:26.355719+00:00 {"status": "ok", "path": "/home/user/ADHD-EEG-Benchmark/la-kaie/results/raw/pilot/FIR/LA-KAIE-RandomExchange/inst05/run03.json", "runtime": 13.807436436999524, "best": 0.0019829852302114663}
2026-09-28T11:02:32.007908+00:00 {"status": "ok", "path": "/home/user/ADHD-EEG-Benchmark/la-kaie/results/raw/pilot/FIR/LA-KAIE-DimensionOnly/inst05/run03.json", "runtime": 21.805281602999457, "best": 0.001308726650953833}
2026-09-28T11:02:42.518908+00:00 {"status": "ok", "path": "/home/user/ADHD-EEG-Benchmark/la-kaie/results/raw/pilot/FIR/LA-KAIE-FixedPolicy/inst05/run03.json", "runtime": 21.39711661199999, "best": 0.0022941216286202835}
2026-09-28T11:02:42.862973+00:00 {"status": "ok", "path": "/home/user/ADHD-EEG-Benchmark/la-kaie/results/raw/pilot/FIR/LA-KAIE-FIRPrior/inst05/run03.json", "runtime": 16.469722452000497, "best": 0.0023402698879382987}
2026-09-28T11:02:43.707579+00:00 {"status": "ok", "path": "/home/user/ADHD-EEG-Benchmark/la-kaie/results/raw/pilot/FIR/LA-KAIE-NoAdaptiveController/inst05/run03.json", "runtime": 21.953834306000317, "best": 0.002320088701323877}
2026-09-28T11:02:52.832421+00:00 {"status": "ok", "path": "/home/user/ADHD-EEG-Benchmark/la-kaie/results/raw/pilot/FIR/LA-KAIE-NoInteraction/inst05/run04.json", "runtime": 9.095414160000473, "best": 0.0012987197987765976}
2026-09-28T11:02:54.185334+00:00 {"status": "ok", "path": "/home/user/ADHD-EEG-Benchmark/la-kaie/results/raw/pilot/FIR/MPHBS/inst05/run04.json", "runtime": 22.166726310999366, "best": 0.0012106282699025643}
2026-09-28T11:03:00.997872+00:00 {"status": "ok", "path": "/home/user/ADHD-EEG-Benchmark/la-kaie/results/raw/pilot/FIR/LA-KAIE-Full/inst05/run04.json", "runtime": 18.430381610999575, "best": 0.0014899918422670694}
2026-09-28T11:03:05.727683+00:00 {"status": "ok", "path": "/home/user/ADHD-EEG-Benchmark/la-kaie/results/raw/pilot/FIR/LA-KAIE-NoLandscape/inst05/run04.json", "runtime": 22.790069759999824, "best": 0.0009157025132948604}
2026-09-28T11:03:14.992715+00:00 {"status": "ok", "path": "/home/user/ADHD-EEG-Benchmark/la-kaie/results/raw/pilot/FIR/LA-KAIE-DimensionOnly/inst05/run04.json", "runtime": 20.75451497299946, "best": 0.0014260579974817015}
2026-09-28T11:03:16.483340+00:00 {"status": "ok", "path": "/home/user/ADHD-EEG-Benchmark/la-kaie/results/raw/pilot/FIR/LA-KAIE-NoKnowledgeReward/inst05/run04.json", "runtime": 23.603759461000664, "best": 0.0017349708913823746}
2026-09-28T11:03:19.092086+00:00 {"status": "ok", "path": "/home/user/ADHD-EEG-Benchmark/la-kaie/results/raw/pilot/FIR/LA-KAIE-RandomExchange/inst05/run04.json", "runtime": 18.0488545470007, "best": 0.004249321417674066}
2026-09-28T11:03:29.666249+00:00 {"status": "ok", "path": "/home/user/ADHD-EEG-Benchmark/la-kaie/results/raw/pilot/FIR/LA-KAIE-FixedPolicy/inst05/run04.json", "runtime": 23.873178570000164, "best": 0.0079117990981795}
2026-09-28T11:03:33.589691+00:00 {"status": "ok", "path": "/home/user/ADHD-EEG-Benchmark/la-kaie/results/raw/pilot/FIR/LA-KAIE-FIRPrior/inst05/run04.json", "runtime": 17.07133547400008, "best": 0.0017058775298717647}
2026-09-28T11:03:38.664352+00:00 {"status": "ok", "path": "/home/user/ADHD-EEG-Benchmark/la-kaie/results/raw/pilot/FIR/LA-KAIE-NoAdaptiveController/inst05/run04.json", "runtime": 23.602767360000144, "best": 0.0034544614315161594}
2026-09-28T11:03:42.202560+00:00 {"status": "ok", "path": "/home/user/ADHD-EEG-Benchmark/la-kaie/results/raw/pilot/FIR/MPHBS/inst05/run05.json", "runtime": 23.098149419000038, "best": 0.0015482677624993947}
2026-09-28T11:03:48.107113+00:00 {"status": "ok", "path": "/home/user/ADHD-EEG-Benchmark/la-kaie/results/raw/pilot/FIR/LA-KAIE-NoInteraction/inst05/run05.json", "runtime": 9.405756737999582, "best": 0.004994114876883173}
2026-09-28T11:03:50.029158+00:00 {"status": "ok", "path": "/home/user/ADHD-EEG-Benchmark/la-kaie/results/raw/pilot/FIR/LA-KAIE-Full/inst05/run05.json", "runtime": 20.31981129899941, "best": 0.002817874884898669}
2026-09-28T11:03:56.935732+00:00 {"status": "ok", "path": "/home/user/ADHD-EEG-Benchmark/la-kaie/results/raw/pilot/FIR/LA-KAIE-NoLandscape/inst05/run05.json", "runtime": 23.276420852999763, "best": 0.0009046539536329676}
2026-09-28T11:03:57.742458+00:00 {"status": "ok", "path": "/home/user/ADHD-EEG-Benchmark/la-kaie/results/raw/pilot/FIR/LA-KAIE-NoKnowledgeReward/inst05/run05.json", "runtime": 15.500706737000655, "best": 0.0014847999384086628}
2026-09-28T11:04:03.510748+00:00 {"status": "ok", "path": "/home/user/ADHD-EEG-Benchmark/la-kaie/results/raw/pilot/FIR/LA-KAIE-RandomExchange/inst05/run05.json", "runtime": 13.434955562000141, "best": 0.0017209378834841704}
2026-09-28T11:04:06.838876+00:00 {"status": "ok", "path": "/home/user/ADHD-EEG-Benchmark/la-kaie/results/raw/pilot/FIR/LA-KAIE-DimensionOnly/inst05/run05.json", "runtime": 18.681937401999676, "best": 0.0026032278560927545}
2026-09-28T11:04:16.245455+00:00 {"status": "ok", "path": "/home/user/ADHD-EEG-Benchmark/la-kaie/results/raw/pilot/FIR/LA-KAIE-FixedPolicy/inst05/run05.json", "runtime": 19.26231125600043, "best": 0.003939999852794621}
2026-09-28T11:04:18.739271+00:00 {"status": "ok", "path": "/home/user/ADHD-EEG-Benchmark/la-kaie/results/raw/pilot/FIR/LA-KAIE-NoAdaptiveController/inst05/run05.json", "runtime": 20.94102540499989, "best": 0.004794256188327554}
2026-09-28T11:04:21.004134+00:00 {"status": "ok", "path": "/home/user/ADHD-EEG-Benchmark/la-kaie/results/raw/pilot/FIR/LA-KAIE-FIRPrior/inst05/run05.json", "runtime": 17.454331995999382, "best": 0.002898645751467895}
2026-09-28T11:04:28.509826+00:00 {"status": "ok", "path": "/home/user/ADHD-EEG-Benchmark/la-kaie/results/raw/pilot/FIR/MPHBS/inst06/run01.json", "runtime": 21.659271014000296, "best": 0.008416371725947292}
2026-09-28T11:04:31.026167+00:00 {"status": "ok", "path": "/home/user/ADHD-EEG-Benchmark/la-kaie/results/raw/pilot/FIR/LA-KAIE-NoInteraction/inst06/run01.json", "runtime": 9.987952917999792, "best": 0.006220802060043835}
2026-09-28T11:04:32.614174+00:00 {"status": "ok", "path": "/home/user/ADHD-EEG-Benchmark/la-kaie/results/raw/pilot/FIR/LA-KAIE-Full/inst06/run01.json", "runtime": 16.3277140780001, "best": 0.0047081336226476225}
2026-09-28T11:04:41.717149+00:00 {"status": "ok", "path": "/home/user/ADHD-EEG-Benchmark/la-kaie/results/raw/pilot/FIR/LA-KAIE-NoLandscape/inst06/run01.json", "runtime": 22.91674392599998, "best": 0.007712984085949544}
2026-09-28T11:04:46.383101+00:00 {"status": "ok", "path": "/home/user/ADHD-EEG-Benchmark/la-kaie/results/raw/pilot/FIR/LA-KAIE-RandomExchange/inst06/run01.json", "runtime": 13.732717859000331, "best": 0.00784993850987518}
2026-09-28T11:04:47.941429+00:00 {"status": "ok", "path": "/home/user/ADHD-EEG-Benchmark/la-kaie/results/raw/pilot/FIR/LA-KAIE-NoKnowledgeReward/inst06/run01.json", "runtime": 19.384066615999473, "best": 0.004715822863162413}
2026-09-28T11:04:48.882814+00:00 {"status": "ok", "path": "/home/user/ADHD-EEG-Benchmark/la-kaie/results/raw/pilot/FIR/LA-KAIE-DimensionOnly/inst06/run01.json", "runtime": 17.813328035000268, "best": 0.00476412810229247}
2026-09-28T11:05:00.040608+00:00 {"status": "ok", "path": "/home/user/ADHD-EEG-Benchmark/la-kaie/results/raw/pilot/FIR/LA-KAIE-FixedPolicy/inst06/run01.json", "runtime": 18.265459344999726, "best": 0.018019032015330547}
2026-09-28T11:05:05.976139+00:00 {"status": "ok", "path": "/home/user/ADHD-EEG-Benchmark/la-kaie/results/raw/pilot/FIR/LA-KAIE-FIRPrior/inst06/run01.json", "runtime": 17.98903244399935, "best": 0.004707980857586516}
2026-09-28T11:05:07.041878+00:00 {"status": "ok", "path": "/home/user/ADHD-EEG-Benchmark/la-kaie/results/raw/pilot/FIR/LA-KAIE-NoAdaptiveController/inst06/run01.json", "runtime": 20.602429203999236, "best": 0.014717779376247573}
2026-09-28T11:05:10.275936+00:00 {"status": "ok", "path": "/home/user/ADHD-EEG-Benchmark/la-kaie/results/raw/pilot/FIR/MPHBS/inst06/run02.json", "runtime": 21.379544046000774, "best": 0.008633824090707376}
2026-09-28T11:05:16.729087+00:00 {"status": "ok", "path": "/home/user/ADHD-EEG-Benchmark/la-kaie/results/raw/pilot/FIR/LA-KAIE-NoInteraction/inst06/run02.json", "runtime": 9.662034562000372, "best": 0.00539531779796531}
2026-09-28T11:05:17.367129+00:00 {"status": "ok", "path": "/home/user/ADHD-EEG-Benchmark/la-kaie/results/raw/pilot/FIR/LA-KAIE-Full/inst06/run02.json", "runtime": 17.26869409200026, "best": 0.007966130286819048}
2026-09-28T11:05:28.068319+00:00 {"status": "ok", "path": "/home/user/ADHD-EEG-Benchmark/la-kaie/results/raw/pilot/FIR/LA-KAIE-NoLandscape/inst06/run02.json", "runtime": 22.043498710000677, "best": 0.008241000369650609}
2026-09-28T11:05:28.923617+00:00 {"status": "ok", "path": "/home/user/ADHD-EEG-Benchmark/la-kaie/results/raw/pilot/FIR/LA-KAIE-NoKnowledgeReward/inst06/run02.json", "runtime": 18.592703590999918, "best": 0.00570934275807871}
2026-09-28T11:05:29.931157+00:00 {"status": "ok", "path": "/home/user/ADHD-EEG-Benchmark/la-kaie/results/raw/pilot/FIR/LA-KAIE-RandomExchange/inst06/run02.json", "runtime": 12.52198571000008, "best": 0.004939910531258803}
2026-09-28T11:05:33.995419+00:00 {"status": "ok", "path": "/home/user/ADHD-EEG-Benchmark/la-kaie/results/raw/pilot/FIR/LA-KAIE-DimensionOnly/inst06/run02.json", "runtime": 17.21584669599997, "best": 0.006013566474174045}
2026-09-28T11:05:47.821169+00:00 {"status": "ok", "path": "/home/user/ADHD-EEG-Benchmark/la-kaie/results/raw/pilot/FIR/LA-KAIE-FixedPolicy/inst06/run02.json", "runtime": 19.676098040000397, "best": 0.007096320895444823}
2026-09-28T11:05:49.423370+00:00 {"status": "ok", "path": "/home/user/ADHD-EEG-Benchmark/la-kaie/results/raw/pilot/FIR/LA-KAIE-NoAdaptiveController/inst06/run02.json", "runtime": 20.44885887700002, "best": 0.010553277930568691}
2026-09-28T11:05:50.116244+00:00 {"status": "ok", "path": "/home/user/ADHD-EEG-Benchmark/la-kaie/results/raw/pilot/FIR/LA-KAIE-FIRPrior/inst06/run02.json", "runtime": 20.138658964999195, "best": 0.008266901554980955}
2026-09-28T11:05:56.419167+00:00 {"status": "ok", "path": "/home/user/ADHD-EEG-Benchmark/la-kaie/results/raw/pilot/FIR/MPHBS/inst06/run03.json", "runtime": 22.410082716999568, "best": 0.007442096797395074}
2026-09-28T11:05:59.667875+00:00 {"status": "ok", "path": "/home/user/ADHD-EEG-Benchmark/la-kaie/results/raw/pilot/FIR/LA-KAIE-NoInteraction/inst06/run03.json", "runtime": 9.514766170000257, "best": 0.0055638734184612505}
2026-09-28T11:06:07.202363+00:00 {"status": "ok", "path": "/home/user/ADHD-EEG-Benchmark/la-kaie/results/raw/pilot/FIR/LA-KAIE-Full/inst06/run03.json", "runtime": 19.333523952999712, "best": 0.008069663852815476}
2026-09-28T11:06:12.063588+00:00 {"status": "ok", "path": "/home/user/ADHD-EEG-Benchmark/la-kaie/results/raw/pilot/FIR/LA-KAIE-NoLandscape/inst06/run03.json", "runtime": 22.579757167000025, "best": 0.008351255945762522}
2026-09-28T11:06:16.974784+00:00 {"status": "ok", "path": "/home/user/ADHD-EEG-Benchmark/la-kaie/results/raw/pilot/FIR/LA-KAIE-NoKnowledgeReward/inst06/run03.json", "runtime": 20.51421353400019, "best": 0.004850167184577654}
2026-09-28T11:06:19.143413+00:00 {"status": "ok", "path": "/home/user/ADHD-EEG-Benchmark/la-kaie/results/raw/pilot/FIR/LA-KAIE-DimensionOnly/inst06/run03.json", "runtime": 19.42873048599995, "best": 0.007908308744606038}
2026-09-28T11:06:19.689618+00:00 {"status": "ok", "path": "/home/user/ADHD-EEG-Benchmark/la-kaie/results/raw/pilot/FIR/LA-KAIE-RandomExchange/inst06/run03.json", "runtime": 12.450062211999466, "best": 0.0049659283247662665}
2026-09-28T11:06:30.995771+00:00 {"status": "ok", "path": "/home/user/ADHD-EEG-Benchmark/la-kaie/results/raw/pilot/FIR/LA-KAIE-FixedPolicy/inst06/run03.json", "runtime": 18.86633290499958, "best": 0.00694167346633014}
2026-09-28T11:06:39.147692+00:00 {"status": "ok", "path": "/home/user/ADHD-EEG-Benchmark/la-kaie/results/raw/pilot/FIR/LA-KAIE-NoAdaptiveController/inst06/run03.json", "runtime": 22.10208463700019, "best": 0.006391970917185144}
2026-09-28T11:06:40.127198+00:00 {"status": "ok", "path": "/home/user/ADHD-EEG-Benchmark/la-kaie/results/raw/pilot/FIR/LA-KAIE-FIRPrior/inst06/run03.json", "runtime": 20.93741164899984, "best": 0.008319089619608325}
2026-09-28T11:06:44.089706+00:00 {"status": "ok", "path": "/home/user/ADHD-EEG-Benchmark/la-kaie/results/raw/pilot/FIR/MPHBS/inst06/run04.json", "runtime": 24.388993879000736, "best": 0.006098033823824937}
2026-09-28T11:06:49.894081+00:00 {"status": "ok", "path": "/home/user/ADHD-EEG-Benchmark/la-kaie/results/raw/pilot/FIR/LA-KAIE-Full/inst06/run04.json", "runtime": 18.856759155999498, "best": 0.004714585017610791}
2026-09-28T11:06:50.008969+00:00 {"status": "ok", "path": "/home/user/ADHD-EEG-Benchmark/la-kaie/results/raw/pilot/FIR/LA-KAIE-NoInteraction/inst06/run04.json", "runtime": 9.853524741000001, "best": 0.009000322833325684}
2026-09-28T11:07:00.410302+00:00 {"status": "ok", "path": "/home/user/ADHD-EEG-Benchmark/la-kaie/results/raw/pilot/FIR/LA-KAIE-NoLandscape/inst06/run04.json", "runtime": 21.213738761999593, "best": 0.008347368998857775}
2026-09-28T11:07:02.360643+00:00 {"status": "ok", "path": "/home/user/ADHD-EEG-Benchmark/la-kaie/results/raw/pilot/FIR/LA-KAIE-NoKnowledgeReward/inst06/run04.json", "runtime": 18.22035209600017, "best": 0.005495264055907004}
2026-09-28T11:07:02.699679+00:00 {"status": "ok", "path": "/home/user/ADHD-EEG-Benchmark/la-kaie/results/raw/pilot/FIR/LA-KAIE-RandomExchange/inst06/run04.json", "runtime": 12.63912228800018, "best": 0.008773157261299085}
2026-09-28T11:07:07.632693+00:00 {"status": "ok", "path": "/home/user/ADHD-EEG-Benchmark/la-kaie/results/raw/pilot/FIR/LA-KAIE-DimensionOnly/inst06/run04.json", "runtime": 17.689350853999713, "best": 0.004760453795776522}
2026-09-28T11:07:19.848936+00:00 {"status": "ok", "path": "/home/user/ADHD-EEG-Benchmark/la-kaie/results/raw/pilot/FIR/LA-KAIE-FixedPolicy/inst06/run04.json", "runtime": 19.38236056200003, "best": 0.0077977930349574665}
2026-09-28T11:07:20.024188+00:00 {"status": "ok", "path": "/home/user/ADHD-EEG-Benchmark/la-kaie/results/raw/pilot/FIR/LA-KAIE-FIRPrior/inst06/run04.json", "runtime": 17.294435652000175, "best": 0.00835108826084757}
2026-09-28T11:07:23.204335+00:00 {"status": "ok", "path": "/home/user/ADHD-EEG-Benchmark/la-kaie/results/raw/pilot/FIR/LA-KAIE-NoAdaptiveController/inst06/run04.json", "runtime": 20.77755481799977, "best": 0.008483492428733402}
2026-09-28T11:07:29.896929+00:00 {"status": "ok", "path": "/home/user/ADHD-EEG-Benchmark/la-kaie/results/raw/pilot/FIR/MPHBS/inst06/run05.json", "runtime": 22.251383701000123, "best": 0.008376255406456418}
2026-09-28T11:07:33.726074+00:00 {"status": "ok", "path": "/home/user/ADHD-EEG-Benchmark/la-kaie/results/raw/pilot/FIR/LA-KAIE-NoInteraction/inst06/run05.json", "runtime": 10.492825937999442, "best": 0.005559764605579565}
2026-09-28T11:07:39.747514+00:00 {"status": "ok", "path": "/home/user/ADHD-EEG-Benchmark/la-kaie/results/raw/pilot/FIR/LA-KAIE-Full/inst06/run05.json", "runtime": 19.855948827999782, "best": 0.008635409874606393}
2026-09-28T11:07:42.831755+00:00 {"status": "ok", "path": "/home/user/ADHD-EEG-Benchmark/la-kaie/results/raw/pilot/FIR/LA-KAIE-NoLandscape/inst06/run05.json", "runtime": 22.73798414200064, "best": 0.006398725717816847}
2026-09-28T11:07:50.140156+00:00 {"status": "ok", "path": "/home/user/ADHD-EEG-Benchmark/la-kaie/results/raw/pilot/FIR/LA-KAIE-NoKnowledgeReward/inst06/run05.json", "runtime": 20.19842060799965, "best": 0.006140846322431129}
2026-09-28T11:07:52.728227+00:00 {"status": "ok", "path": "/home/user/ADHD-EEG-Benchmark/la-kaie/results/raw/pilot/FIR/LA-KAIE-RandomExchange/inst06/run05.json", "runtime": 12.943594358000155, "best": 0.009347399636978643}
2026-09-28T11:07:54.405105+00:00 {"status": "ok", "path": "/home/user/ADHD-EEG-Benchmark/la-kaie/results/raw/pilot/FIR/LA-KAIE-DimensionOnly/inst06/run05.json", "runtime": 20.625332286999765, "best": 0.00841659661284469}
2026-09-28T11:08:02.715712+00:00 {"status": "ok", "path": "/home/user/ADHD-EEG-Benchmark/la-kaie/results/raw/pilot/FIR/LA-KAIE-FixedPolicy/inst06/run05.json", "runtime": 19.81600786800027, "best": 0.012845037805204757}
2026-09-28T11:08:09.762816+00:00 {"status": "ok", "path": "/home/user/ADHD-EEG-Benchmark/la-kaie/results/raw/pilot/FIR/LA-KAIE-NoAdaptiveController/inst06/run05.json", "runtime": 19.562697454000045, "best": 0.008403461215924404}
2026-09-28T11:08:10.546761+00:00 {"status": "ok", "path": "/home/user/ADHD-EEG-Benchmark/la-kaie/results/raw/pilot/FIR/LA-KAIE-FIRPrior/inst06/run05.json", "runtime": 17.77552994800044, "best": 0.008586637340029856}
2026-09-28T11:08:18.330313+00:00 {"status": "ok", "path": "/home/user/ADHD-EEG-Benchmark/la-kaie/results/raw/pilot/FIR/MPHBS/inst07/run01.json", "runtime": 23.908729394000147, "best": 0.002913040887301252}
2026-09-28T11:08:20.106255+00:00 {"status": "ok", "path": "/home/user/ADHD-EEG-Benchmark/la-kaie/results/raw/pilot/FIR/LA-KAIE-NoInteraction/inst07/run01.json", "runtime": 9.524532022999665, "best": 0.006160005289092267}
2026-09-28T11:08:22.373639+00:00 {"status": "ok", "path": "/home/user/ADHD-EEG-Benchmark/la-kaie/results/raw/pilot/FIR/LA-KAIE-Full/inst07/run01.json", "runtime": 19.600989712999763, "best": 0.002141572065260735}
2026-09-28T11:08:32.958612+00:00 {"status": "ok", "path": "/home/user/ADHD-EEG-Benchmark/la-kaie/results/raw/pilot/FIR/LA-KAIE-NoLandscape/inst07/run01.json", "runtime": 23.140154685000198, "best": 0.0009499362526951205}
2026-09-28T11:08:35.658087+00:00 {"status": "ok", "path": "/home/user/ADHD-EEG-Benchmark/la-kaie/results/raw/pilot/FIR/LA-KAIE-RandomExchange/inst07/run01.json", "runtime": 13.234953502999815, "best": 0.0034354496419494052}
2026-09-28T11:08:37.227021+00:00 {"status": "ok", "path": "/home/user/ADHD-EEG-Benchmark/la-kaie/results/raw/pilot/FIR/LA-KAIE-DimensionOnly/inst07/run01.json", "runtime": 17.055208357000083, "best": 0.0012466349416751779}
2026-09-28T11:08:37.944718+00:00 {"status": "ok", "path": "/home/user/ADHD-EEG-Benchmark/la-kaie/results/raw/pilot/FIR/LA-KAIE-NoKnowledgeReward/inst07/run01.json", "runtime": 19.549795371999608, "best": 0.0008825802809551066}
2026-09-28T11:08:51.551602+00:00 {"status": "ok", "path": "/home/user/ADHD-EEG-Benchmark/la-kaie/results/raw/pilot/FIR/LA-KAIE-FixedPolicy/inst07/run01.json", "runtime": 18.528719050999825, "best": 0.003957333716626495}
2026-09-28T11:08:55.074252+00:00 {"status": "ok", "path": "/home/user/ADHD-EEG-Benchmark/la-kaie/results/raw/pilot/FIR/LA-KAIE-NoAdaptiveController/inst07/run01.json", "runtime": 19.36094561200025, "best": 0.0020186215512448293}
2026-09-28T11:08:55.657124+00:00 {"status": "ok", "path": "/home/user/ADHD-EEG-Benchmark/la-kaie/results/raw/pilot/FIR/LA-KAIE-FIRPrior/inst07/run01.json", "runtime": 18.3857758260001, "best": 0.0022701262705302717}
2026-09-28T11:08:58.720314+00:00 {"status": "ok", "path": "/home/user/ADHD-EEG-Benchmark/la-kaie/results/raw/pilot/FIR/MPHBS/inst07/run02.json", "runtime": 20.762902501999633, "best": 0.0016295169988024996}
2026-09-28T11:09:04.494797+00:00 {"status": "ok", "path": "/home/user/ADHD-EEG-Benchmark/la-kaie/results/raw/pilot/FIR/LA-KAIE-NoInteraction/inst07/run02.json", "runtime": 8.801754739999524, "best": 0.0019278974681522592}
2026-09-28T11:09:08.712415+00:00 {"status": "ok", "path": "/home/user/ADHD-EEG-Benchmark/la-kaie/results/raw/pilot/FIR/LA-KAIE-Full/inst07/run02.json", "runtime": 17.122920502999477, "best": 0.001612540751572196}
2026-09-28T11:09:15.401286+00:00 {"status": "ok", "path": "/home/user/ADHD-EEG-Benchmark/la-kaie/results/raw/pilot/FIR/LA-KAIE-NoKnowledgeReward/inst07/run02.json", "runtime": 16.641135388999828, "best": 0.0014258595119643878}
2026-09-28T11:09:15.587359+00:00 {"status": "ok", "path": "/home/user/ADHD-EEG-Benchmark/la-kaie/results/raw/pilot/FIR/LA-KAIE-NoLandscape/inst07/run02.json", "runtime": 20.462505919999785, "best": 0.0014375959608662445}
2026-09-28T11:09:21.227851+00:00 {"status": "ok", "path": "/home/user/ADHD-EEG-Benchmark/la-kaie/results/raw/pilot/FIR/LA-KAIE-RandomExchange/inst07/run02.json", "runtime": 12.474316110000473, "best": 0.0019422053160958364}
2026-09-28T11:09:22.832142+00:00 {"status": "ok", "path": "/home/user/ADHD-EEG-Benchmark/la-kaie/results/raw/pilot/FIR/LA-KAIE-DimensionOnly/inst07/run02.json", "runtime": 18.28119381200031, "best": 0.001209883637970424}
2026-09-28T11:09:33.403028+00:00 {"status": "ok", "path": "/home/user/ADHD-EEG-Benchmark/la-kaie/results/raw/pilot/FIR/LA-KAIE-FixedPolicy/inst07/run02.json", "runtime": 17.926430122000056, "best": 0.0072007299330496995}
2026-09-28T11:09:35.789968+00:00 {"status": "ok", "path": "/home/user/ADHD-EEG-Benchmark/la-kaie/results/raw/pilot/FIR/LA-KAIE-NoAdaptiveController/inst07/run02.json", "runtime": 20.110393736000333, "best": 0.0008016193045395394}
2026-09-28T11:09:40.365481+00:00 {"status": "ok", "path": "/home/user/ADHD-EEG-Benchmark/la-kaie/results/raw/pilot/FIR/LA-KAIE-FIRPrior/inst07/run02.json", "runtime": 19.090056037000068, "best": 0.0010916886271074909}
2026-09-28T11:09:44.593374+00:00 {"status": "ok", "path": "/home/user/ADHD-EEG-Benchmark/la-kaie/results/raw/pilot/FIR/MPHBS/inst07/run03.json", "runtime": 21.75059615600003, "best": 0.0014643952174115083}
2026-09-28T11:09:50.114669+00:00 {"status": "ok", "path": "/home/user/ADHD-EEG-Benchmark/la-kaie/results/raw/pilot/FIR/LA-KAIE-NoInteraction/inst07/run03.json", "runtime": 9.721816076999858, "best": 0.0021817756297962303}
2026-09-28T11:09:51.523777+00:00 {"status": "ok", "path": "/home/user/ADHD-EEG-Benchmark/la-kaie/results/raw/pilot/FIR/LA-KAIE-Full/inst07/run03.json", "runtime": 18.074896823000017, "best": 0.0011913876304712446}
2026-09-28T11:09:56.220239+00:00 {"status": "ok", "path": "/home/user/ADHD-EEG-Benchmark/la-kaie/results/raw/pilot/FIR/LA-KAIE-NoLandscape/inst07/run03.json", "runtime": 20.377793071999804, "best": 0.0008189033230755777}
2026-09-28T11:10:01.263090+00:00 {"status": "ok", "path": "/home/user/ADHD-EEG-Benchmark/la-kaie/results/raw/pilot/FIR/LA-KAIE-NoKnowledgeReward/inst07/run03.json", "runtime": 16.632254133999595, "best": 0.001336270271481262}
2026-09-28T11:10:03.988144+00:00 {"status": "ok", "path": "/home/user/ADHD-EEG-Benchmark/la-kaie/results/raw/pilot/FIR/LA-KAIE-RandomExchange/inst07/run03.json", "runtime": 12.426518538999517, "best": 0.002046502518479162}
2026-09-28T11:10:04.506485+00:00 {"status": "ok", "path": "/home/user/ADHD-EEG-Benchmark/la-kaie/results/raw/pilot/FIR/LA-KAIE-DimensionOnly/inst07/run03.json", "runtime": 14.35343166200073, "best": 0.002220415326475052}
2026-09-28T11:10:14.682392+00:00 {"status": "ok", "path": "/home/user/ADHD-EEG-Benchmark/la-kaie/results/raw/pilot/FIR/LA-KAIE-FixedPolicy/inst07/run03.json", "runtime": 18.412059899999804, "best": 0.007894256000628541}
2026-09-28T11:10:21.121852+00:00 {"status": "ok", "path": "/home/user/ADHD-EEG-Benchmark/la-kaie/results/raw/pilot/FIR/LA-KAIE-NoAdaptiveController/inst07/run03.json", "runtime": 19.80316053200022, "best": 0.002011974680064713}
2026-09-28T11:10:23.036353+00:00 {"status": "ok", "path": "/home/user/ADHD-EEG-Benchmark/la-kaie/results/raw/pilot/FIR/LA-KAIE-FIRPrior/inst07/run03.json", "runtime": 18.99441459300033, "best": 0.0014407859682551176}
2026-09-28T11:10:26.249087+00:00 {"status": "ok", "path": "/home/user/ADHD-EEG-Benchmark/la-kaie/results/raw/pilot/FIR/MPHBS/inst07/run04.json", "runtime": 21.731401121999625, "best": 0.0016675931774183658}
2026-09-28T11:10:35.048948+00:00 {"status": "ok", "path": "/home/user/ADHD-EEG-Benchmark/la-kaie/results/raw/pilot/FIR/LA-KAIE-Full/inst07/run04.json", "runtime": 20.312112263000017, "best": 0.001123638035794167}
2026-09-28T11:10:35.737344+00:00 {"status": "ok", "path": "/home/user/ADHD-EEG-Benchmark/la-kaie/results/raw/pilot/FIR/LA-KAIE-NoInteraction/inst07/run04.json", "runtime": 12.669856968000204, "best": 0.001616635580830394}
2026-09-28T11:10:46.939103+00:00 {"status": "ok", "path": "/home/user/ADHD-EEG-Benchmark/la-kaie/results/raw/pilot/FIR/LA-KAIE-NoKnowledgeReward/inst07/run04.json", "runtime": 20.641184217000045, "best": 0.0012626196156998262}
2026-09-28T11:10:47.606839+00:00 {"status": "ok", "path": "/home/user/ADHD-EEG-Benchmark/la-kaie/results/raw/pilot/FIR/LA-KAIE-NoLandscape/inst07/run04.json", "runtime": 26.42285528100001, "best": 0.0011489836090115674}
2026-09-28T11:10:49.939090+00:00 {"status": "ok", "path": "/home/user/ADHD-EEG-Benchmark/la-kaie/results/raw/pilot/FIR/LA-KAIE-RandomExchange/inst07/run04.json", "runtime": 14.164135001999966, "best": 0.002394709979742094}
2026-09-28T11:10:55.496772+00:00 {"status": "ok", "path": "/home/user/ADHD-EEG-Benchmark/la-kaie/results/raw/pilot/FIR/LA-KAIE-DimensionOnly/inst07/run04.json", "runtime": 20.401949148000313, "best": 0.0010893452901518852}
2026-09-28T11:11:13.807442+00:00 {"status": "ok", "path": "/home/user/ADHD-EEG-Benchmark/la-kaie/results/raw/pilot/FIR/LA-KAIE-FixedPolicy/inst07/run04.json", "runtime": 26.815821438000057, "best": 0.004769234350439046}
2026-09-28T11:11:15.583610+00:00 {"status": "ok", "path": "/home/user/ADHD-EEG-Benchmark/la-kaie/results/raw/pilot/FIR/LA-KAIE-FIRPrior/inst07/run04.json", "runtime": 25.598323214999255, "best": 0.0010597791852722763}
2026-09-28T11:11:15.711999+00:00 {"status": "ok", "path": "/home/user/ADHD-EEG-Benchmark/la-kaie/results/raw/pilot/FIR/LA-KAIE-NoAdaptiveController/inst07/run04.json", "runtime": 28.047016714000165, "best": 0.008230310551677257}
2026-09-28T11:11:26.108667+00:00 {"status": "ok", "path": "/home/user/ADHD-EEG-Benchmark/la-kaie/results/raw/pilot/FIR/MPHBS/inst07/run05.json", "runtime": 30.59543919600037, "best": 0.003631319916446595}
2026-09-28T11:11:26.673002+00:00 {"status": "ok", "path": "/home/user/ADHD-EEG-Benchmark/la-kaie/results/raw/pilot/FIR/LA-KAIE-NoInteraction/inst07/run05.json", "runtime": 10.935234521999519, "best": 0.006029471445728733}
2026-09-28T11:11:33.828441+00:00 {"status": "ok", "path": "/home/user/ADHD-EEG-Benchmark/la-kaie/results/raw/pilot/FIR/LA-KAIE-Full/inst07/run05.json", "runtime": 19.967917969000155, "best": 0.001629279851211243}
2026-09-28T11:11:40.333784+00:00 {"status": "ok", "path": "/home/user/ADHD-EEG-Benchmark/la-kaie/results/raw/pilot/FIR/LA-KAIE-NoLandscape/inst07/run05.json", "runtime": 24.677644010000222, "best": 0.0010801603763284408}
2026-09-28T11:11:46.917620+00:00 {"status": "ok", "path": "/home/user/ADHD-EEG-Benchmark/la-kaie/results/raw/pilot/FIR/LA-KAIE-NoKnowledgeReward/inst07/run05.json", "runtime": 20.76060047899955, "best": 0.001383151124431743}
2026-09-28T11:11:48.011624+00:00 {"status": "ok", "path": "/home/user/ADHD-EEG-Benchmark/la-kaie/results/raw/pilot/FIR/LA-KAIE-DimensionOnly/inst07/run05.json", "runtime": 21.280918398999347, "best": 0.0010462044783811236}
2026-09-28T11:11:48.876296+00:00 {"status": "ok", "path": "/home/user/ADHD-EEG-Benchmark/la-kaie/results/raw/pilot/FIR/LA-KAIE-RandomExchange/inst07/run05.json", "runtime": 15.00794804599991, "best": 0.002485182148748691}
2026-09-28T11:12:02.027875+00:00 {"status": "ok", "path": "/home/user/ADHD-EEG-Benchmark/la-kaie/results/raw/pilot/FIR/LA-KAIE-FixedPolicy/inst07/run05.json", "runtime": 21.627727887999754, "best": 0.008918463167074835}
2026-09-28T11:12:08.782851+00:00 {"status": "ok", "path": "/home/user/ADHD-EEG-Benchmark/la-kaie/results/raw/pilot/FIR/LA-KAIE-FIRPrior/inst07/run05.json", "runtime": 20.74191663700003, "best": 0.0012363858145721723}
2026-09-28T11:12:10.749087+00:00 {"status": "ok", "path": "/home/user/ADHD-EEG-Benchmark/la-kaie/results/raw/pilot/FIR/LA-KAIE-NoAdaptiveController/inst07/run05.json", "runtime": 23.767685855999844, "best": 0.002459636811487542}
2026-09-28T11:12:13.123753+00:00 {"status": "ok", "path": "/home/user/ADHD-EEG-Benchmark/la-kaie/results/raw/pilot/FIR/MPHBS/inst08/run01.json", "runtime": 24.235924201999296, "best": 0.02086367068373818}
2026-09-28T11:12:20.879233+00:00 {"status": "ok", "path": "/home/user/ADHD-EEG-Benchmark/la-kaie/results/raw/pilot/FIR/LA-KAIE-Full/inst08/run01.json", "runtime": 18.80715563800004, "best": 0.002020991627330018}
2026-09-28T11:12:21.220093+00:00 {"status": "ok", "path": "/home/user/ADHD-EEG-Benchmark/la-kaie/results/raw/pilot/FIR/LA-KAIE-NoInteraction/inst08/run01.json", "runtime": 10.444478285000514, "best": 0.0044999765761474676}
2026-09-28T11:12:36.327568+00:00 {"status": "ok", "path": "/home/user/ADHD-EEG-Benchmark/la-kaie/results/raw/pilot/FIR/LA-KAIE-NoLandscape/inst08/run01.json", "runtime": 27.471670974000517, "best": 0.0029651747855986487}
2026-09-28T11:12:38.417274+00:00 {"status": "ok", "path": "/home/user/ADHD-EEG-Benchmark/la-kaie/results/raw/pilot/FIR/LA-KAIE-NoKnowledgeReward/inst08/run01.json", "runtime": 25.237370123999426, "best": 0.004228283656697302}
2026-09-28T11:12:41.163754+00:00 {"status": "ok", "path": "/home/user/ADHD-EEG-Benchmark/la-kaie/results/raw/pilot/FIR/LA-KAIE-RandomExchange/inst08/run01.json", "runtime": 19.90608346099998, "best": 0.004945010552207743}
2026-09-28T11:12:45.860903+00:00 {"status": "ok", "path": "/home/user/ADHD-EEG-Benchmark/la-kaie/results/raw/pilot/FIR/LA-KAIE-DimensionOnly/inst08/run01.json", "runtime": 24.920595788000355, "best": 0.0028396746814261923}
2026-09-28T11:13:02.959594+00:00 {"status": "ok", "path": "/home/user/ADHD-EEG-Benchmark/la-kaie/results/raw/pilot/FIR/LA-KAIE-FixedPolicy/inst08/run01.json", "runtime": 26.554665874999955, "best": 0.008061197274395962}
2026-09-28T11:13:05.976965+00:00 {"status": "ok", "path": "/home/user/ADHD-EEG-Benchmark/la-kaie/results/raw/pilot/FIR/LA-KAIE-NoAdaptiveController/inst08/run01.json", "runtime": 27.494575574999544, "best": 0.010448875752443656}
2026-09-28T11:13:07.781000+00:00 {"status": "ok", "path": "/home/user/ADHD-EEG-Benchmark/la-kaie/results/raw/pilot/FIR/LA-KAIE-FIRPrior/inst08/run01.json", "runtime": 26.557286385000225, "best": 0.0031714355641200708}
2026-09-28T11:13:11.802078+00:00 {"status": "ok", "path": "/home/user/ADHD-EEG-Benchmark/la-kaie/results/raw/pilot/FIR/MPHBS/inst08/run02.json", "runtime": 25.920667854000385, "best": 0.0030582918211830637}
2026-09-28T11:13:17.119297+00:00 {"status": "ok", "path": "/home/user/ADHD-EEG-Benchmark/la-kaie/results/raw/pilot/FIR/LA-KAIE-NoInteraction/inst08/run02.json", "runtime": 9.308777230000487, "best": 0.004906282569459418}
2026-09-28T11:13:20.142560+00:00 {"status": "ok", "path": "/home/user/ADHD-EEG-Benchmark/la-kaie/results/raw/pilot/FIR/LA-KAIE-Full/inst08/run02.json", "runtime": 17.156781567000507, "best": 0.0030537819852756993}
2026-09-28T11:13:24.395572+00:00 {"status": "ok", "path": "/home/user/ADHD-EEG-Benchmark/la-kaie/results/raw/pilot/FIR/LA-KAIE-NoLandscape/inst08/run02.json", "runtime": 18.373943762000636, "best": 0.002627402422294954}
2026-09-28T11:13:27.849474+00:00 {"status": "ok", "path": "/home/user/ADHD-EEG-Benchmark/la-kaie/results/raw/pilot/FIR/LA-KAIE-NoKnowledgeReward/inst08/run02.json", "runtime": 15.999813718999576, "best": 0.004573325953345725}
2026-09-28T11:13:34.337433+00:00 {"status": "ok", "path": "/home/user/ADHD-EEG-Benchmark/la-kaie/results/raw/pilot/FIR/LA-KAIE-DimensionOnly/inst08/run02.json", "runtime": 17.173475895000593, "best": 0.0037126475269226994}
2026-09-28T11:13:34.339589+00:00 {"status": "ok", "path": "/home/user/ADHD-EEG-Benchmark/la-kaie/results/raw/pilot/FIR/LA-KAIE-RandomExchange/inst08/run02.json", "runtime": 14.161161732000437, "best": 0.004101765243552777}
2026-09-28T11:13:47.190093+00:00 {"status": "ok", "path": "/home/user/ADHD-EEG-Benchmark/la-kaie/results/raw/pilot/FIR/LA-KAIE-FixedPolicy/inst08/run02.json", "runtime": 22.733403017000455, "best": 0.008124696934044768}
2026-09-28T11:13:51.606241+00:00 {"status": "ok", "path": "/home/user/ADHD-EEG-Benchmark/la-kaie/results/raw/pilot/FIR/LA-KAIE-NoAdaptiveController/inst08/run02.json", "runtime": 23.700471623999874, "best": 0.005014547883412385}
2026-09-28T11:13:54.366528+00:00 {"status": "ok", "path": "/home/user/ADHD-EEG-Benchmark/la-kaie/results/raw/pilot/FIR/LA-KAIE-FIRPrior/inst08/run02.json", "runtime": 19.98242270099945, "best": 0.002928192262473804}
2026-09-28T11:13:58.156356+00:00 {"status": "ok", "path": "/home/user/ADHD-EEG-Benchmark/la-kaie/results/raw/pilot/FIR/MPHBS/inst08/run03.json", "runtime": 23.79609467999944, "best": 0.008489296607085733}
2026-09-28T11:14:03.790934+00:00 {"status": "ok", "path": "/home/user/ADHD-EEG-Benchmark/la-kaie/results/raw/pilot/FIR/LA-KAIE-NoInteraction/inst08/run03.json", "runtime": 9.395009835000565, "best": 0.003295932717276118}
2026-09-28T11:14:04.137310+00:00 {"status": "ok", "path": "/home/user/ADHD-EEG-Benchmark/la-kaie/results/raw/pilot/FIR/LA-KAIE-Full/inst08/run03.json", "runtime": 16.88636905199928, "best": 0.0030178445794855208}
2026-09-28T11:14:16.052282+00:00 {"status": "ok", "path": "/home/user/ADHD-EEG-Benchmark/la-kaie/results/raw/pilot/FIR/LA-KAIE-NoLandscape/inst08/run03.json", "runtime": 24.397377968, "best": 0.0031627083865429237}
2026-09-28T11:14:19.074087+00:00 {"status": "ok", "path": "/home/user/ADHD-EEG-Benchmark/la-kaie/results/raw/pilot/FIR/LA-KAIE-RandomExchange/inst08/run03.json", "runtime": 14.886365301000296, "best": 0.005912616165831921}
2026-09-28T11:14:20.417835+00:00 {"status": "ok", "path": "/home/user/ADHD-EEG-Benchmark/la-kaie/results/raw/pilot/FIR/LA-KAIE-NoKnowledgeReward/inst08/run03.json", "runtime": 22.220095835000393, "best": 0.004835050081705387}
2026-09-28T11:14:23.711851+00:00 {"status": "ok", "path": "/home/user/ADHD-EEG-Benchmark/la-kaie/results/raw/pilot/FIR/LA-KAIE-DimensionOnly/inst08/run03.json", "runtime": 19.852865288999965, "best": 0.0022791168668288946}
2026-09-28T11:14:34.652794+00:00 {"status": "ok", "path": "/home/user/ADHD-EEG-Benchmark/la-kaie/results/raw/pilot/FIR/LA-KAIE-FixedPolicy/inst08/run03.json", "runtime": 18.52524574600011, "best": 0.011595818219926338}
2026-09-28T11:14:38.478381+00:00 {"status": "ok", "path": "/home/user/ADHD-EEG-Benchmark/la-kaie/results/raw/pilot/FIR/LA-KAIE-FIRPrior/inst08/run03.json", "runtime": 18.01612741200006, "best": 0.0029657135831274647}
2026-09-28T11:14:39.604919+00:00 {"status": "ok", "path": "/home/user/ADHD-EEG-Benchmark/la-kaie/results/raw/pilot/FIR/LA-KAIE-NoAdaptiveController/inst08/run03.json", "runtime": 20.47316076700008, "best": 0.003850430602812244}
2026-09-28T11:14:44.965758+00:00 {"status": "ok", "path": "/home/user/ADHD-EEG-Benchmark/la-kaie/results/raw/pilot/FIR/MPHBS/inst08/run04.json", "runtime": 21.246591514999636, "best": 0.0028399973550879394}
2026-09-28T11:14:51.461668+00:00 {"status": "ok", "path": "/home/user/ADHD-EEG-Benchmark/la-kaie/results/raw/pilot/FIR/LA-KAIE-NoInteraction/inst08/run04.json", "runtime": 11.817854928999623, "best": 0.004751935950363596}
2026-09-28T11:14:56.861943+00:00 {"status": "ok", "path": "/home/user/ADHD-EEG-Benchmark/la-kaie/results/raw/pilot/FIR/LA-KAIE-Full/inst08/run04.json", "runtime": 22.15677509299985, "best": 0.0032154268782796772}
2026-09-28T11:15:02.566473+00:00 {"status": "ok", "path": "/home/user/ADHD-EEG-Benchmark/la-kaie/results/raw/pilot/FIR/LA-KAIE-NoLandscape/inst08/run04.json", "runtime": 24.048271794000357, "best": 0.002917893881054236}
2026-09-28T11:15:08.993889+00:00 {"status": "ok", "path": "/home/user/ADHD-EEG-Benchmark/la-kaie/results/raw/pilot/FIR/LA-KAIE-NoKnowledgeReward/inst08/run04.json", "runtime": 23.987962123000216, "best": 0.0025227448929702407}
2026-09-28T11:15:13.187221+00:00 {"status": "ok", "path": "/home/user/ADHD-EEG-Benchmark/la-kaie/results/raw/pilot/FIR/LA-KAIE-DimensionOnly/inst08/run04.json", "runtime": 21.67171779399996, "best": 0.0031324789971834254}
2026-09-28T11:15:14.217891+00:00 {"status": "ok", "path": "/home/user/ADHD-EEG-Benchmark/la-kaie/results/raw/pilot/FIR/LA-KAIE-RandomExchange/inst08/run04.json", "runtime": 17.314798919000168, "best": 0.004087444237380401}
2026-09-28T11:15:25.583695+00:00 {"status": "ok", "path": "/home/user/ADHD-EEG-Benchmark/la-kaie/results/raw/pilot/FIR/LA-KAIE-FixedPolicy/inst08/run04.json", "runtime": 22.93189681000058, "best": 0.01003551715691615}
2026-09-28T11:15:32.830161+00:00 {"status": "ok", "path": "/home/user/ADHD-EEG-Benchmark/la-kaie/results/raw/pilot/FIR/LA-KAIE-FIRPrior/inst08/run04.json", "runtime": 19.583884046000094, "best": 0.003225767273343472}
2026-09-28T11:15:33.033853+00:00 {"status": "ok", "path": "/home/user/ADHD-EEG-Benchmark/la-kaie/results/raw/pilot/FIR/LA-KAIE-NoAdaptiveController/inst08/run04.json", "runtime": 23.96031027800018, "best": 0.0070535799520245}
2026-09-28T11:15:40.611247+00:00 {"status": "ok", "path": "/home/user/ADHD-EEG-Benchmark/la-kaie/results/raw/pilot/FIR/MPHBS/inst08/run05.json", "runtime": 26.378114998000456, "best": 0.0018463817410221137}
2026-09-28T11:15:45.170063+00:00 {"status": "ok", "path": "/home/user/ADHD-EEG-Benchmark/la-kaie/results/raw/pilot/FIR/LA-KAIE-NoInteraction/inst08/run05.json", "runtime": 12.092662838999786, "best": 0.0036124621828645086}
2026-09-28T11:15:45.484312+00:00 {"status": "ok", "path": "/home/user/ADHD-EEG-Benchmark/la-kaie/results/raw/pilot/FIR/LA-KAIE-Full/inst08/run05.json", "runtime": 19.87076311200053, "best": 0.0034469928358961135}
2026-09-28T11:15:53.623233+00:00 {"status": "ok", "path": "/home/user/ADHD-EEG-Benchmark/la-kaie/results/raw/pilot/FIR/LA-KAIE-NoLandscape/inst08/run05.json", "runtime": 20.74671480500001, "best": 0.003550054560535747}
2026-09-28T11:15:58.070547+00:00 {"status": "ok", "path": "/home/user/ADHD-EEG-Benchmark/la-kaie/results/raw/pilot/FIR/LA-KAIE-RandomExchange/inst08/run05.json", "runtime": 12.550940840999829, "best": 0.004442326210485866}
2026-09-28T11:15:59.542266+00:00 {"status": "ok", "path": "/home/user/ADHD-EEG-Benchmark/la-kaie/results/raw/pilot/FIR/LA-KAIE-NoKnowledgeReward/inst08/run05.json", "runtime": 18.890277982999578, "best": 0.003090958915050411}
2026-09-28T11:16:03.631698+00:00 {"status": "ok", "path": "/home/user/ADHD-EEG-Benchmark/la-kaie/results/raw/pilot/FIR/LA-KAIE-DimensionOnly/inst08/run05.json", "runtime": 18.39900726399992, "best": 0.002981738116776855}
2026-09-28T11:16:09.083953+00:00 {"status": "ok", "path": "/home/user/ADHD-EEG-Benchmark/la-kaie/results/raw/pilot/FIR/HBA/inst01/run01.json", "runtime": 5.424503821000144, "best": 0.02858229569724713}
2026-09-28T11:16:12.528272+00:00 {"status": "ok", "path": "/home/user/ADHD-EEG-Benchmark/la-kaie/results/raw/pilot/FIR/MPA/inst01/run01.json", "runtime": 3.429507193999598, "best": 0.00738471264076947}
2026-09-28T11:16:15.721056+00:00 {"status": "ok", "path": "/home/user/ADHD-EEG-Benchmark/la-kaie/results/raw/pilot/FIR/LA-KAIE-FixedPolicy/inst08/run05.json", "runtime": 22.0373405750006, "best": 0.008477521675221141}
2026-09-28T11:16:19.320009+00:00 {"status": "ok", "path": "/home/user/ADHD-EEG-Benchmark/la-kaie/results/raw/pilot/FIR/MPHB/inst01/run01.json", "runtime": 6.749183249000453, "best": 0.013223324596007691}
2026-09-28T11:16:21.156343+00:00 {"status": "ok", "path": "/home/user/ADHD-EEG-Benchmark/la-kaie/results/raw/pilot/FIR/LA-KAIE-FIRPrior/inst08/run05.json", "runtime": 21.54676634599946, "best": 0.002817825222376698}
2026-09-28T11:16:21.163493+00:00 {"status": "ok", "path": "/home/user/ADHD-EEG-Benchmark/la-kaie/results/raw/pilot/FIR/LA-KAIE-NoAdaptiveController/inst08/run05.json", "runtime": 23.01151398499951, "best": 0.017637746885540925}
2026-09-28T11:16:21.981431+00:00 {"status": "ok", "path": "/home/user/ADHD-EEG-Benchmark/la-kaie/results/raw/pilot/FIR/HBA/inst01/run02.json", "runtime": 6.206686359999367, "best": 0.032575288831015764}
2026-09-28T11:16:24.574091+00:00 {"status": "ok", "path": "/home/user/ADHD-EEG-Benchmark/la-kaie/results/raw/pilot/FIR/MPHB/inst01/run02.json", "runtime": 3.4062233160002506, "best": 0.011883028839909486}
2026-09-28T11:16:24.640960+00:00 {"status": "ok", "path": "/home/user/ADHD-EEG-Benchmark/la-kaie/results/raw/pilot/FIR/MPA/inst01/run02.json", "runtime": 5.313463141000284, "best": 0.006355328343347084}
2026-09-28T11:16:24.823627+00:00 {"status": "ok", "path": "/home/user/ADHD-EEG-Benchmark/la-kaie/results/raw/pilot/FIR/HBA/inst01/run03.json", "runtime": 3.6327521299999717, "best": 0.06963396122230105}
2026-09-28T11:16:27.583875+00:00 {"status": "ok", "path": "/home/user/ADHD-EEG-Benchmark/la-kaie/results/raw/pilot/FIR/MPA/inst01/run03.json", "runtime": 5.586863831000301, "best": 0.01147713774618734}
2026-09-28T11:16:28.258705+00:00 {"status": "ok", "path": "/home/user/ADHD-EEG-Benchmark/la-kaie/results/raw/pilot/FIR/MPA/inst01/run04.json", "runtime": 3.427416801000618, "best": 0.014618367221264767}
2026-09-28T11:16:28.403919+00:00 {"status": "ok", "path": "/home/user/ADHD-EEG-Benchmark/la-kaie/results/raw/pilot/FIR/MPHB/inst01/run03.json", "runtime": 3.818627435000053, "best": 0.009915715848700655}
2026-09-28T11:16:31.453687+00:00 {"status": "ok", "path": "/home/user/ADHD-EEG-Benchmark/la-kaie/results/raw/pilot/FIR/HBA/inst01/run04.json", "runtime": 6.789991235999878, "best": 0.03232398719168217}
2026-09-28T11:16:32.004958+00:00 {"status": "ok", "path": "/home/user/ADHD-EEG-Benchmark/la-kaie/results/raw/pilot/FIR/MPA/inst01/run05.json", "runtime": 3.587455629000033, "best": 0.009417754472603138}
2026-09-28T11:16:32.083584+00:00 {"status": "ok", "path": "/home/user/ADHD-EEG-Benchmark/la-kaie/results/raw/pilot/FIR/HBA/inst01/run05.json", "runtime": 3.805004867000207, "best": 0.05677292824742752}
2026-09-28T11:16:34.254247+00:00 {"status": "ok", "path": "/home/user/ADHD-EEG-Benchmark/la-kaie/results/raw/pilot/FIR/MPHB/inst01/run04.json", "runtime": 6.656366760999845, "best": 0.010060005705838794}
2026-09-28T11:16:36.050118+00:00 {"status": "ok", "path": "/home/user/ADHD-EEG-Benchmark/la-kaie/results/raw/pilot/FIR/MPA/inst02/run01.json", "runtime": 3.9480166970006394, "best": 0.02217622116595845}
2026-09-28T11:16:36.583205+00:00 {"status": "ok", "path": "/home/user/ADHD-EEG-Benchmark/la-kaie/results/raw/pilot/FIR/HBA/inst02/run01.json", "runtime": 4.550824236000153, "best": 0.023683632707269944}
2026-09-28T11:16:37.408369+00:00 {"status": "ok", "path": "/home/user/ADHD-EEG-Benchmark/la-kaie/results/raw/pilot/FIR/MPHB/inst01/run05.json", "runtime": 5.941617413000131, "best": 0.009443453188615862}
2026-09-28T11:16:40.016309+00:00 {"status": "ok", "path": "/home/user/ADHD-EEG-Benchmark/la-kaie/results/raw/pilot/FIR/MPA/inst02/run02.json", "runtime": 3.418185607999476, "best": 0.056704251195507926}
2026-09-28T11:16:40.173842+00:00 {"status": "ok", "path": "/home/user/ADHD-EEG-Benchmark/la-kaie/results/raw/pilot/FIR/HBA/inst02/run02.json", "runtime": 4.102633951999451, "best": 0.038468294312094094}
2026-09-28T11:16:40.526909+00:00 {"status": "ok", "path": "/home/user/ADHD-EEG-Benchmark/la-kaie/results/raw/pilot/FIR/MPHB/inst02/run01.json", "runtime": 6.246406070000376, "best": 0.03292249722097133}
2026-09-28T11:16:43.711274+00:00 {"status": "ok", "path": "/home/user/ADHD-EEG-Benchmark/la-kaie/results/raw/pilot/FIR/HBA/inst02/run03.json", "runtime": 3.6763950659997136, "best": 0.026885664042819737}
2026-09-28T11:16:43.893945+00:00 {"status": "ok", "path": "/home/user/ADHD-EEG-Benchmark/la-kaie/results/raw/pilot/FIR/MPHB/inst02/run02.json", "runtime": 6.471681799999715, "best": 0.04944631322254952}
2026-09-28T11:16:44.016802+00:00 {"status": "ok", "path": "/home/user/ADHD-EEG-Benchmark/la-kaie/results/raw/pilot/FIR/MPA/inst02/run03.json", "runtime": 3.828550752999945, "best": 0.025809094076123168}
2026-09-28T11:16:46.416223+00:00 {"status": "ok", "path": "/home/user/ADHD-EEG-Benchmark/la-kaie/results/raw/pilot/FIR/MPHB/inst02/run03.json", "runtime": 5.877479383000718, "best": 0.03937764353984064}
2026-09-28T11:16:47.432322+00:00 {"status": "ok", "path": "/home/user/ADHD-EEG-Benchmark/la-kaie/results/raw/pilot/FIR/MPHB/inst02/run04.json", "runtime": 3.402359527999579, "best": 0.08808548901980809}
2026-09-28T11:16:47.685683+00:00 {"status": "ok", "path": "/home/user/ADHD-EEG-Benchmark/la-kaie/results/raw/pilot/FIR/HBA/inst02/run04.json", "runtime": 3.954565324000214, "best": 0.055927688879155356}
2026-09-28T11:16:49.605305+00:00 {"status": "ok", "path": "/home/user/ADHD-EEG-Benchmark/la-kaie/results/raw/pilot/FIR/MPA/inst02/run04.json", "runtime": 5.690639455000564, "best": 0.028003523153817374}
2026-09-28T11:16:51.096769+00:00 {"status": "ok", "path": "/home/user/ADHD-EEG-Benchmark/la-kaie/results/raw/pilot/FIR/MPA/inst02/run05.json", "runtime": 3.639007053999194, "best": 0.034226978942382906}
2026-09-28T11:16:52.082616+00:00 {"status": "ok", "path": "/home/user/ADHD-EEG-Benchmark/la-kaie/results/raw/pilot/FIR/MPHB/inst02/run05.json", "runtime": 4.381738428000062, "best": 0.04782873165058559}
2026-09-28T11:16:52.989160+00:00 {"status": "ok", "path": "/home/user/ADHD-EEG-Benchmark/la-kaie/results/raw/pilot/FIR/HBA/inst02/run05.json", "runtime": 6.553903023000203, "best": 0.028831482880069922}
2026-09-28T11:16:54.599578+00:00 {"status": "ok", "path": "/home/user/ADHD-EEG-Benchmark/la-kaie/results/raw/pilot/FIR/MPA/inst03/run01.json", "runtime": 3.4936416580003424, "best": 0.011279079983498554}
2026-09-28T11:16:55.685659+00:00 {"status": "ok", "path": "/home/user/ADHD-EEG-Benchmark/la-kaie/results/raw/pilot/FIR/MPHB/inst03/run01.json", "runtime": 3.5761898600003406, "best": 0.0513265298743978}
2026-09-28T11:16:55.881810+00:00 {"status": "ok", "path": "/home/user/ADHD-EEG-Benchmark/la-kaie/results/raw/pilot/FIR/HBA/inst03/run01.json", "runtime": 6.247044761000325, "best": 0.004897400255474483}
2026-09-28T11:16:57.286342+00:00 {"status": "ok", "path": "/home/user/ADHD-EEG-Benchmark/la-kaie/results/raw/pilot/FIR/MPA/inst03/run02.json", "runtime": 2.67522395099968, "best": 0.008607641950970649}
2026-09-28T11:16:58.829281+00:00 {"status": "ok", "path": "/home/user/ADHD-EEG-Benchmark/la-kaie/results/raw/pilot/FIR/MPHB/inst03/run02.json", "runtime": 3.127142708000065, "best": 0.00748958742899726}
2026-09-28T11:16:59.289975+00:00 {"status": "ok", "path": "/home/user/ADHD-EEG-Benchmark/la-kaie/results/raw/pilot/FIR/HBA/inst03/run02.json", "runtime": 6.282452082000418, "best": 0.013612201001748462}
2026-09-28T11:17:00.292768+00:00 {"status": "ok", "path": "/home/user/ADHD-EEG-Benchmark/la-kaie/results/raw/pilot/FIR/MPA/inst03/run03.json", "runtime": 2.9950311950005926, "best": 0.00521068678819612}
2026-09-28T11:17:01.885350+00:00 {"status": "ok", "path": "/home/user/ADHD-EEG-Benchmark/la-kaie/results/raw/pilot/FIR/MPHB/inst03/run03.json", "runtime": 3.045263898000485, "best": 0.013423201048067594}
2026-09-28T11:17:01.947696+00:00 {"status": "ok", "path": "/home/user/ADHD-EEG-Benchmark/la-kaie/results/raw/pilot/FIR/HBA/inst03/run03.json", "runtime": 6.048457578000125, "best": 0.011364261806891492}
2026-09-28T11:17:03.670419+00:00 {"status": "ok", "path": "/home/user/ADHD-EEG-Benchmark/la-kaie/results/raw/pilot/FIR/MPA/inst03/run04.json", "runtime": 3.366524988000492, "best": 0.00609174960361692}
2026-09-28T11:17:06.103084+00:00 {"status": "ok", "path": "/home/user/ADHD-EEG-Benchmark/la-kaie/results/raw/pilot/FIR/MPHB/inst03/run04.json", "runtime": 4.207012347999807, "best": 0.006959705758339201}
2026-09-28T11:17:06.590490+00:00 {"status": "ok", "path": "/home/user/ADHD-EEG-Benchmark/la-kaie/results/raw/pilot/FIR/HBA/inst03/run04.json", "runtime": 7.2818224120001105, "best": 0.023900810552274394}
2026-09-28T11:17:08.043696+00:00 {"status": "ok", "path": "/home/user/ADHD-EEG-Benchmark/la-kaie/results/raw/pilot/FIR/MPA/inst03/run05.json", "runtime": 4.348995938000371, "best": 0.006826330728736882}
2026-09-28T11:17:09.040326+00:00 {"status": "ok", "path": "/home/user/ADHD-EEG-Benchmark/la-kaie/results/raw/pilot/FIR/HBA/inst03/run05.json", "runtime": 7.073292980000588, "best": 0.011619599197941725}
2026-09-28T11:17:09.510586+00:00 {"status": "ok", "path": "/home/user/ADHD-EEG-Benchmark/la-kaie/results/raw/pilot/FIR/MPHB/inst03/run05.json", "runtime": 3.3958677529999477, "best": 0.030026767830021797}
2026-09-28T11:17:11.959712+00:00 {"status": "ok", "path": "/home/user/ADHD-EEG-Benchmark/la-kaie/results/raw/pilot/FIR/MPA/inst04/run01.json", "runtime": 3.900977598999816, "best": 0.020172156918059955}
2026-09-28T11:17:13.483505+00:00 {"status": "ok", "path": "/home/user/ADHD-EEG-Benchmark/la-kaie/results/raw/pilot/FIR/HBA/inst04/run01.json", "runtime": 6.865209665000293, "best": 0.026175879213197955}
2026-09-28T11:17:13.628302+00:00 {"status": "ok", "path": "/home/user/ADHD-EEG-Benchmark/la-kaie/results/raw/pilot/FIR/HBA/inst04/run02.json", "runtime": 4.090300677000414, "best": 0.047279307644263004}
2026-09-28T11:17:15.492582+00:00 {"status": "ok", "path": "/home/user/ADHD-EEG-Benchmark/la-kaie/results/raw/pilot/FIR/MPHB/inst04/run01.json", "runtime": 6.439056239999445, "best": 0.04424226518332129}
2026-09-28T11:17:15.712875+00:00 {"status": "ok", "path": "/home/user/ADHD-EEG-Benchmark/la-kaie/results/raw/pilot/FIR/MPA/inst04/run02.json", "runtime": 3.735964653999872, "best": 0.02387433218260622}
2026-09-28T11:17:18.235553+00:00 {"status": "ok", "path": "/home/user/ADHD-EEG-Benchmark/la-kaie/results/raw/pilot/FIR/HBA/inst04/run03.json", "runtime": 4.584646457999952, "best": 0.030284090793630612}
2026-09-28T11:17:19.162775+00:00 {"status": "ok", "path": "/home/user/ADHD-EEG-Benchmark/la-kaie/results/raw/pilot/FIR/MPHB/inst04/run03.json", "runtime": 3.4317715510005655, "best": 0.02384917643083499}
2026-09-28T11:17:19.799796+00:00 {"status": "ok", "path": "/home/user/ADHD-EEG-Benchmark/la-kaie/results/raw/pilot/FIR/MPHB/inst04/run02.json", "runtime": 6.299843838000015, "best": 0.03879395119593898}
2026-09-28T11:17:21.672548+00:00 {"status": "ok", "path": "/home/user/ADHD-EEG-Benchmark/la-kaie/results/raw/pilot/FIR/MPA/inst04/run03.json", "runtime": 6.167612851999365, "best": 0.02326300488321921}
2026-09-28T11:17:22.576094+00:00 {"status": "ok", "path": "/home/user/ADHD-EEG-Benchmark/la-kaie/results/raw/pilot/FIR/MPA/inst04/run04.json", "runtime": 3.3887980910003535, "best": 0.033616086587118704}
2026-09-28T11:17:22.868143+00:00 {"status": "ok", "path": "/home/user/ADHD-EEG-Benchmark/la-kaie/results/raw/pilot/FIR/HBA/inst04/run04.json", "runtime": 4.612776234999728, "best": 0.061689530893417305}
2026-09-28T11:17:25.902400+00:00 {"status": "ok", "path": "/home/user/ADHD-EEG-Benchmark/la-kaie/results/raw/pilot/FIR/MPA/inst04/run05.json", "runtime": 3.3149630930001877, "best": 0.029239057750431938}
2026-09-28T11:17:25.973594+00:00 {"status": "ok", "path": "/home/user/ADHD-EEG-Benchmark/la-kaie/results/raw/pilot/FIR/MPHB/inst04/run04.json", "runtime": 6.160386379999181, "best": 0.029804165822483474}
2026-09-28T11:17:26.439552+00:00 {"status": "ok", "path": "/home/user/ADHD-EEG-Benchmark/la-kaie/results/raw/pilot/FIR/MPHB/inst04/run05.json", "runtime": 3.556948903000375, "best": 0.032281290896564896}
2026-09-28T11:17:28.280272+00:00 {"status": "ok", "path": "/home/user/ADHD-EEG-Benchmark/la-kaie/results/raw/pilot/FIR/HBA/inst04/run05.json", "runtime": 6.58815007999965, "best": 0.031550816508418504}
2026-09-28T11:17:28.985061+00:00 {"status": "ok", "path": "/home/user/ADHD-EEG-Benchmark/la-kaie/results/raw/pilot/FIR/MPA/inst05/run01.json", "runtime": 2.9965115720005997, "best": 0.00509210089584557}
2026-09-28T11:17:29.146851+00:00 {"status": "ok", "path": "/home/user/ADHD-EEG-Benchmark/la-kaie/results/raw/pilot/FIR/MPHB/inst05/run01.json", "runtime": 2.694055644999935, "best": 0.00977206146915342}
2026-09-28T11:17:29.331604+00:00 {"status": "ok", "path": "/home/user/ADHD-EEG-Benchmark/la-kaie/results/raw/pilot/FIR/HBA/inst05/run01.json", "runtime": 3.389493544999823, "best": 0.00891966133454028}
2026-09-28T11:17:31.933133+00:00 {"status": "ok", "path": "/home/user/ADHD-EEG-Benchmark/la-kaie/results/raw/pilot/FIR/HBA/inst05/run02.json", "runtime": 3.6351357889998326, "best": 0.012018289167617893}
2026-09-28T11:17:31.999705+00:00 {"status": "ok", "path": "/home/user/ADHD-EEG-Benchmark/la-kaie/results/raw/pilot/FIR/MPA/inst05/run02.json", "runtime": 3.002063325000563, "best": 0.003526024223799621}
2026-09-28T11:17:32.196629+00:00 {"status": "ok", "path": "/home/user/ADHD-EEG-Benchmark/la-kaie/results/raw/pilot/FIR/MPHB/inst05/run02.json", "runtime": 3.038956856999903, "best": 0.005803431140618867}
2026-09-28T11:17:33.265615+00:00 {"status": "ok", "path": "/home/user/ADHD-EEG-Benchmark/la-kaie/results/raw/pilot/FIR/HBA/inst05/run03.json", "runtime": 3.9129184450002867, "best": 0.003124251088263812}
2026-09-28T11:17:34.613750+00:00 {"status": "ok", "path": "/home/user/ADHD-EEG-Benchmark/la-kaie/results/raw/pilot/FIR/MPA/inst05/run03.json", "runtime": 2.6685839920000944, "best": 0.003451647192376179}
2026-09-28T11:17:35.852720+00:00 {"status": "ok", "path": "/home/user/ADHD-EEG-Benchmark/la-kaie/results/raw/pilot/FIR/MPHB/inst05/run03.json", "runtime": 3.838605987999472, "best": 0.008871008587042357}
2026-09-28T11:17:36.611018+00:00 {"status": "ok", "path": "/home/user/ADHD-EEG-Benchmark/la-kaie/results/raw/pilot/FIR/MPA/inst05/run04.json", "runtime": 3.328112246999808, "best": 0.005700250319009179}
2026-09-28T11:17:36.664876+00:00 {"status": "ok", "path": "/home/user/ADHD-EEG-Benchmark/la-kaie/results/raw/pilot/FIR/HBA/inst05/run04.json", "runtime": 4.449183753999932, "best": 0.017281342032417116}
2026-09-28T11:17:38.529035+00:00 {"status": "ok", "path": "/home/user/ADHD-EEG-Benchmark/la-kaie/results/raw/pilot/FIR/MPHB/inst05/run04.json", "runtime": 3.900201186999766, "best": 0.0021915279717305736}
2026-09-28T11:17:40.123578+00:00 {"status": "ok", "path": "/home/user/ADHD-EEG-Benchmark/la-kaie/results/raw/pilot/FIR/MPA/inst05/run05.json", "runtime": 3.4993812519996936, "best": 0.00308067497512453}
2026-09-28T11:17:40.184676+00:00 {"status": "ok", "path": "/home/user/ADHD-EEG-Benchmark/la-kaie/results/raw/pilot/FIR/MPHB/inst05/run05.json", "runtime": 3.509176418999232, "best": 0.015208496712631482}
2026-09-28T11:17:40.349691+00:00 {"status": "ok", "path": "/home/user/ADHD-EEG-Benchmark/la-kaie/results/raw/pilot/FIR/HBA/inst05/run05.json", "runtime": 4.4752848119997, "best": 0.0016506727970716532}
2026-09-28T11:17:42.656646+00:00 {"status": "ok", "path": "/home/user/ADHD-EEG-Benchmark/la-kaie/results/raw/pilot/FIR/MPA/inst06/run01.json", "runtime": 2.5102219119999063, "best": 0.011008165405713387}
2026-09-28T11:17:43.463613+00:00 {"status": "ok", "path": "/home/user/ADHD-EEG-Benchmark/la-kaie/results/raw/pilot/FIR/MPHB/inst06/run01.json", "runtime": 3.259911423999256, "best": 0.00957954250017978}
2026-09-28T11:17:44.513142+00:00 {"status": "ok", "path": "/home/user/ADHD-EEG-Benchmark/la-kaie/results/raw/pilot/FIR/HBA/inst06/run01.json", "runtime": 5.962327422999806, "best": 0.007260241774823137}
2026-09-28T11:17:45.857066+00:00 {"status": "ok", "path": "/home/user/ADHD-EEG-Benchmark/la-kaie/results/raw/pilot/FIR/MPA/inst06/run02.json", "runtime": 3.188309401999504, "best": 0.009064286117365608}
2026-09-28T11:17:46.335382+00:00 {"status": "ok", "path": "/home/user/ADHD-EEG-Benchmark/la-kaie/results/raw/pilot/FIR/HBA/inst06/run02.json", "runtime": 5.968048409999938, "best": 0.08425358743587472}
2026-09-28T11:17:46.692839+00:00 {"status": "ok", "path": "/home/user/ADHD-EEG-Benchmark/la-kaie/results/raw/pilot/FIR/MPHB/inst06/run02.json", "runtime": 3.2126545040000565, "best": 0.008980482531656503}
2026-09-28T11:17:48.984697+00:00 {"status": "ok", "path": "/home/user/ADHD-EEG-Benchmark/la-kaie/results/raw/pilot/FIR/MPA/inst06/run03.json", "runtime": 3.113652390000425, "best": 0.009386202607027102}
2026-09-28T11:17:50.335542+00:00 {"status": "ok", "path": "/home/user/ADHD-EEG-Benchmark/la-kaie/results/raw/pilot/FIR/HBA/inst06/run03.json", "runtime": 5.803714871000011, "best": 0.035062142186797124}
2026-09-28T11:17:51.035218+00:00 {"status": "ok", "path": "/home/user/ADHD-EEG-Benchmark/la-kaie/results/raw/pilot/FIR/HBA/inst06/run04.json", "runtime": 4.31750377499975, "best": 0.012296441346580277}
2026-09-28T11:17:52.237526+00:00 {"status": "ok", "path": "/home/user/ADHD-EEG-Benchmark/la-kaie/results/raw/pilot/FIR/MPHB/inst06/run03.json", "runtime": 5.891640668999571, "best": 0.03757292486306871}
2026-09-28T11:17:52.475433+00:00 {"status": "ok", "path": "/home/user/ADHD-EEG-Benchmark/la-kaie/results/raw/pilot/FIR/MPA/inst06/run04.json", "runtime": 3.4764048030001504, "best": 0.01636429762021254}
2026-09-28T11:17:55.257341+00:00 {"status": "ok", "path": "/home/user/ADHD-EEG-Benchmark/la-kaie/results/raw/pilot/FIR/HBA/inst06/run05.json", "runtime": 4.2016391289998865, "best": 0.08031688369666526}
2026-09-28T11:17:55.856742+00:00 {"status": "ok", "path": "/home/user/ADHD-EEG-Benchmark/la-kaie/results/raw/pilot/FIR/MPHB/inst06/run05.json", "runtime": 3.3701507490004587, "best": 0.021201236516607762}
2026-09-28T11:17:55.974260+00:00 {"status": "ok", "path": "/home/user/ADHD-EEG-Benchmark/la-kaie/results/raw/pilot/FIR/MPHB/inst06/run04.json", "runtime": 5.627193563000219, "best": 0.009779909529036365}
2026-09-28T11:17:57.389772+00:00 {"status": "ok", "path": "/home/user/ADHD-EEG-Benchmark/la-kaie/results/raw/pilot/FIR/MPA/inst06/run05.json", "runtime": 5.1409365460003755, "best": 0.005804151854217179}
2026-09-28T11:17:58.635966+00:00 {"status": "ok", "path": "/home/user/ADHD-EEG-Benchmark/la-kaie/results/raw/pilot/FIR/MPA/inst07/run01.json", "runtime": 2.7612328250006613, "best": 0.011589591501539181}
2026-09-28T11:17:58.859669+00:00 {"status": "ok", "path": "/home/user/ADHD-EEG-Benchmark/la-kaie/results/raw/pilot/FIR/HBA/inst07/run01.json", "runtime": 3.565864473000147, "best": 0.0015193168447532642}
2026-09-28T11:17:59.136893+00:00 {"status": "ok", "path": "/home/user/ADHD-EEG-Benchmark/la-kaie/results/raw/pilot/FIR/MPHB/inst07/run01.json", "runtime": 3.1420766279998134, "best": 0.007728840999961541}
2026-09-28T11:18:01.415201+00:00 {"status": "ok", "path": "/home/user/ADHD-EEG-Benchmark/la-kaie/results/raw/pilot/FIR/HBA/inst07/run02.json", "runtime": 4.006967115000407, "best": 0.0016222783941392822}
2026-09-28T11:18:01.647739+00:00 {"status": "ok", "path": "/home/user/ADHD-EEG-Benchmark/la-kaie/results/raw/pilot/FIR/MPA/inst07/run02.json", "runtime": 3.0005193180004426, "best": 0.006004312720632861}
2026-09-28T11:18:02.375207+00:00 {"status": "ok", "path": "/home/user/ADHD-EEG-Benchmark/la-kaie/results/raw/pilot/FIR/MPHB/inst07/run02.json", "runtime": 3.5106176789995516, "best": 0.004436798976242691}
2026-09-28T11:18:02.974703+00:00 {"status": "ok", "path": "/home/user/ADHD-EEG-Benchmark/la-kaie/results/raw/pilot/FIR/HBA/inst07/run03.json", "runtime": 3.8188107169999057, "best": 0.0014199024375574254}
2026-09-28T11:18:04.461354+00:00 {"status": "ok", "path": "/home/user/ADHD-EEG-Benchmark/la-kaie/results/raw/pilot/FIR/MPA/inst07/run03.json", "runtime": 3.030041660000279, "best": 0.0071422196391810275}
2026-09-28T11:18:05.099997+00:00 {"status": "ok", "path": "/home/user/ADHD-EEG-Benchmark/la-kaie/results/raw/pilot/FIR/MPHB/inst07/run03.json", "runtime": 3.439046495999719, "best": 0.004540619374302803}
2026-09-28T11:18:06.562400+00:00 {"status": "ok", "path": "/home/user/ADHD-EEG-Benchmark/la-kaie/results/raw/pilot/FIR/MPA/inst07/run04.json", "runtime": 3.5723546889994395, "best": 0.006378865129538082}
2026-09-28T11:18:07.035608+00:00 {"status": "ok", "path": "/home/user/ADHD-EEG-Benchmark/la-kaie/results/raw/pilot/FIR/HBA/inst07/run04.json", "runtime": 4.637679504000516, "best": 0.0025511036316251423}
2026-09-28T11:18:07.575723+00:00 {"status": "ok", "path": "/home/user/ADHD-EEG-Benchmark/la-kaie/results/raw/pilot/FIR/MPHB/inst07/run04.json", "runtime": 3.1005456860002596, "best": 0.006829404601948864}
2026-09-28T11:18:08.864826+00:00 {"status": "ok", "path": "/home/user/ADHD-EEG-Benchmark/la-kaie/results/raw/pilot/FIR/HBA/inst07/run05.json", "runtime": 3.7380302049996317, "best": 0.0038254433378799454}
2026-09-28T11:18:09.804647+00:00 {"status": "ok", "path": "/home/user/ADHD-EEG-Benchmark/la-kaie/results/raw/pilot/FIR/MPA/inst07/run05.json", "runtime": 3.2262825279995013, "best": 0.023060312349610958}
2026-09-28T11:18:10.173256+00:00 {"status": "ok", "path": "/home/user/ADHD-EEG-Benchmark/la-kaie/results/raw/pilot/FIR/MPHB/inst07/run05.json", "runtime": 3.1265934170005494, "best": 0.010674851560919053}
2026-09-28T11:18:11.090515+00:00 {"status": "ok", "path": "/home/user/ADHD-EEG-Benchmark/la-kaie/results/raw/pilot/FIR/HBA/inst08/run01.json", "runtime": 3.4919771120003134, "best": 0.004996493906049188}
2026-09-28T11:18:12.033276+00:00 {"status": "ok", "path": "/home/user/ADHD-EEG-Benchmark/la-kaie/results/raw/pilot/FIR/MPA/inst08/run01.json", "runtime": 3.1464471140006935, "best": 0.007146282998459301}
2026-09-28T11:18:13.991688+00:00 {"status": "ok", "path": "/home/user/ADHD-EEG-Benchmark/la-kaie/results/raw/pilot/FIR/MPHB/inst08/run01.json", "runtime": 4.161735206999765, "best": 0.019430792057537536}
2026-09-28T11:18:14.923309+00:00 {"status": "ok", "path": "/home/user/ADHD-EEG-Benchmark/la-kaie/results/raw/pilot/FIR/MPA/inst08/run02.json", "runtime": 3.8194739059999847, "best": 0.0072152800099844405}
2026-09-28T11:18:15.275291+00:00 {"status": "ok", "path": "/home/user/ADHD-EEG-Benchmark/la-kaie/results/raw/pilot/FIR/HBA/inst08/run02.json", "runtime": 5.080805679999685, "best": 0.008298108204093399}
2026-09-28T11:18:16.317927+00:00 {"status": "ok", "path": "/home/user/ADHD-EEG-Benchmark/la-kaie/results/raw/pilot/FIR/MPHB/inst08/run02.json", "runtime": 4.274310511000294, "best": 0.008120064211650693}
2026-09-28T11:18:18.000583+00:00 {"status": "ok", "path": "/home/user/ADHD-EEG-Benchmark/la-kaie/results/raw/pilot/FIR/MPA/inst08/run03.json", "runtime": 3.0655449340001724, "best": 0.008386481735359734}
2026-09-28T11:18:18.533793+00:00 {"status": "ok", "path": "/home/user/ADHD-EEG-Benchmark/la-kaie/results/raw/pilot/FIR/HBA/inst08/run03.json", "runtime": 4.516719356000067, "best": 0.006391775295939246}
2026-09-28T11:18:18.668033+00:00 {"status": "ok", "path": "/home/user/ADHD-EEG-Benchmark/la-kaie/results/raw/pilot/FIR/MPHB/inst08/run03.json", "runtime": 3.367297882999992, "best": 0.01034788871632105}
2026-09-28T11:18:20.362401+00:00 {"status": "ok", "path": "/home/user/ADHD-EEG-Benchmark/la-kaie/results/raw/pilot/FIR/HBA/inst08/run04.json", "runtime": 4.027148426999702, "best": 0.0031803788178688323}
2026-09-28T11:18:21.075993+00:00 {"status": "ok", "path": "/home/user/ADHD-EEG-Benchmark/la-kaie/results/raw/pilot/FIR/MPA/inst08/run04.json", "runtime": 3.063269735999711, "best": 0.01585510239204788}
2026-09-28T11:18:22.165988+00:00 {"status": "ok", "path": "/home/user/ADHD-EEG-Benchmark/la-kaie/results/raw/pilot/FIR/MPHB/inst08/run04.json", "runtime": 3.6117185599996446, "best": 0.013801732328122393}
2026-09-28T11:18:22.535260+00:00 {"status": "ok", "path": "/home/user/ADHD-EEG-Benchmark/la-kaie/results/raw/pilot/FIR/HBA/inst08/run05.json", "runtime": 3.846892563000438, "best": 0.006069769698060027}
2026-09-28T11:18:22.940146+00:00 {"status": "ok", "path": "/home/user/ADHD-EEG-Benchmark/la-kaie/results/raw/pilot/FIR/MPA/inst08/run05.json", "runtime": 2.5662374980001914, "best": 0.006694248023981821}
2026-09-28T11:18:24.846327+00:00 {"status": "ok", "path": "/home/user/ADHD-EEG-Benchmark/la-kaie/results/raw/pilot/FIR/MPHB/inst08/run05.json", "runtime": 3.7575328149996494, "best": 0.013795083318639552}
