2026-09-28T10:14:48.123543+00:00 {"status": "ok", "path": "/home/user/ADHD-EEG-Benchmark/la-kaie/results/raw/pilot/CEC2022/LA-KAIE-NoInteraction/inst01/run01.json", "runtime": 4.961269578000156, "best": 1.7053025658242404e-13}
2026-09-28T10:14:53.924497+00:00 {"status": "ok", "path": "/home/user/ADHD-EEG-Benchmark/la-kaie/results/raw/pilot/CEC2022/LA-KAIE-Full/inst01/run01.json", "runtime": 10.752981984000144, "best": 5.684341886080802e-14}
2026-09-28T10:14:54.791747+00:00 {"status": "ok", "path": "/home/user/ADHD-EEG-Benchmark/la-kaie/results/raw/pilot/CEC2022/LA-KAIE-NoLandscape/inst01/run01.json", "runtime": 11.610879181999735, "best": 1.7053025658242404e-13}
2026-09-28T10:14:56.821683+00:00 {"status": "ok", "path": "/home/user/ADHD-EEG-Benchmark/la-kaie/results/raw/pilot/CEC2022/LA-KAIE-NoKnowledgeReward/inst01/run01.json", "runtime": 8.66499467199992, "best": 1.1368683772161603e-13}
2026-09-28T10:15:01.494676+00:00 {"status": "ok", "path": "/home/user/ADHD-EEG-Benchmark/la-kaie/results/raw/pilot/CEC2022/MPHBS/inst01/run01.json", "runtime": 18.34184717800008, "best": 1.2696114026766736e-07}
2026-09-28T10:15:04.505396+00:00 {"status": "ok", "path": "/home/user/ADHD-EEG-Benchmark/la-kaie/results/raw/pilot/CEC2022/LA-KAIE-RandomExchange/inst01/run01.json", "runtime": 9.661106036000092, "best": 1.1368683772161603e-13}
2026-09-28T10:15:04.628373+00:00 {"status": "ok", "path": "/home/user/ADHD-EEG-Benchmark/la-kaie/results/raw/pilot/CEC2022/LA-KAIE-DimensionOnly/inst01/run01.json", "runtime": 10.669094215999849, "best": 2.2737367544323206e-13}
2026-09-28T10:15:14.295310+00:00 {"status": "ok", "path": "/home/user/ADHD-EEG-Benchmark/la-kaie/results/raw/pilot/CEC2022/LA-KAIE-FixedPolicy/inst01/run01.json", "runtime": 17.39985158599984, "best": 1.8758328224066645e-12}
2026-09-28T10:15:17.019175+00:00 {"status": "ok", "path": "/home/user/ADHD-EEG-Benchmark/la-kaie/results/raw/pilot/CEC2022/LA-KAIE-Full/inst01/run02.json", "runtime": 12.35180506200004, "best": 1.1368683772161603e-13}
2026-09-28T10:15:19.006786+00:00 {"status": "ok", "path": "/home/user/ADHD-EEG-Benchmark/la-kaie/results/raw/pilot/CEC2022/LA-KAIE-NoAdaptiveController/inst01/run01.json", "runtime": 17.441959932999907, "best": 1.2442626484698849e-08}
2026-09-28T10:15:21.914896+00:00 {"status": "ok", "path": "/home/user/ADHD-EEG-Benchmark/la-kaie/results/raw/pilot/CEC2022/LA-KAIE-NoInteraction/inst01/run02.json", "runtime": 4.859639894999873, "best": 1.7053025658242404e-13}
2026-09-28T10:15:22.689945+00:00 {"status": "ok", "path": "/home/user/ADHD-EEG-Benchmark/la-kaie/results/raw/pilot/CEC2022/MPHBS/inst01/run02.json", "runtime": 18.175439249999727, "best": 1.189332010653743e-07}
2026-09-28T10:15:26.851116+00:00 {"status": "ok", "path": "/home/user/ADHD-EEG-Benchmark/la-kaie/results/raw/pilot/CEC2022/LA-KAIE-NoLandscape/inst01/run02.json", "runtime": 12.513595602999885, "best": 5.684341886080802e-14}
2026-09-28T10:15:28.676772+00:00 {"status": "ok", "path": "/home/user/ADHD-EEG-Benchmark/la-kaie/results/raw/pilot/CEC2022/LA-KAIE-NoKnowledgeReward/inst01/run02.json", "runtime": 9.634131842999977, "best": 1.7053025658242404e-13}
2026-09-28T10:15:30.973485+00:00 {"status": "ok", "path": "/home/user/ADHD-EEG-Benchmark/la-kaie/results/raw/pilot/CEC2022/LA-KAIE-RandomExchange/inst01/run02.json", "runtime": 8.245307350000076, "best": 1.7053025658242404e-13}
2026-09-28T10:15:32.735674+00:00 {"status": "ok", "path": "/home/user/ADHD-EEG-Benchmark/la-kaie/results/raw/pilot/CEC2022/LA-KAIE-DimensionOnly/inst01/run02.json", "runtime": 10.77691585499997, "best": 1.1368683772161603e-13}
2026-09-28T10:15:42.633699+00:00 {"status": "ok", "path": "/home/user/ADHD-EEG-Benchmark/la-kaie/results/raw/pilot/CEC2022/LA-KAIE-FixedPolicy/inst01/run02.json", "runtime": 15.711057105999771, "best": 6.252776074688882e-13}
2026-09-28T10:15:44.180371+00:00 {"status": "ok", "path": "/home/user/ADHD-EEG-Benchmark/la-kaie/results/raw/pilot/CEC2022/LA-KAIE-Full/inst01/run03.json", "runtime": 11.407496317000096, "best": 5.684341886080802e-14}
2026-09-28T10:15:45.525396+00:00 {"status": "ok", "path": "/home/user/ADHD-EEG-Benchmark/la-kaie/results/raw/pilot/CEC2022/LA-KAIE-NoAdaptiveController/inst01/run02.json", "runtime": 16.78211467600022, "best": 4.36307345808018e-09}
2026-09-28T10:15:49.085954+00:00 {"status": "ok", "path": "/home/user/ADHD-EEG-Benchmark/la-kaie/results/raw/pilot/CEC2022/LA-KAIE-NoInteraction/inst01/run03.json", "runtime": 4.8751765880001585, "best": 2.2737367544323206e-13}
2026-09-28T10:15:49.106648+00:00 {"status": "ok", "path": "/home/user/ADHD-EEG-Benchmark/la-kaie/results/raw/pilot/CEC2022/MPHBS/inst01/run03.json", "runtime": 18.12479333700003, "best": 1.9662240902107442e-07}
2026-09-28T10:15:55.196409+00:00 {"status": "ok", "path": "/home/user/ADHD-EEG-Benchmark/la-kaie/results/raw/pilot/CEC2022/LA-KAIE-NoLandscape/inst01/run03.json", "runtime": 12.52167433500017, "best": 1.1368683772161603e-13}
2026-09-28T10:15:56.034611+00:00 {"status": "ok", "path": "/home/user/ADHD-EEG-Benchmark/la-kaie/results/raw/pilot/CEC2022/LA-KAIE-NoKnowledgeReward/inst01/run03.json", "runtime": 10.4734561209998, "best": 1.1368683772161603e-13}
2026-09-28T10:15:56.998858+00:00 {"status": "ok", "path": "/home/user/ADHD-EEG-Benchmark/la-kaie/results/raw/pilot/CEC2022/LA-KAIE-RandomExchange/inst01/run03.json", "runtime": 7.850576932000422, "best": 1.1368683772161603e-13}
2026-09-28T10:16:00.862461+00:00 {"status": "ok", "path": "/home/user/ADHD-EEG-Benchmark/la-kaie/results/raw/pilot/CEC2022/LA-KAIE-DimensionOnly/inst01/run03.json", "runtime": 11.736642213999858, "best": 2.2737367544323206e-13}
2026-09-28T10:16:11.142620+00:00 {"status": "ok", "path": "/home/user/ADHD-EEG-Benchmark/la-kaie/results/raw/pilot/CEC2022/LA-KAIE-FixedPolicy/inst01/run03.json", "runtime": 15.881703857000048, "best": 2.6432189770275727e-11}
2026-09-28T10:16:11.732743+00:00 {"status": "ok", "path": "/home/user/ADHD-EEG-Benchmark/la-kaie/results/raw/pilot/CEC2022/LA-KAIE-Full/inst01/run04.json", "runtime": 10.83606524600009, "best": 1.1368683772161603e-13}
2026-09-28T10:16:13.854556+00:00 {"status": "ok", "path": "/home/user/ADHD-EEG-Benchmark/la-kaie/results/raw/pilot/CEC2022/LA-KAIE-NoAdaptiveController/inst01/run03.json", "runtime": 17.74145814800022, "best": 2.8755039238603786e-08}
2026-09-28T10:16:16.282723+00:00 {"status": "ok", "path": "/home/user/ADHD-EEG-Benchmark/la-kaie/results/raw/pilot/CEC2022/MPHBS/inst01/run04.json", "runtime": 19.27482394699973, "best": 2.735725388447463e-07}
2026-09-28T10:16:17.056629+00:00 {"status": "ok", "path": "/home/user/ADHD-EEG-Benchmark/la-kaie/results/raw/pilot/CEC2022/LA-KAIE-NoInteraction/inst01/run04.json", "runtime": 5.29849491899995, "best": 2.8421709430404007e-13}
2026-09-28T10:16:22.986939+00:00 {"status": "ok", "path": "/home/user/ADHD-EEG-Benchmark/la-kaie/results/raw/pilot/CEC2022/LA-KAIE-NoLandscape/inst01/run04.json", "runtime": 11.804084411000076, "best": 1.1368683772161603e-13}
2026-09-28T10:16:24.118507+00:00 {"status": "ok", "path": "/home/user/ADHD-EEG-Benchmark/la-kaie/results/raw/pilot/CEC2022/LA-KAIE-NoKnowledgeReward/inst01/run04.json", "runtime": 10.229559537000114, "best": 1.1368683772161603e-13}
2026-09-28T10:16:25.331650+00:00 {"status": "ok", "path": "/home/user/ADHD-EEG-Benchmark/la-kaie/results/raw/pilot/CEC2022/LA-KAIE-RandomExchange/inst01/run04.json", "runtime": 8.213311287000124, "best": 1.1368683772161603e-13}
2026-09-28T10:16:27.546886+00:00 {"status": "ok", "path": "/home/user/ADHD-EEG-Benchmark/la-kaie/results/raw/pilot/CEC2022/LA-KAIE-DimensionOnly/inst01/run04.json", "runtime": 11.22699873099964, "best": 1.7053025658242404e-13}
2026-09-28T10:16:38.704929+00:00 {"status": "ok", "path": "/home/user/ADHD-EEG-Benchmark/la-kaie/results/raw/pilot/CEC2022/LA-KAIE-FixedPolicy/inst01/run04.json", "runtime": 15.640001913000106, "best": 1.6655121726216748e-11}
2026-09-28T10:16:39.400580+00:00 {"status": "ok", "path": "/home/user/ADHD-EEG-Benchmark/la-kaie/results/raw/pilot/CEC2022/LA-KAIE-Full/inst01/run05.json", "runtime": 11.813151412000025, "best": 1.7053025658242404e-13}
2026-09-28T10:16:40.099953+00:00 {"status": "ok", "path": "/home/user/ADHD-EEG-Benchmark/la-kaie/results/raw/pilot/CEC2022/LA-KAIE-NoAdaptiveController/inst01/run04.json", "runtime": 15.91373664899993, "best": 8.381562111026142e-10}
2026-09-28T10:16:43.980322+00:00 {"status": "ok", "path": "/home/user/ADHD-EEG-Benchmark/la-kaie/results/raw/pilot/CEC2022/MPHBS/inst01/run05.json", "runtime": 18.644182123000064, "best": 6.086081043576996e-07}
2026-09-28T10:16:44.284612+00:00 {"status": "ok", "path": "/home/user/ADHD-EEG-Benchmark/la-kaie/results/raw/pilot/CEC2022/LA-KAIE-NoInteraction/inst01/run05.json", "runtime": 4.857991439000216, "best": 2.2737367544323206e-13}
2026-09-28T10:16:49.401458+00:00 {"status": "ok", "path": "/home/user/ADHD-EEG-Benchmark/la-kaie/results/raw/pilot/CEC2022/LA-KAIE-NoLandscape/inst01/run05.json", "runtime": 10.655524856999818, "best": 1.1368683772161603e-13}
2026-09-28T10:16:52.531362+00:00 {"status": "ok", "path": "/home/user/ADHD-EEG-Benchmark/la-kaie/results/raw/pilot/CEC2022/LA-KAIE-RandomExchange/inst01/run05.json", "runtime": 8.204104938, "best": 1.7053025658242404e-13}
2026-09-28T10:16:52.603215+00:00 {"status": "ok", "path": "/home/user/ADHD-EEG-Benchmark/la-kaie/results/raw/pilot/CEC2022/LA-KAIE-NoKnowledgeReward/inst01/run05.json", "runtime": 12.456976812999983, "best": 1.1368683772161603e-13}
2026-09-28T10:16:55.887268+00:00 {"status": "ok", "path": "/home/user/ADHD-EEG-Benchmark/la-kaie/results/raw/pilot/CEC2022/LA-KAIE-DimensionOnly/inst01/run05.json", "runtime": 11.867493460999867, "best": 1.1368683772161603e-13}
2026-09-28T10:17:05.230352+00:00 {"status": "ok", "path": "/home/user/ADHD-EEG-Benchmark/la-kaie/results/raw/pilot/CEC2022/LA-KAIE-FixedPolicy/inst01/run05.json", "runtime": 15.741219667999758, "best": 3.126388037344441e-12}
2026-09-28T10:17:06.747254+00:00 {"status": "ok", "path": "/home/user/ADHD-EEG-Benchmark/la-kaie/results/raw/pilot/CEC2022/LA-KAIE-Full/inst02/run01.json", "runtime": 10.825373858999683, "best": 1.0857093002414331e-11}
2026-09-28T10:17:09.365866+00:00 {"status": "ok", "path": "/home/user/ADHD-EEG-Benchmark/la-kaie/results/raw/pilot/CEC2022/LA-KAIE-NoAdaptiveController/inst01/run05.json", "runtime": 16.767306761999862, "best": 3.952436600229703e-09}
2026-09-28T10:17:10.975581+00:00 {"status": "ok", "path": "/home/user/ADHD-EEG-Benchmark/la-kaie/results/raw/pilot/CEC2022/MPHBS/inst02/run01.json", "runtime": 18.360136651000175, "best": 44.89546931753438}
2026-09-28T10:17:11.718752+00:00 {"status": "ok", "path": "/home/user/ADHD-EEG-Benchmark/la-kaie/results/raw/pilot/CEC2022/LA-KAIE-NoInteraction/inst02/run01.json", "runtime": 4.949421739000172, "best": 44.895469317451386}
2026-09-28T10:17:18.057167+00:00 {"status": "ok", "path": "/home/user/ADHD-EEG-Benchmark/la-kaie/results/raw/pilot/CEC2022/LA-KAIE-NoLandscape/inst02/run01.json", "runtime": 12.7795053130003, "best": 1.1937117960769683e-12}
2026-09-28T10:17:19.355546+00:00 {"status": "ok", "path": "/home/user/ADHD-EEG-Benchmark/la-kaie/results/raw/pilot/CEC2022/LA-KAIE-RandomExchange/inst02/run01.json", "runtime": 7.598425729000155, "best": 44.89546931745127}
2026-09-28T10:17:21.631350+00:00 {"status": "ok", "path": "/home/user/ADHD-EEG-Benchmark/la-kaie/results/raw/pilot/CEC2022/LA-KAIE-NoKnowledgeReward/inst02/run01.json", "runtime": 12.226360812999701, "best": 4.604316927725449e-12}
2026-09-28T10:17:22.571999+00:00 {"status": "ok", "path": "/home/user/ADHD-EEG-Benchmark/la-kaie/results/raw/pilot/CEC2022/LA-KAIE-DimensionOnly/inst02/run01.json", "runtime": 11.551596772999801, "best": 1.1368683772161603e-13}
2026-09-28T10:17:33.413102+00:00 {"status": "ok", "path": "/home/user/ADHD-EEG-Benchmark/la-kaie/results/raw/pilot/CEC2022/LA-KAIE-FixedPolicy/inst02/run01.json", "runtime": 15.286971665999772, "best": 49.0844789794819}
2026-09-28T10:17:34.813406+00:00 {"status": "ok", "path": "/home/user/ADHD-EEG-Benchmark/la-kaie/results/raw/pilot/CEC2022/LA-KAIE-NoAdaptiveController/inst02/run01.json", "runtime": 15.368105407000257, "best": 49.084478979481446}
2026-09-28T10:17:37.748804+00:00 {"status": "ok", "path": "/home/user/ADHD-EEG-Benchmark/la-kaie/results/raw/pilot/CEC2022/LA-KAIE-Full/inst02/run02.json", "runtime": 15.12843224199969, "best": 49.08447897948122}
2026-09-28T10:17:39.204174+00:00 {"status": "ok", "path": "/home/user/ADHD-EEG-Benchmark/la-kaie/results/raw/pilot/CEC2022/MPHBS/inst02/run02.json", "runtime": 17.561120585000026, "best": 49.084478991866206}
2026-09-28T10:17:40.081711+00:00 {"status": "ok", "path": "/home/user/ADHD-EEG-Benchmark/la-kaie/results/raw/pilot/CEC2022/LA-KAIE-NoInteraction/inst02/run02.json", "runtime": 5.243443380000372, "best": 49.08447897948173}
2026-09-28T10:17:44.442712+00:00 {"status": "ok", "path": "/home/user/ADHD-EEG-Benchmark/la-kaie/results/raw/pilot/CEC2022/LA-KAIE-NoLandscape/inst02/run02.json", "runtime": 10.987206240999967, "best": 49.08447897948122}
2026-09-28T10:17:48.036275+00:00 {"status": "ok", "path": "/home/user/ADHD-EEG-Benchmark/la-kaie/results/raw/pilot/CEC2022/LA-KAIE-RandomExchange/inst02/run02.json", "runtime": 7.918984517999888, "best": 49.08447897948122}
2026-09-28T10:17:48.575633+00:00 {"status": "ok", "path": "/home/user/ADHD-EEG-Benchmark/la-kaie/results/raw/pilot/CEC2022/LA-KAIE-NoKnowledgeReward/inst02/run02.json", "runtime": 10.766662539000208, "best": 1.1368683772161603e-13}
2026-09-28T10:17:51.519255+00:00 {"status": "ok", "path": "/home/user/ADHD-EEG-Benchmark/la-kaie/results/raw/pilot/CEC2022/LA-KAIE-DimensionOnly/inst02/run02.json", "runtime": 12.274049166000168, "best": 49.08447897948116}
2026-09-28T10:17:59.765985+00:00 {"status": "ok", "path": "/home/user/ADHD-EEG-Benchmark/la-kaie/results/raw/pilot/CEC2022/LA-KAIE-FixedPolicy/inst02/run02.json", "runtime": 15.247723078000035, "best": 49.084478979481275}
2026-09-28T10:18:03.777156+00:00 {"status": "ok", "path": "/home/user/ADHD-EEG-Benchmark/la-kaie/results/raw/pilot/CEC2022/LA-KAIE-NoAdaptiveController/inst02/run02.json", "runtime": 15.682488392999858, "best": 44.89546931753375}
2026-09-28T10:18:05.821067+00:00 {"status": "ok", "path": "/home/user/ADHD-EEG-Benchmark/la-kaie/results/raw/pilot/CEC2022/LA-KAIE-Full/inst02/run03.json", "runtime": 14.254514035999819, "best": 44.89546931745133}
2026-09-28T10:18:06.217019+00:00 {"status": "ok", "path": "/home/user/ADHD-EEG-Benchmark/la-kaie/results/raw/pilot/CEC2022/MPHBS/inst02/run03.json", "runtime": 17.6361152999998, "best": 49.084478986124054}
2026-09-28T10:18:09.238167+00:00 {"status": "ok", "path": "/home/user/ADHD-EEG-Benchmark/la-kaie/results/raw/pilot/CEC2022/LA-KAIE-NoInteraction/inst02/run03.json", "runtime": 5.437726488999942, "best": 49.08447897948139}
2026-09-28T10:18:11.378438+00:00 {"status": "ok", "path": "/home/user/ADHD-EEG-Benchmark/la-kaie/results/raw/pilot/CEC2022/LA-KAIE-NoLandscape/inst02/run03.json", "runtime": 11.57050977400013, "best": 49.08447897948122}
2026-09-28T10:18:15.033041+00:00 {"status": "ok", "path": "/home/user/ADHD-EEG-Benchmark/la-kaie/results/raw/pilot/CEC2022/LA-KAIE-NoKnowledgeReward/inst02/run03.json", "runtime": 9.180075278000004, "best": 49.08447897948122}
2026-09-28T10:18:17.112962+00:00 {"status": "ok", "path": "/home/user/ADHD-EEG-Benchmark/la-kaie/results/raw/pilot/CEC2022/LA-KAIE-RandomExchange/inst02/run03.json", "runtime": 7.836392084000181, "best": 49.084478979481275}
2026-09-28T10:18:19.670807+00:00 {"status": "ok", "path": "/home/user/ADHD-EEG-Benchmark/la-kaie/results/raw/pilot/CEC2022/LA-KAIE-DimensionOnly/inst02/run03.json", "runtime": 13.41232262199992, "best": 44.89546931745133}
2026-09-28T10:18:26.903816+00:00 {"status": "ok", "path": "/home/user/ADHD-EEG-Benchmark/la-kaie/results/raw/pilot/CEC2022/LA-KAIE-FixedPolicy/inst02/run03.json", "runtime": 15.445538854999995, "best": 44.89547413622745}
2026-09-28T10:18:30.793118+00:00 {"status": "ok", "path": "/home/user/ADHD-EEG-Benchmark/la-kaie/results/raw/pilot/CEC2022/LA-KAIE-Full/inst02/run04.json", "runtime": 11.078548493000199, "best": 1.1368683772161603e-12}
2026-09-28T10:18:31.107859+00:00 {"status": "ok", "path": "/home/user/ADHD-EEG-Benchmark/la-kaie/results/raw/pilot/CEC2022/LA-KAIE-NoAdaptiveController/inst02/run03.json", "runtime": 16.007409264000216, "best": 49.08447897948139}
2026-09-28T10:18:35.559993+00:00 {"status": "ok", "path": "/home/user/ADHD-EEG-Benchmark/la-kaie/results/raw/pilot/CEC2022/MPHBS/inst02/run04.json", "runtime": 18.4376596029997, "best": 49.0844789919546}
2026-09-28T10:18:36.447226+00:00 {"status": "ok", "path": "/home/user/ADHD-EEG-Benchmark/la-kaie/results/raw/pilot/CEC2022/LA-KAIE-NoInteraction/inst02/run04.json", "runtime": 5.630461716999889, "best": 49.084478979481275}
2026-09-28T10:18:38.285853+00:00 {"status": "ok", "path": "/home/user/ADHD-EEG-Benchmark/la-kaie/results/raw/pilot/CEC2022/LA-KAIE-NoLandscape/inst02/run04.json", "runtime": 11.353342164999958, "best": 1.7053025658242404e-13}
2026-09-28T10:18:41.324585+00:00 {"status": "ok", "path": "/home/user/ADHD-EEG-Benchmark/la-kaie/results/raw/pilot/CEC2022/LA-KAIE-NoKnowledgeReward/inst02/run04.json", "runtime": 10.1828882599998, "best": 49.08447897948122}
2026-09-28T10:18:43.814818+00:00 {"status": "ok", "path": "/home/user/ADHD-EEG-Benchmark/la-kaie/results/raw/pilot/CEC2022/LA-KAIE-RandomExchange/inst02/run04.json", "runtime": 7.3242878969999765, "best": 49.08447897948122}
2026-09-28T10:18:47.960396+00:00 {"status": "ok", "path": "/home/user/ADHD-EEG-Benchmark/la-kaie/results/raw/pilot/CEC2022/LA-KAIE-DimensionOnly/inst02/run04.json", "runtime": 12.35626292500001, "best": 1.1368683772161603e-13}
2026-09-28T10:18:54.559701+00:00 {"status": "ok", "path": "/home/user/ADHD-EEG-Benchmark/la-kaie/results/raw/pilot/CEC2022/LA-KAIE-FixedPolicy/inst02/run04.json", "runtime": 16.18827192000026, "best": 49.08447897948122}
2026-09-28T10:19:00.886873+00:00 {"status": "ok", "path": "/home/user/ADHD-EEG-Benchmark/la-kaie/results/raw/pilot/CEC2022/LA-KAIE-NoAdaptiveController/inst02/run04.json", "runtime": 19.478737186000217, "best": 49.084478979481275}
2026-09-28T10:19:07.249706+00:00 {"status": "ok", "path": "/home/user/ADHD-EEG-Benchmark/la-kaie/results/raw/pilot/CEC2022/MPHBS/inst02/run05.json", "runtime": 23.424642122000023, "best": 4.055449885423968}
2026-09-28T10:19:07.477091+00:00 {"status": "ok", "path": "/home/user/ADHD-EEG-Benchmark/la-kaie/results/raw/pilot/CEC2022/LA-KAIE-Full/inst02/run05.json", "runtime": 19.465614678999827, "best": 49.08447897948122}
2026-09-28T10:19:07.660623+00:00 {"status": "ok", "path": "/home/user/ADHD-EEG-Benchmark/la-kaie/results/raw/pilot/CEC2022/LA-KAIE-NoInteraction/inst02/run05.json", "runtime": 6.746190845000001, "best": 0.0002234085284271714}
2026-09-28T10:19:11.077444+00:00 {"status": "ok", "path": "/home/user/ADHD-EEG-Benchmark/la-kaie/results/raw/pilot/CEC2022/LA-KAIE-NoLandscape/inst02/run05.json", "runtime": 16.465745846999653, "best": 44.89546931745133}
2026-09-28T10:19:21.892288+00:00 {"status": "ok", "path": "/home/user/ADHD-EEG-Benchmark/la-kaie/results/raw/pilot/CEC2022/LA-KAIE-RandomExchange/inst02/run05.json", "runtime": 14.183001729999887, "best": 5.354747111141478e-05}
2026-09-28T10:19:27.524790+00:00 {"status": "ok", "path": "/home/user/ADHD-EEG-Benchmark/la-kaie/results/raw/pilot/CEC2022/LA-KAIE-NoKnowledgeReward/inst02/run05.json", "runtime": 20.21538125699999, "best": 5.115907697472721e-13}
2026-09-28T10:19:28.505776+00:00 {"status": "ok", "path": "/home/user/ADHD-EEG-Benchmark/la-kaie/results/raw/pilot/CEC2022/LA-KAIE-DimensionOnly/inst02/run05.json", "runtime": 20.983511001999887, "best": 49.08447897948122}
2026-09-28T10:19:39.175185+00:00 {"status": "ok", "path": "/home/user/ADHD-EEG-Benchmark/la-kaie/results/raw/pilot/CEC2022/LA-KAIE-FixedPolicy/inst02/run05.json", "runtime": 28.027027712999825, "best": 44.89546931745133}
2026-09-28T10:19:44.971159+00:00 {"status": "ok", "path": "/home/user/ADHD-EEG-Benchmark/la-kaie/results/raw/pilot/CEC2022/LA-KAIE-NoAdaptiveController/inst02/run05.json", "runtime": 23.004621486999895, "best": 49.08447897948122}
2026-09-28T10:19:45.187610+00:00 {"status": "ok", "path": "/home/user/ADHD-EEG-Benchmark/la-kaie/results/raw/pilot/CEC2022/LA-KAIE-Full/inst03/run01.json", "runtime": 16.630635016999804, "best": 0.11059449524486809}
2026-09-28T10:19:50.525323+00:00 {"status": "ok", "path": "/home/user/ADHD-EEG-Benchmark/la-kaie/results/raw/pilot/CEC2022/LA-KAIE-NoLandscape/inst03/run01.json", "runtime": 11.307933822999985, "best": 1.0799803204564569}
2026-09-28T10:19:52.239823+00:00 {"status": "ok", "path": "/home/user/ADHD-EEG-Benchmark/la-kaie/results/raw/pilot/CEC2022/LA-KAIE-NoInteraction/inst03/run01.json", "runtime": 7.228499429000294, "best": 0.11640011544034223}
2026-09-28T10:19:52.719850+00:00 {"status": "ok", "path": "/home/user/ADHD-EEG-Benchmark/la-kaie/results/raw/pilot/CEC2022/MPHBS/inst03/run01.json", "runtime": 25.179117210000186, "best": 7.305140672997368e-05}
2026-09-28T10:19:59.558503+00:00 {"status": "ok", "path": "/home/user/ADHD-EEG-Benchmark/la-kaie/results/raw/pilot/CEC2022/LA-KAIE-NoKnowledgeReward/inst03/run01.json", "runtime": 14.317580925999664, "best": 0.5244738893571821}
2026-09-28T10:20:02.315937+00:00 {"status": "ok", "path": "/home/user/ADHD-EEG-Benchmark/la-kaie/results/raw/pilot/CEC2022/LA-KAIE-RandomExchange/inst03/run01.json", "runtime": 10.016158903999894, "best": 0.06975650121557919}
2026-09-28T10:20:04.835639+00:00 {"status": "ok", "path": "/home/user/ADHD-EEG-Benchmark/la-kaie/results/raw/pilot/CEC2022/LA-KAIE-DimensionOnly/inst03/run01.json", "runtime": 14.237625344000207, "best": 0.1250976174645757}
2026-09-28T10:20:11.060255+00:00 {"status": "ok", "path": "/home/user/ADHD-EEG-Benchmark/la-kaie/results/raw/pilot/CEC2022/LA-KAIE-FixedPolicy/inst03/run01.json", "runtime": 18.259368278000238, "best": 1.961879274858802e-05}
2026-09-28T10:20:17.919625+00:00 {"status": "ok", "path": "/home/user/ADHD-EEG-Benchmark/la-kaie/results/raw/pilot/CEC2022/LA-KAIE-Full/inst03/run02.json", "runtime": 13.043647331000102, "best": 0.6956270241896618}
2026-09-28T10:20:17.941309+00:00 {"status": "ok", "path": "/home/user/ADHD-EEG-Benchmark/la-kaie/results/raw/pilot/CEC2022/LA-KAIE-NoAdaptiveController/inst03/run01.json", "runtime": 18.316909895999743, "best": 3.1916124498820864e-07}
2026-09-28T10:20:20.239077+00:00 {"status": "ok", "path": "/home/user/ADHD-EEG-Benchmark/la-kaie/results/raw/pilot/CEC2022/LA-KAIE-NoLandscape/inst03/run02.json", "runtime": 9.143186226000125, "best": 1.3153952711097645}
2026-09-28T10:20:22.618364+00:00 {"status": "ok", "path": "/home/user/ADHD-EEG-Benchmark/la-kaie/results/raw/pilot/CEC2022/MPHBS/inst03/run02.json", "runtime": 20.29389134999974, "best": 8.49196010221931e-06}
2026-09-28T10:20:24.312633+00:00 {"status": "ok", "path": "/home/user/ADHD-EEG-Benchmark/la-kaie/results/raw/pilot/CEC2022/LA-KAIE-NoInteraction/inst03/run02.json", "runtime": 6.366757422999854, "best": 2.3114460759323947}
2026-09-28T10:20:28.793740+00:00 {"status": "ok", "path": "/home/user/ADHD-EEG-Benchmark/la-kaie/results/raw/pilot/CEC2022/LA-KAIE-NoKnowledgeReward/inst03/run02.json", "runtime": 10.81331774399996, "best": 0.01137951821885963}
2026-09-28T10:20:31.259769+00:00 {"status": "ok", "path": "/home/user/ADHD-EEG-Benchmark/la-kaie/results/raw/pilot/CEC2022/LA-KAIE-RandomExchange/inst03/run02.json", "runtime": 8.58564738899986, "best": 0.027439411748559905}
2026-09-28T10:20:31.905810+00:00 {"status": "ok", "path": "/home/user/ADHD-EEG-Benchmark/la-kaie/results/raw/pilot/CEC2022/LA-KAIE-DimensionOnly/inst03/run02.json", "runtime": 11.624331707000238, "best": 0.968442182061608}
2026-09-28T10:20:42.648674+00:00 {"status": "ok", "path": "/home/user/ADHD-EEG-Benchmark/la-kaie/results/raw/pilot/CEC2022/LA-KAIE-FixedPolicy/inst03/run02.json", "runtime": 18.26686451999967, "best": 4.662554715650913e-06}
2026-09-28T10:20:45.852568+00:00 {"status": "ok", "path": "/home/user/ADHD-EEG-Benchmark/la-kaie/results/raw/pilot/CEC2022/LA-KAIE-Full/inst03/run03.json", "runtime": 13.899759305000316, "best": 0.3835921019841635}
2026-09-28T10:20:48.494735+00:00 {"status": "ok", "path": "/home/user/ADHD-EEG-Benchmark/la-kaie/results/raw/pilot/CEC2022/LA-KAIE-NoAdaptiveController/inst03/run02.json", "runtime": 19.63210058499999, "best": 1.3675389709533192e-09}
2026-09-28T10:20:51.189078+00:00 {"status": "ok", "path": "/home/user/ADHD-EEG-Benchmark/la-kaie/results/raw/pilot/CEC2022/LA-KAIE-NoLandscape/inst03/run03.json", "runtime": 8.503270624999914, "best": 0.12307712976917173}
2026-09-28T10:20:52.223822+00:00 {"status": "ok", "path": "/home/user/ADHD-EEG-Benchmark/la-kaie/results/raw/pilot/CEC2022/LA-KAIE-NoInteraction/inst03/run03.json", "runtime": 6.335963645999982, "best": 0.11509014643547744}
2026-09-28T10:20:53.495148+00:00 {"status": "ok", "path": "/home/user/ADHD-EEG-Benchmark/la-kaie/results/raw/pilot/CEC2022/MPHBS/inst03/run03.json", "runtime": 22.230345435000345, "best": 1.4799878385929333e-05}
2026-09-28T10:20:58.105362+00:00 {"status": "ok", "path": "/home/user/ADHD-EEG-Benchmark/la-kaie/results/raw/pilot/CEC2022/LA-KAIE-NoKnowledgeReward/inst03/run03.json", "runtime": 9.570696573000077, "best": 0.15454885302062848}
2026-09-28T10:21:01.073423+00:00 {"status": "ok", "path": "/home/user/ADHD-EEG-Benchmark/la-kaie/results/raw/pilot/CEC2022/LA-KAIE-RandomExchange/inst03/run03.json", "runtime": 8.79232616399986, "best": 0.001521755672342806}
2026-09-28T10:21:05.033075+00:00 {"status": "ok", "path": "/home/user/ADHD-EEG-Benchmark/la-kaie/results/raw/pilot/CEC2022/LA-KAIE-DimensionOnly/inst03/run03.json", "runtime": 13.798439157999837, "best": 0.01136503708573855}
2026-09-28T10:21:11.415638+00:00 {"status": "ok", "path": "/home/user/ADHD-EEG-Benchmark/la-kaie/results/raw/pilot/CEC2022/LA-KAIE-FixedPolicy/inst03/run03.json", "runtime": 17.855227450000257, "best": 1.2754929912262014e-06}
2026-09-28T10:21:15.150463+00:00 {"status": "ok", "path": "/home/user/ADHD-EEG-Benchmark/la-kaie/results/raw/pilot/CEC2022/LA-KAIE-Full/inst03/run04.json", "runtime": 10.081171279000046, "best": 0.05064890033281699}
2026-09-28T10:21:15.439776+00:00 {"status": "ok", "path": "/home/user/ADHD-EEG-Benchmark/la-kaie/results/raw/pilot/CEC2022/LA-KAIE-NoAdaptiveController/inst03/run03.json", "runtime": 17.258563590999984, "best": 2.5427895025131875e-06}
2026-09-28T10:21:20.488871+00:00 {"status": "ok", "path": "/home/user/ADHD-EEG-Benchmark/la-kaie/results/raw/pilot/CEC2022/LA-KAIE-NoLandscape/inst03/run04.json", "runtime": 9.033422083000005, "best": 0.031215895649779668}
2026-09-28T10:21:21.209435+00:00 {"status": "ok", "path": "/home/user/ADHD-EEG-Benchmark/la-kaie/results/raw/pilot/CEC2022/LA-KAIE-NoInteraction/inst03/run04.json", "runtime": 6.031424230000084, "best": 0.3249237769032334}
2026-09-28T10:21:21.594078+00:00 {"status": "ok", "path": "/home/user/ADHD-EEG-Benchmark/la-kaie/results/raw/pilot/CEC2022/MPHBS/inst03/run04.json", "runtime": 20.51170719599986, "best": 1.7958361695491476e-05}
2026-09-28T10:21:25.911829+00:00 {"status": "ok", "path": "/home/user/ADHD-EEG-Benchmark/la-kaie/results/raw/pilot/CEC2022/LA-KAIE-NoKnowledgeReward/inst03/run04.json", "runtime": 10.418969572000151, "best": 0.018937146420398676}
2026-09-28T10:21:30.015898+00:00 {"status": "ok", "path": "/home/user/ADHD-EEG-Benchmark/la-kaie/results/raw/pilot/CEC2022/LA-KAIE-RandomExchange/inst03/run04.json", "runtime": 8.76632646600001, "best": 0.054978979683824036}
2026-09-28T10:21:31.327843+00:00 {"status": "ok", "path": "/home/user/ADHD-EEG-Benchmark/la-kaie/results/raw/pilot/CEC2022/LA-KAIE-DimensionOnly/inst03/run04.json", "runtime": 10.796917375999783, "best": 0.32950914932519026}
2026-09-28T10:21:39.739952+00:00 {"status": "ok", "path": "/home/user/ADHD-EEG-Benchmark/la-kaie/results/raw/pilot/CEC2022/LA-KAIE-FixedPolicy/inst03/run04.json", "runtime": 18.081616605999898, "best": 3.188661139574833e-07}
2026-09-28T10:21:42.993263+00:00 {"status": "ok", "path": "/home/user/ADHD-EEG-Benchmark/la-kaie/results/raw/pilot/CEC2022/LA-KAIE-Full/inst03/run05.json", "runtime": 11.614329120000093, "best": 0.4948793976508341}
2026-09-28T10:21:44.765274+00:00 {"status": "ok", "path": "/home/user/ADHD-EEG-Benchmark/la-kaie/results/raw/pilot/CEC2022/LA-KAIE-NoAdaptiveController/inst03/run04.json", "runtime": 18.769423895999807, "best": 0.0018393997889916136}
2026-09-28T10:21:49.317953+00:00 {"status": "ok", "path": "/home/user/ADHD-EEG-Benchmark/la-kaie/results/raw/pilot/CEC2022/LA-KAIE-NoInteraction/inst03/run05.json", "runtime": 6.291081002999817, "best": 0.11339013571125633}
2026-09-28T10:21:49.512424+00:00 {"status": "ok", "path": "/home/user/ADHD-EEG-Benchmark/la-kaie/results/raw/pilot/CEC2022/MPHBS/inst03/run05.json", "runtime": 19.487206973999946, "best": 9.976370051845151e-06}
2026-09-28T10:21:50.636065+00:00 {"status": "ok", "path": "/home/user/ADHD-EEG-Benchmark/la-kaie/results/raw/pilot/CEC2022/LA-KAIE-NoLandscape/inst03/run05.json", "runtime": 10.857109979000143, "best": 0.15864438436346973}
2026-09-28T10:21:53.118765+00:00 {"status": "ok", "path": "/home/user/ADHD-EEG-Benchmark/la-kaie/results/raw/pilot/CEC2022/LA-KAIE-NoKnowledgeReward/inst03/run05.json", "runtime": 8.317039508000107, "best": 0.09833183270336576}
2026-09-28T10:21:58.594112+00:00 {"status": "ok", "path": "/home/user/ADHD-EEG-Benchmark/la-kaie/results/raw/pilot/CEC2022/LA-KAIE-RandomExchange/inst03/run05.json", "runtime": 9.037295036999694, "best": 0.049913208410771404}
2026-09-28T10:21:59.435640+00:00 {"status": "ok", "path": "/home/user/ADHD-EEG-Benchmark/la-kaie/results/raw/pilot/CEC2022/LA-KAIE-DimensionOnly/inst03/run05.json", "runtime": 10.070404133000011, "best": 0.435195269184419}
2026-09-28T10:22:07.472143+00:00 {"status": "ok", "path": "/home/user/ADHD-EEG-Benchmark/la-kaie/results/raw/pilot/CEC2022/LA-KAIE-FixedPolicy/inst03/run05.json", "runtime": 16.761341809999976, "best": 3.914438457286451e-05}
2026-09-28T10:22:09.783526+00:00 {"status": "ok", "path": "/home/user/ADHD-EEG-Benchmark/la-kaie/results/raw/pilot/CEC2022/LA-KAIE-NoAdaptiveController/inst03/run05.json", "runtime": 16.60241026299991, "best": 7.504113364120713e-05}
2026-09-28T10:22:14.771543+00:00 {"status": "ok", "path": "/home/user/ADHD-EEG-Benchmark/la-kaie/results/raw/pilot/CEC2022/LA-KAIE-Full/inst04/run01.json", "runtime": 15.292839890999858, "best": 57.70742329768382}
2026-09-28T10:22:14.848726+00:00 {"status": "ok", "path": "/home/user/ADHD-EEG-Benchmark/la-kaie/results/raw/pilot/CEC2022/LA-KAIE-NoInteraction/inst04/run01.json", "runtime": 5.042106882999633, "best": 28.853767269895684}
2026-09-28T10:22:17.047901+00:00 {"status": "ok", "path": "/home/user/ADHD-EEG-Benchmark/la-kaie/results/raw/pilot/CEC2022/MPHBS/inst04/run01.json", "runtime": 18.445039285999883, "best": 27.858828409850844}
2026-09-28T10:22:18.048884+00:00 {"status": "ok", "path": "/home/user/ADHD-EEG-Benchmark/la-kaie/results/raw/pilot/CEC2022/LA-KAIE-NoLandscape/inst04/run01.json", "runtime": 10.537960976999784, "best": 66.66204473588527}
2026-09-28T10:22:24.619750+00:00 {"status": "ok", "path": "/home/user/ADHD-EEG-Benchmark/la-kaie/results/raw/pilot/CEC2022/LA-KAIE-NoKnowledgeReward/inst04/run01.json", "runtime": 9.793897100999857, "best": 41.78819970193672}
2026-09-28T10:22:25.795153+00:00 {"status": "ok", "path": "/home/user/ADHD-EEG-Benchmark/la-kaie/results/raw/pilot/CEC2022/LA-KAIE-RandomExchange/inst04/run01.json", "runtime": 8.694234180999956, "best": 48.752903025951696}
2026-09-28T10:22:31.321973+00:00 {"status": "ok", "path": "/home/user/ADHD-EEG-Benchmark/la-kaie/results/raw/pilot/CEC2022/LA-KAIE-DimensionOnly/inst04/run01.json", "runtime": 16.400091212000007, "best": 57.70742329768382}
2026-09-28T10:22:37.367625+00:00 {"status": "ok", "path": "/home/user/ADHD-EEG-Benchmark/la-kaie/results/raw/pilot/CEC2022/LA-KAIE-FixedPolicy/inst04/run01.json", "runtime": 19.24767048700005, "best": 28.854863297699467}
2026-09-28T10:22:46.245095+00:00 {"status": "ok", "path": "/home/user/ADHD-EEG-Benchmark/la-kaie/results/raw/pilot/CEC2022/LA-KAIE-NoAdaptiveController/inst04/run01.json", "runtime": 21.549951445999795, "best": 39.79829166354193}
2026-09-28T10:22:50.036809+00:00 {"status": "ok", "path": "/home/user/ADHD-EEG-Benchmark/la-kaie/results/raw/pilot/CEC2022/LA-KAIE-Full/inst04/run02.json", "runtime": 18.663511639999797, "best": 59.69737676748025}
2026-09-28T10:22:51.301250+00:00 {"status": "ok", "path": "/home/user/ADHD-EEG-Benchmark/la-kaie/results/raw/pilot/CEC2022/MPHBS/inst04/run02.json", "runtime": 25.49655381599996, "best": 38.803332606296635}
2026-09-28T10:22:52.309853+00:00 {"status": "ok", "path": "/home/user/ADHD-EEG-Benchmark/la-kaie/results/raw/pilot/CEC2022/LA-KAIE-NoLandscape/inst04/run02.json", "runtime": 14.89551455999981, "best": 86.2188164318352}
2026-09-28T10:22:52.555188+00:00 {"status": "ok", "path": "/home/user/ADHD-EEG-Benchmark/la-kaie/results/raw/pilot/CEC2022/LA-KAIE-NoInteraction/inst04/run02.json", "runtime": 6.283119997000085, "best": 54.722591557652095}
2026-09-28T10:22:58.137200+00:00 {"status": "ok", "path": "/home/user/ADHD-EEG-Benchmark/la-kaie/results/raw/pilot/CEC2022/LA-KAIE-NoKnowledgeReward/inst04/run02.json", "runtime": 8.066646285999923, "best": 55.717586153252114}
2026-09-28T10:23:00.195644+00:00 {"status": "ok", "path": "/home/user/ADHD-EEG-Benchmark/la-kaie/results/raw/pilot/CEC2022/LA-KAIE-RandomExchange/inst04/run02.json", "runtime": 7.84653794299993, "best": 58.70239751367251}
2026-09-28T10:23:05.169726+00:00 {"status": "ok", "path": "/home/user/ADHD-EEG-Benchmark/la-kaie/results/raw/pilot/CEC2022/LA-KAIE-DimensionOnly/inst04/run02.json", "runtime": 13.820867169000394, "best": 59.69737676748025}
2026-09-28T10:23:08.633882+00:00 {"status": "ok", "path": "/home/user/ADHD-EEG-Benchmark/la-kaie/results/raw/pilot/CEC2022/LA-KAIE-FixedPolicy/inst04/run02.json", "runtime": 16.00201693000008, "best": 14.924376421448642}
2026-09-28T10:23:15.083844+00:00 {"status": "ok", "path": "/home/user/ADHD-EEG-Benchmark/la-kaie/results/raw/pilot/CEC2022/LA-KAIE-NoAdaptiveController/inst04/run02.json", "runtime": 16.887533046000044, "best": 25.318855637456522}
2026-09-28T10:23:18.060631+00:00 {"status": "ok", "path": "/home/user/ADHD-EEG-Benchmark/la-kaie/results/raw/pilot/CEC2022/LA-KAIE-Full/inst04/run03.json", "runtime": 12.850893542999984, "best": 70.6418910853348}
2026-09-28T10:23:19.940810+00:00 {"status": "ok", "path": "/home/user/ADHD-EEG-Benchmark/la-kaie/results/raw/pilot/CEC2022/MPHBS/inst04/run03.json", "runtime": 19.732533187000172, "best": 45.767970119451206}
2026-09-28T10:23:21.463743+00:00 {"status": "ok", "path": "/home/user/ADHD-EEG-Benchmark/la-kaie/results/raw/pilot/CEC2022/LA-KAIE-NoInteraction/inst04/run03.json", "runtime": 6.321004358000209, "best": 75.6165801665129}
2026-09-28T10:23:24.404507+00:00 {"status": "ok", "path": "/home/user/ADHD-EEG-Benchmark/la-kaie/results/raw/pilot/CEC2022/LA-KAIE-NoLandscape/inst04/run03.json", "runtime": 15.712263141000221, "best": 55.71753041803072}
2026-09-28T10:23:28.174194+00:00 {"status": "ok", "path": "/home/user/ADHD-EEG-Benchmark/la-kaie/results/raw/pilot/CEC2022/LA-KAIE-NoKnowledgeReward/inst04/run03.json", "runtime": 10.082460078000167, "best": 50.74438553239122}
2026-09-28T10:23:29.984158+00:00 {"status": "ok", "path": "/home/user/ADHD-EEG-Benchmark/la-kaie/results/raw/pilot/CEC2022/LA-KAIE-RandomExchange/inst04/run03.json", "runtime": 8.511923999999908, "best": 57.70743845657921}
2026-09-28T10:23:34.763250+00:00 {"status": "ok", "path": "/home/user/ADHD-EEG-Benchmark/la-kaie/results/raw/pilot/CEC2022/LA-KAIE-DimensionOnly/inst04/run03.json", "runtime": 14.773757521000334, "best": 68.65197800896726}
2026-09-28T10:23:40.282742+00:00 {"status": "ok", "path": "/home/user/ADHD-EEG-Benchmark/la-kaie/results/raw/pilot/CEC2022/LA-KAIE-FixedPolicy/inst04/run03.json", "runtime": 15.820376500999828, "best": 28.853788451237733}
2026-09-28T10:23:44.694960+00:00 {"status": "ok", "path": "/home/user/ADHD-EEG-Benchmark/la-kaie/results/raw/pilot/CEC2022/LA-KAIE-NoAdaptiveController/inst04/run03.json", "runtime": 16.46670889899997, "best": 29.848726327031272}
2026-09-28T10:23:47.131971+00:00 {"status": "ok", "path": "/home/user/ADHD-EEG-Benchmark/la-kaie/results/raw/pilot/CEC2022/LA-KAIE-Full/inst04/run04.json", "runtime": 12.325694472000123, "best": 39.79828662556929}
2026-09-28T10:23:49.335715+00:00 {"status": "ok", "path": "/home/user/ADHD-EEG-Benchmark/la-kaie/results/raw/pilot/CEC2022/MPHBS/inst04/run04.json", "runtime": 19.33970389599972, "best": 42.78317895582495}
2026-09-28T10:23:50.717325+00:00 {"status": "ok", "path": "/home/user/ADHD-EEG-Benchmark/la-kaie/results/raw/pilot/CEC2022/LA-KAIE-NoInteraction/inst04/run04.json", "runtime": 5.993069631000253, "best": 64.67219243255818}
2026-09-28T10:23:51.551437+00:00 {"status": "ok", "path": "/home/user/ADHD-EEG-Benchmark/la-kaie/results/raw/pilot/CEC2022/LA-KAIE-NoLandscape/inst04/run04.json", "runtime": 11.228882027000054, "best": 57.70748407072426}
2026-09-28T10:23:53.112681+00:00 {"status": "ok", "path": "/home/user/ADHD-EEG-Benchmark/la-kaie/results/raw/pilot/CEC2022/LA-KAIE-NoKnowledgeReward/inst04/run04.json", "runtime": 5.954485216000194, "best": 52.73269886093283}
2026-09-28T10:24:00.459448+00:00 {"status": "ok", "path": "/home/user/ADHD-EEG-Benchmark/la-kaie/results/raw/pilot/CEC2022/LA-KAIE-RandomExchange/inst04/run04.json", "runtime": 9.700422045999858, "best": 54.72259155765198}
2026-09-28T10:24:01.994558+00:00 {"status": "ok", "path": "/home/user/ADHD-EEG-Benchmark/la-kaie/results/raw/pilot/CEC2022/LA-KAIE-DimensionOnly/inst04/run04.json", "runtime": 12.618119986000238, "best": 72.6318091995214}
2026-09-28T10:24:09.676881+00:00 {"status": "ok", "path": "/home/user/ADHD-EEG-Benchmark/la-kaie/results/raw/pilot/CEC2022/LA-KAIE-FixedPolicy/inst04/run04.json", "runtime": 18.066993751000155, "best": 29.848761699122292}
2026-09-28T10:24:11.489804+00:00 {"status": "ok", "path": "/home/user/ADHD-EEG-Benchmark/la-kaie/results/raw/pilot/CEC2022/LA-KAIE-NoAdaptiveController/inst04/run04.json", "runtime": 18.312100680000185, "best": 22.884043199896837}
2026-09-28T10:24:15.045265+00:00 {"status": "ok", "path": "/home/user/ADHD-EEG-Benchmark/la-kaie/results/raw/pilot/CEC2022/LA-KAIE-Full/inst04/run05.json", "runtime": 13.00999351199971, "best": 52.73273421650583}
2026-09-28T10:24:18.370244+00:00 {"status": "ok", "path": "/home/user/ADHD-EEG-Benchmark/la-kaie/results/raw/pilot/CEC2022/LA-KAIE-NoInteraction/inst04/run05.json", "runtime": 6.855396738000309, "best": 89.5459514589329}
2026-09-28T10:24:22.723776+00:00 {"status": "ok", "path": "/home/user/ADHD-EEG-Benchmark/la-kaie/results/raw/pilot/CEC2022/MPHBS/inst04/run05.json", "runtime": 22.243628487000024, "best": 29.84874652389965}
2026-09-28T10:24:23.765091+00:00 {"status": "ok", "path": "/home/user/ADHD-EEG-Benchmark/la-kaie/results/raw/pilot/CEC2022/LA-KAIE-NoKnowledgeReward/inst04/run05.json", "runtime": 8.683098320000227, "best": 47.757964165572844}
2026-09-28T10:24:25.547825+00:00 {"status": "ok", "path": "/home/user/ADHD-EEG-Benchmark/la-kaie/results/raw/pilot/CEC2022/LA-KAIE-NoLandscape/inst04/run05.json", "runtime": 15.82306173500001, "best": 58.70246332453189}
2026-09-28T10:24:29.077940+00:00 {"status": "ok", "path": "/home/user/ADHD-EEG-Benchmark/la-kaie/results/raw/pilot/CEC2022/LA-KAIE-DimensionOnly/inst04/run05.json", "runtime": 10.674010544999874, "best": 52.73273421650572}
2026-09-28T10:24:32.515848+00:00 {"status": "ok", "path": "/home/user/ADHD-EEG-Benchmark/la-kaie/results/raw/pilot/CEC2022/LA-KAIE-RandomExchange/inst04/run05.json", "runtime": 9.747874636000233, "best": 72.63178900280695}
2026-09-28T10:24:43.630684+00:00 {"status": "ok", "path": "/home/user/ADHD-EEG-Benchmark/la-kaie/results/raw/pilot/CEC2022/LA-KAIE-FixedPolicy/inst04/run05.json", "runtime": 19.782187156999953, "best": 27.858834657744524}
2026-09-28T10:24:44.881104+00:00 {"status": "ok", "path": "/home/user/ADHD-EEG-Benchmark/la-kaie/results/raw/pilot/CEC2022/LA-KAIE-Full/inst05/run01.json", "runtime": 12.327365229999941, "best": 191.84308594106733}
2026-09-28T10:24:46.927178+00:00 {"status": "ok", "path": "/home/user/ADHD-EEG-Benchmark/la-kaie/results/raw/pilot/CEC2022/LA-KAIE-NoAdaptiveController/inst04/run05.json", "runtime": 21.315409809999892, "best": 28.853787466647077}
2026-09-28T10:24:50.444157+00:00 {"status": "ok", "path": "/home/user/ADHD-EEG-Benchmark/la-kaie/results/raw/pilot/CEC2022/LA-KAIE-NoInteraction/inst05/run01.json", "runtime": 5.53541181699984, "best": 300.0656105239668}
2026-09-28T10:24:52.794883+00:00 {"status": "ok", "path": "/home/user/ADHD-EEG-Benchmark/la-kaie/results/raw/pilot/CEC2022/MPHBS/inst05/run01.json", "runtime": 23.7076920960003, "best": 17.200781759688653}
2026-09-28T10:24:53.872650+00:00 {"status": "ok", "path": "/home/user/ADHD-EEG-Benchmark/la-kaie/results/raw/pilot/CEC2022/LA-KAIE-NoLandscape/inst05/run01.json", "runtime": 10.200665294999908, "best": 195.6102503602424}
2026-09-28T10:24:55.722739+00:00 {"status": "ok", "path": "/home/user/ADHD-EEG-Benchmark/la-kaie/results/raw/pilot/CEC2022/LA-KAIE-NoKnowledgeReward/inst05/run01.json", "runtime": 8.75580515899992, "best": 263.49638398931484}
2026-09-28T10:24:59.934973+00:00 {"status": "ok", "path": "/home/user/ADHD-EEG-Benchmark/la-kaie/results/raw/pilot/CEC2022/LA-KAIE-DimensionOnly/inst05/run01.json", "runtime": 9.453533559999869, "best": 192.02214244189872}
2026-09-28T10:25:00.722521+00:00 {"status": "ok", "path": "/home/user/ADHD-EEG-Benchmark/la-kaie/results/raw/pilot/CEC2022/LA-KAIE-RandomExchange/inst05/run01.json", "runtime": 7.88656369499995, "best": 304.1172904211196}
2026-09-28T10:25:11.519878+00:00 {"status": "ok", "path": "/home/user/ADHD-EEG-Benchmark/la-kaie/results/raw/pilot/CEC2022/LA-KAIE-FixedPolicy/inst05/run01.json", "runtime": 17.561006700000235, "best": 8.796405381872319e-08}
2026-09-28T10:25:13.031120+00:00 {"status": "ok", "path": "/home/user/ADHD-EEG-Benchmark/la-kaie/results/raw/pilot/CEC2022/LA-KAIE-Full/inst05/run02.json", "runtime": 12.258139005999965, "best": 457.3824707043427}
2026-09-28T10:25:14.555204+00:00 {"status": "ok", "path": "/home/user/ADHD-EEG-Benchmark/la-kaie/results/raw/pilot/CEC2022/LA-KAIE-NoAdaptiveController/inst05/run01.json", "runtime": 18.760223557000245, "best": 1.1368683772161603e-13}
2026-09-28T10:25:19.260906+00:00 {"status": "ok", "path": "/home/user/ADHD-EEG-Benchmark/la-kaie/results/raw/pilot/CEC2022/LA-KAIE-NoInteraction/inst05/run02.json", "runtime": 6.202884163999897, "best": 605.3935946944262}
2026-09-28T10:25:21.833864+00:00 {"status": "ok", "path": "/home/user/ADHD-EEG-Benchmark/la-kaie/results/raw/pilot/CEC2022/MPHBS/inst05/run02.json", "runtime": 21.889677865000067, "best": 2.5401838313141525}
2026-09-28T10:25:22.938922+00:00 {"status": "ok", "path": "/home/user/ADHD-EEG-Benchmark/la-kaie/results/raw/pilot/CEC2022/LA-KAIE-NoLandscape/inst05/run02.json", "runtime": 11.34923730699984, "best": 736.2090015268955}
2026-09-28T10:25:26.095741+00:00 {"status": "ok", "path": "/home/user/ADHD-EEG-Benchmark/la-kaie/results/raw/pilot/CEC2022/LA-KAIE-NoKnowledgeReward/inst05/run02.json", "runtime": 11.485680364000018, "best": 584.2190511215408}
2026-09-28T10:25:30.183424+00:00 {"status": "ok", "path": "/home/user/ADHD-EEG-Benchmark/la-kaie/results/raw/pilot/CEC2022/LA-KAIE-DimensionOnly/inst05/run02.json", "runtime": 10.882795811999586, "best": 458.4701751512539}
2026-09-28T10:25:31.453862+00:00 {"status": "ok", "path": "/home/user/ADHD-EEG-Benchmark/la-kaie/results/raw/pilot/CEC2022/LA-KAIE-RandomExchange/inst05/run02.json", "runtime": 9.576236145999701, "best": 158.0401324909692}
2026-09-28T10:25:41.243592+00:00 {"status": "ok", "path": "/home/user/ADHD-EEG-Benchmark/la-kaie/results/raw/pilot/CEC2022/LA-KAIE-FixedPolicy/inst05/run02.json", "runtime": 18.23416052099992, "best": 3.410605131648481e-13}
2026-09-28T10:25:44.208384+00:00 {"status": "ok", "path": "/home/user/ADHD-EEG-Benchmark/la-kaie/results/raw/pilot/CEC2022/LA-KAIE-Full/inst05/run03.json", "runtime": 12.70172904400033, "best": 334.80787939635024}
2026-09-28T10:25:45.505736+00:00 {"status": "ok", "path": "/home/user/ADHD-EEG-Benchmark/la-kaie/results/raw/pilot/CEC2022/LA-KAIE-NoAdaptiveController/inst05/run02.json", "runtime": 19.34833023200008, "best": 0.0895282511470441}
2026-09-28T10:25:50.065855+00:00 {"status": "ok", "path": "/home/user/ADHD-EEG-Benchmark/la-kaie/results/raw/pilot/CEC2022/LA-KAIE-NoInteraction/inst05/run03.json", "runtime": 5.814717598999778, "best": 1111.3192053659807}
2026-09-28T10:25:52.310284+00:00 {"status": "ok", "path": "/home/user/ADHD-EEG-Benchmark/la-kaie/results/raw/pilot/CEC2022/MPHBS/inst05/run03.json", "runtime": 22.117387623000013, "best": 30.785788246161246}
2026-09-28T10:25:52.644769+00:00 {"status": "ok", "path": "/home/user/ADHD-EEG-Benchmark/la-kaie/results/raw/pilot/CEC2022/LA-KAIE-NoLandscape/inst05/run03.json", "runtime": 11.359922437000023, "best": 940.7634808944692}
2026-09-28T10:25:55.342951+00:00 {"status": "ok", "path": "/home/user/ADHD-EEG-Benchmark/la-kaie/results/raw/pilot/CEC2022/LA-KAIE-NoKnowledgeReward/inst05/run03.json", "runtime": 9.787649673000033, "best": 666.8006549143856}
2026-09-28T10:25:59.808993+00:00 {"status": "ok", "path": "/home/user/ADHD-EEG-Benchmark/la-kaie/results/raw/pilot/CEC2022/LA-KAIE-RandomExchange/inst05/run03.json", "runtime": 7.458140411999921, "best": 924.3989088084634}
2026-09-28T10:26:01.982152+00:00 {"status": "ok", "path": "/home/user/ADHD-EEG-Benchmark/la-kaie/results/raw/pilot/CEC2022/LA-KAIE-DimensionOnly/inst05/run03.json", "runtime": 11.86076147499989, "best": 263.2505064001016}
2026-09-28T10:26:09.291719+00:00 {"status": "ok", "path": "/home/user/ADHD-EEG-Benchmark/la-kaie/results/raw/pilot/CEC2022/LA-KAIE-FixedPolicy/inst05/run03.json", "runtime": 16.57419872599985, "best": 0.08953294654179444}
2026-09-28T10:26:14.057484+00:00 {"status": "ok", "path": "/home/user/ADHD-EEG-Benchmark/la-kaie/results/raw/pilot/CEC2022/LA-KAIE-NoAdaptiveController/inst05/run03.json", "runtime": 18.61618753499988, "best": 4.2666670196922496e-10}
2026-09-28T10:26:14.211777+00:00 {"status": "ok", "path": "/home/user/ADHD-EEG-Benchmark/la-kaie/results/raw/pilot/CEC2022/LA-KAIE-Full/inst05/run04.json", "runtime": 12.182324879999669, "best": 76.51716992058232}
2026-09-28T10:26:20.057170+00:00 {"status": "ok", "path": "/home/user/ADHD-EEG-Benchmark/la-kaie/results/raw/pilot/CEC2022/LA-KAIE-NoInteraction/inst05/run04.json", "runtime": 5.972337039999729, "best": 356.298600742128}
2026-09-28T10:26:20.217897+00:00 {"status": "ok", "path": "/home/user/ADHD-EEG-Benchmark/la-kaie/results/raw/pilot/CEC2022/LA-KAIE-NoLandscape/inst05/run04.json", "runtime": 10.887310178000007, "best": 531.9407780915067}
2026-09-28T10:26:21.269226+00:00 {"status": "ok", "path": "/home/user/ADHD-EEG-Benchmark/la-kaie/results/raw/pilot/CEC2022/MPHBS/inst05/run04.json", "runtime": 21.44943334100026, "best": 109.49528815253996}
2026-09-28T10:26:23.813141+00:00 {"status": "ok", "path": "/home/user/ADHD-EEG-Benchmark/la-kaie/results/raw/pilot/CEC2022/LA-KAIE-NoKnowledgeReward/inst05/run04.json", "runtime": 9.572407473000112, "best": 549.409803951311}
2026-09-28T10:26:28.578459+00:00 {"status": "ok", "path": "/home/user/ADHD-EEG-Benchmark/la-kaie/results/raw/pilot/CEC2022/LA-KAIE-RandomExchange/inst05/run04.json", "runtime": 8.320240770000055, "best": 523.6872781297993}
2026-09-28T10:26:29.443696+00:00 {"status": "ok", "path": "/home/user/ADHD-EEG-Benchmark/la-kaie/results/raw/pilot/CEC2022/LA-KAIE-DimensionOnly/inst05/run04.json", "runtime": 9.337841566000407, "best": 76.42764167016526}
2026-09-28T10:26:38.868992+00:00 {"status": "ok", "path": "/home/user/ADHD-EEG-Benchmark/la-kaie/results/raw/pilot/CEC2022/LA-KAIE-FixedPolicy/inst05/run04.json", "runtime": 17.507389288000013, "best": 1.1368683772161603e-13}
2026-09-28T10:26:40.270260+00:00 {"status": "ok", "path": "/home/user/ADHD-EEG-Benchmark/la-kaie/results/raw/pilot/CEC2022/LA-KAIE-Full/inst05/run05.json", "runtime": 10.785992180999983, "best": 814.2310326267695}
2026-09-28T10:26:41.605797+00:00 {"status": "ok", "path": "/home/user/ADHD-EEG-Benchmark/la-kaie/results/raw/pilot/CEC2022/LA-KAIE-NoAdaptiveController/inst05/run04.json", "runtime": 17.729430230999697, "best": 0.6333805194243496}
2026-09-28T10:26:46.677914+00:00 {"status": "ok", "path": "/home/user/ADHD-EEG-Benchmark/la-kaie/results/raw/pilot/CEC2022/LA-KAIE-NoInteraction/inst05/run05.json", "runtime": 6.381521190000058, "best": 233.32984155435588}
2026-09-28T10:26:49.054206+00:00 {"status": "ok", "path": "/home/user/ADHD-EEG-Benchmark/la-kaie/results/raw/pilot/CEC2022/LA-KAIE-NoLandscape/inst05/run05.json", "runtime": 10.141260932000023, "best": 786.2022896634608}
2026-09-28T10:26:50.485916+00:00 {"status": "ok", "path": "/home/user/ADHD-EEG-Benchmark/la-kaie/results/raw/pilot/CEC2022/MPHBS/inst05/run05.json", "runtime": 21.89340069200034, "best": 4.818465675421521}
2026-09-28T10:26:52.407700+00:00 {"status": "ok", "path": "/home/user/ADHD-EEG-Benchmark/la-kaie/results/raw/pilot/CEC2022/LA-KAIE-NoKnowledgeReward/inst05/run05.json", "runtime": 10.758680189000188, "best": 825.1968339324037}
2026-09-28T10:26:58.107206+00:00 {"status": "ok", "path": "/home/user/ADHD-EEG-Benchmark/la-kaie/results/raw/pilot/CEC2022/LA-KAIE-RandomExchange/inst05/run05.json", "runtime": 9.010860356999729, "best": 228.38955814055748}
2026-09-28T10:26:58.239255+00:00 {"status": "ok", "path": "/home/user/ADHD-EEG-Benchmark/la-kaie/results/raw/pilot/CEC2022/LA-KAIE-DimensionOnly/inst05/run05.json", "runtime": 11.526504840000143, "best": 814.2310326252432}
2026-09-28T10:27:07.169387+00:00 {"status": "ok", "path": "/home/user/ADHD-EEG-Benchmark/la-kaie/results/raw/pilot/CEC2022/LA-KAIE-Full/inst06/run01.json", "runtime": 8.884283335999953, "best": 52.46197536694763}
2026-09-28T10:27:09.150132+00:00 {"status": "ok", "path": "/home/user/ADHD-EEG-Benchmark/la-kaie/results/raw/pilot/CEC2022/LA-KAIE-FixedPolicy/inst05/run05.json", "runtime": 18.59895560599989, "best": 1.6315568070335758}
2026-09-28T10:27:09.817763+00:00 {"status": "ok", "path": "/home/user/ADHD-EEG-Benchmark/la-kaie/results/raw/pilot/CEC2022/LA-KAIE-NoAdaptiveController/inst05/run05.json", "runtime": 17.351860093999676, "best": 0.08952825041660617}
2026-09-28T10:27:14.393198+00:00 {"status": "ok", "path": "/home/user/ADHD-EEG-Benchmark/la-kaie/results/raw/pilot/CEC2022/LA-KAIE-NoInteraction/inst06/run01.json", "runtime": 5.216770161000113, "best": 52.76679656428428}
2026-09-28T10:27:15.206715+00:00 {"status": "ok", "path": "/home/user/ADHD-EEG-Benchmark/la-kaie/results/raw/pilot/CEC2022/LA-KAIE-NoLandscape/inst06/run01.json", "runtime": 8.005941827999777, "best": 45.052377533144636}
2026-09-28T10:27:17.858989+00:00 {"status": "ok", "path": "/home/user/ADHD-EEG-Benchmark/la-kaie/results/raw/pilot/CEC2022/MPHBS/inst06/run01.json", "runtime": 19.744185348999963, "best": 7.564288565573179}
2026-09-28T10:27:18.848303+00:00 {"status": "ok", "path": "/home/user/ADHD-EEG-Benchmark/la-kaie/results/raw/pilot/CEC2022/LA-KAIE-NoKnowledgeReward/inst06/run01.json", "runtime": 8.995569323999916, "best": 18.00786652205761}
2026-09-28T10:27:21.788930+00:00 {"status": "ok", "path": "/home/user/ADHD-EEG-Benchmark/la-kaie/results/raw/pilot/CEC2022/LA-KAIE-DimensionOnly/inst06/run01.json", "runtime": 7.365312930000073, "best": 86.37391755701287}
2026-09-28T10:27:23.223632+00:00 {"status": "ok", "path": "/home/user/ADHD-EEG-Benchmark/la-kaie/results/raw/pilot/CEC2022/LA-KAIE-RandomExchange/inst06/run01.json", "runtime": 7.967874315000245, "best": 36.4744863620233}
2026-09-28T10:27:32.871903+00:00 {"status": "ok", "path": "/home/user/ADHD-EEG-Benchmark/la-kaie/results/raw/pilot/CEC2022/LA-KAIE-Full/inst06/run02.json", "runtime": 9.602855006000027, "best": 36.98759074710665}
2026-09-28T10:27:34.740990+00:00 {"status": "ok", "path": "/home/user/ADHD-EEG-Benchmark/la-kaie/results/raw/pilot/CEC2022/LA-KAIE-FixedPolicy/inst06/run01.json", "runtime": 16.82301389200029, "best": 6.0539751901635555}
2026-09-28T10:27:37.052208+00:00 {"status": "ok", "path": "/home/user/ADHD-EEG-Benchmark/la-kaie/results/raw/pilot/CEC2022/LA-KAIE-NoAdaptiveController/inst06/run01.json", "runtime": 18.1472500939999, "best": 7.869075621734964}
2026-09-28T10:27:40.265413+00:00 {"status": "ok", "path": "/home/user/ADHD-EEG-Benchmark/la-kaie/results/raw/pilot/CEC2022/LA-KAIE-NoInteraction/inst06/run02.json", "runtime": 5.498984758000006, "best": 55.163130598540874}
2026-09-28T10:27:42.304334+00:00 {"status": "ok", "path": "/home/user/ADHD-EEG-Benchmark/la-kaie/results/raw/pilot/CEC2022/MPHBS/inst06/run02.json", "runtime": 20.50755673799995, "best": 16.981240790093125}
2026-09-28T10:27:43.919314+00:00 {"status": "ok", "path": "/home/user/ADHD-EEG-Benchmark/la-kaie/results/raw/pilot/CEC2022/LA-KAIE-NoLandscape/inst06/run02.json", "runtime": 11.005097340999782, "best": 110.1257152368596}
2026-09-28T10:27:45.080915+00:00 {"status": "ok", "path": "/home/user/ADHD-EEG-Benchmark/la-kaie/results/raw/pilot/CEC2022/LA-KAIE-NoKnowledgeReward/inst06/run02.json", "runtime": 7.975199867999891, "best": 73.62680808539653}
2026-09-28T10:27:47.837881+00:00 {"status": "ok", "path": "/home/user/ADHD-EEG-Benchmark/la-kaie/results/raw/pilot/CEC2022/LA-KAIE-DimensionOnly/inst06/run02.json", "runtime": 7.5418447309998555, "best": 12.67086241788843}
2026-09-28T10:27:50.674909+00:00 {"status": "ok", "path": "/home/user/ADHD-EEG-Benchmark/la-kaie/results/raw/pilot/CEC2022/LA-KAIE-RandomExchange/inst06/run02.json", "runtime": 8.334163741999873, "best": 17.797805666004706}
2026-09-28T10:27:58.631522+00:00 {"status": "ok", "path": "/home/user/ADHD-EEG-Benchmark/la-kaie/results/raw/pilot/CEC2022/LA-KAIE-FixedPolicy/inst06/run02.json", "runtime": 14.652281413999845, "best": 5.141396015019609}
2026-09-28T10:28:00.244828+00:00 {"status": "ok", "path": "/home/user/ADHD-EEG-Benchmark/la-kaie/results/raw/pilot/CEC2022/LA-KAIE-Full/inst06/run03.json", "runtime": 9.536784603999877, "best": 63.56811203914458}
2026-09-28T10:28:01.539737+00:00 {"status": "ok", "path": "/home/user/ADHD-EEG-Benchmark/la-kaie/results/raw/pilot/CEC2022/LA-KAIE-NoAdaptiveController/inst06/run02.json", "runtime": 16.418268448000163, "best": 5.257816802959269}
2026-09-28T10:28:05.770282+00:00 {"status": "ok", "path": "/home/user/ADHD-EEG-Benchmark/la-kaie/results/raw/pilot/CEC2022/LA-KAIE-NoInteraction/inst06/run03.json", "runtime": 5.50164531900009, "best": 4.057067941397008}
2026-09-28T10:28:06.950898+00:00 {"status": "ok", "path": "/home/user/ADHD-EEG-Benchmark/la-kaie/results/raw/pilot/CEC2022/MPHBS/inst06/run03.json", "runtime": 19.104089066999677, "best": 28.060309764265867}
2026-09-28T10:28:10.238327+00:00 {"status": "ok", "path": "/home/user/ADHD-EEG-Benchmark/la-kaie/results/raw/pilot/CEC2022/LA-KAIE-NoLandscape/inst06/run03.json", "runtime": 11.570586854999874, "best": 73.67376788446609}
2026-09-28T10:28:11.831727+00:00 {"status": "ok", "path": "/home/user/ADHD-EEG-Benchmark/la-kaie/results/raw/pilot/CEC2022/LA-KAIE-NoKnowledgeReward/inst06/run03.json", "runtime": 10.25604199899999, "best": 77.76914359420766}
2026-09-28T10:28:14.964187+00:00 {"status": "ok", "path": "/home/user/ADHD-EEG-Benchmark/la-kaie/results/raw/pilot/CEC2022/LA-KAIE-RandomExchange/inst06/run03.json", "runtime": 7.974265229000139, "best": 46.84388069910142}
2026-09-28T10:28:15.875515+00:00 {"status": "ok", "path": "/home/user/ADHD-EEG-Benchmark/la-kaie/results/raw/pilot/CEC2022/LA-KAIE-DimensionOnly/inst06/run03.json", "runtime": 10.067467511999894, "best": 63.56811203914458}
2026-09-28T10:28:25.908295+00:00 {"status": "ok", "path": "/home/user/ADHD-EEG-Benchmark/la-kaie/results/raw/pilot/CEC2022/LA-KAIE-Full/inst06/run04.json", "runtime": 9.997482779000165, "best": 67.31243690188421}
2026-09-28T10:28:27.048583+00:00 {"status": "ok", "path": "/home/user/ADHD-EEG-Benchmark/la-kaie/results/raw/pilot/CEC2022/LA-KAIE-FixedPolicy/inst06/run03.json", "runtime": 16.744387173999712, "best": 3.3875245610581715}
2026-09-28T10:28:30.627625+00:00 {"status": "ok", "path": "/home/user/ADHD-EEG-Benchmark/la-kaie/results/raw/pilot/CEC2022/LA-KAIE-NoAdaptiveController/inst06/run03.json", "runtime": 18.737546097000177, "best": 13.023317318700038}
2026-09-28T10:28:32.528154+00:00 {"status": "ok", "path": "/home/user/ADHD-EEG-Benchmark/la-kaie/results/raw/pilot/CEC2022/LA-KAIE-NoInteraction/inst06/run04.json", "runtime": 5.44496436999998, "best": 51.35665801100913}
2026-09-28T10:28:36.582929+00:00 {"status": "ok", "path": "/home/user/ADHD-EEG-Benchmark/la-kaie/results/raw/pilot/CEC2022/MPHBS/inst06/run04.json", "runtime": 21.60915407199991, "best": 81.44666340944605}
2026-09-28T10:28:39.687783+00:00 {"status": "ok", "path": "/home/user/ADHD-EEG-Benchmark/la-kaie/results/raw/pilot/CEC2022/LA-KAIE-NoLandscape/inst06/run04.json", "runtime": 13.726648032999947, "best": 50.26101503059681}
2026-09-28T10:28:40.813859+00:00 {"status": "ok", "path": "/home/user/ADHD-EEG-Benchmark/la-kaie/results/raw/pilot/CEC2022/LA-KAIE-NoKnowledgeReward/inst06/run04.json", "runtime": 10.154217899999821, "best": 77.80111186277509}
2026-09-28T10:28:43.919641+00:00 {"status": "ok", "path": "/home/user/ADHD-EEG-Benchmark/la-kaie/results/raw/pilot/CEC2022/LA-KAIE-DimensionOnly/inst06/run04.json", "runtime": 11.35746109899992, "best": 98.23244481425354}
2026-09-28T10:28:45.039532+00:00 {"status": "ok", "path": "/home/user/ADHD-EEG-Benchmark/la-kaie/results/raw/pilot/CEC2022/LA-KAIE-RandomExchange/inst06/run04.json", "runtime": 8.416442936999829, "best": 22.925694596673566}
2026-09-28T10:28:53.645228+00:00 {"status": "ok", "path": "/home/user/ADHD-EEG-Benchmark/la-kaie/results/raw/pilot/CEC2022/LA-KAIE-Full/inst06/run05.json", "runtime": 8.570996126999944, "best": 67.81392950138434}
2026-09-28T10:28:54.323667+00:00 {"status": "ok", "path": "/home/user/ADHD-EEG-Benchmark/la-kaie/results/raw/pilot/CEC2022/LA-KAIE-FixedPolicy/inst06/run04.json", "runtime": 14.557855404000293, "best": 6.052105247011241}
2026-09-28T10:28:56.596063+00:00 {"status": "ok", "path": "/home/user/ADHD-EEG-Benchmark/la-kaie/results/raw/pilot/CEC2022/LA-KAIE-NoAdaptiveController/inst06/run04.json", "runtime": 15.724776691999978, "best": 12.937549667701205}
2026-09-28T10:28:59.260439+00:00 {"status": "ok", "path": "/home/user/ADHD-EEG-Benchmark/la-kaie/results/raw/pilot/CEC2022/LA-KAIE-NoInteraction/inst06/run05.json", "runtime": 4.913771479999923, "best": 28.210527349928952}
2026-09-28T10:29:02.252397+00:00 {"status": "ok", "path": "/home/user/ADHD-EEG-Benchmark/la-kaie/results/raw/pilot/CEC2022/MPHBS/inst06/run05.json", "runtime": 18.324705445999825, "best": 24.70827914905294}
2026-09-28T10:29:03.530737+00:00 {"status": "ok", "path": "/home/user/ADHD-EEG-Benchmark/la-kaie/results/raw/pilot/CEC2022/LA-KAIE-NoLandscape/inst06/run05.json", "runtime": 9.841039263999846, "best": 43.18779591056}
2026-09-28T10:29:04.149780+00:00 {"status": "ok", "path": "/home/user/ADHD-EEG-Benchmark/la-kaie/results/raw/pilot/CEC2022/LA-KAIE-NoKnowledgeReward/inst06/run05.json", "runtime": 7.524614859000394, "best": 48.87284548119487}
2026-09-28T10:29:09.007987+00:00 {"status": "ok", "path": "/home/user/ADHD-EEG-Benchmark/la-kaie/results/raw/pilot/CEC2022/LA-KAIE-DimensionOnly/inst06/run05.json", "runtime": 9.71279858700018, "best": 67.7214663482032}
2026-09-28T10:29:11.187178+00:00 {"status": "ok", "path": "/home/user/ADHD-EEG-Benchmark/la-kaie/results/raw/pilot/CEC2022/LA-KAIE-RandomExchange/inst06/run05.json", "runtime": 8.889297340000212, "best": 4.100187318071221}
2026-09-28T10:29:19.825316+00:00 {"status": "ok", "path": "/home/user/ADHD-EEG-Benchmark/la-kaie/results/raw/pilot/CEC2022/LA-KAIE-FixedPolicy/inst06/run05.json", "runtime": 16.233609130999866, "best": 2.975269652799625}
2026-09-28T10:29:21.138495+00:00 {"status": "ok", "path": "/home/user/ADHD-EEG-Benchmark/la-kaie/results/raw/pilot/CEC2022/LA-KAIE-NoAdaptiveController/inst06/run05.json", "runtime": 16.927811561999988, "best": 6.79797085398809}
2026-09-28T10:29:21.370446+00:00 {"status": "ok", "path": "/home/user/ADHD-EEG-Benchmark/la-kaie/results/raw/pilot/CEC2022/LA-KAIE-Full/inst07/run01.json", "runtime": 10.14162430200031, "best": 41.05270854375112}
2026-09-28T10:29:27.364187+00:00 {"status": "ok", "path": "/home/user/ADHD-EEG-Benchmark/la-kaie/results/raw/pilot/CEC2022/LA-KAIE-NoInteraction/inst07/run01.json", "runtime": 6.198229204999734, "best": 38.939984105193616}
2026-09-28T10:29:28.180599+00:00 {"status": "ok", "path": "/home/user/ADHD-EEG-Benchmark/la-kaie/results/raw/pilot/CEC2022/MPHBS/inst07/run01.json", "runtime": 19.162449785000263, "best": 37.227355675349145}
2026-09-28T10:29:30.163173+00:00 {"status": "ok", "path": "/home/user/ADHD-EEG-Benchmark/la-kaie/results/raw/pilot/CEC2022/LA-KAIE-NoKnowledgeReward/inst07/run01.json", "runtime": 8.750140854000165, "best": 38.47685403593505}
2026-09-28T10:29:31.160214+00:00 {"status": "ok", "path": "/home/user/ADHD-EEG-Benchmark/la-kaie/results/raw/pilot/CEC2022/LA-KAIE-NoLandscape/inst07/run01.json", "runtime": 11.293281898999794, "best": 38.22729823234636}
2026-09-28T10:29:37.231678+00:00 {"status": "ok", "path": "/home/user/ADHD-EEG-Benchmark/la-kaie/results/raw/pilot/CEC2022/LA-KAIE-RandomExchange/inst07/run01.json", "runtime": 9.003968201999669, "best": 56.524259553531465}
2026-09-28T10:29:37.879935+00:00 {"status": "ok", "path": "/home/user/ADHD-EEG-Benchmark/la-kaie/results/raw/pilot/CEC2022/LA-KAIE-DimensionOnly/inst07/run01.json", "runtime": 10.470308671999646, "best": 41.05272441428542}
2026-09-28T10:29:46.560463+00:00 {"status": "ok", "path": "/home/user/ADHD-EEG-Benchmark/la-kaie/results/raw/pilot/CEC2022/LA-KAIE-FixedPolicy/inst07/run01.json", "runtime": 16.3358302380002, "best": 20.4151397002895}
2026-09-28T10:29:47.731668+00:00 {"status": "ok", "path": "/home/user/ADHD-EEG-Benchmark/la-kaie/results/raw/pilot/CEC2022/LA-KAIE-Full/inst07/run02.json", "runtime": 9.813198761999956, "best": 27.299674549289875}
2026-09-28T10:29:48.128439+00:00 {"status": "ok", "path": "/home/user/ADHD-EEG-Benchmark/la-kaie/results/raw/pilot/CEC2022/LA-KAIE-NoAdaptiveController/inst07/run01.json", "runtime": 16.90856340399978, "best": 4.882048076557567}
2026-09-28T10:29:53.822852+00:00 {"status": "ok", "path": "/home/user/ADHD-EEG-Benchmark/la-kaie/results/raw/pilot/CEC2022/LA-KAIE-NoInteraction/inst07/run02.json", "runtime": 6.065002789000118, "best": 66.07668468636894}
2026-09-28T10:29:55.465992+00:00 {"status": "ok", "path": "/home/user/ADHD-EEG-Benchmark/la-kaie/results/raw/pilot/CEC2022/MPHBS/inst07/run02.json", "runtime": 18.217427269999916, "best": 27.066312847034396}
2026-09-28T10:29:56.678079+00:00 {"status": "ok", "path": "/home/user/ADHD-EEG-Benchmark/la-kaie/results/raw/pilot/CEC2022/LA-KAIE-NoKnowledgeReward/inst07/run02.json", "runtime": 8.507986063999851, "best": 61.392745127539456}
2026-09-28T10:29:57.300539+00:00 {"status": "ok", "path": "/home/user/ADHD-EEG-Benchmark/la-kaie/results/raw/pilot/CEC2022/LA-KAIE-NoLandscape/inst07/run02.json", "runtime": 10.698367012999825, "best": 24.975121172477884}
2026-09-28T10:30:02.183721+00:00 {"status": "ok", "path": "/home/user/ADHD-EEG-Benchmark/la-kaie/results/raw/pilot/CEC2022/LA-KAIE-DimensionOnly/inst07/run02.json", "runtime": 8.328513017000205, "best": 27.297742031722464}
2026-09-28T10:30:04.133961+00:00 {"status": "ok", "path": "/home/user/ADHD-EEG-Benchmark/la-kaie/results/raw/pilot/CEC2022/LA-KAIE-RandomExchange/inst07/run02.json", "runtime": 8.62733759699995, "best": 28.140966702573905}
2026-09-28T10:30:13.076046+00:00 {"status": "ok", "path": "/home/user/ADHD-EEG-Benchmark/la-kaie/results/raw/pilot/CEC2022/LA-KAIE-FixedPolicy/inst07/run02.json", "runtime": 16.33089164499961, "best": 20.39334998371669}
2026-09-28T10:30:14.039364+00:00 {"status": "ok", "path": "/home/user/ADHD-EEG-Benchmark/la-kaie/results/raw/pilot/CEC2022/LA-KAIE-NoAdaptiveController/inst07/run02.json", "runtime": 16.67208205599991, "best": 21.991055950104283}
2026-09-28T10:30:14.657994+00:00 {"status": "ok", "path": "/home/user/ADHD-EEG-Benchmark/la-kaie/results/raw/pilot/CEC2022/LA-KAIE-Full/inst07/run03.json", "runtime": 10.48510644299995, "best": 49.91066443747786}
2026-09-28T10:30:19.687681+00:00 {"status": "ok", "path": "/home/user/ADHD-EEG-Benchmark/la-kaie/results/raw/pilot/CEC2022/LA-KAIE-NoInteraction/inst07/run03.json", "runtime": 5.605959274999805, "best": 48.345373154441404}
2026-09-28T10:30:20.328553+00:00 {"status": "ok", "path": "/home/user/ADHD-EEG-Benchmark/la-kaie/results/raw/pilot/CEC2022/MPHBS/inst07/run03.json", "runtime": 18.136099840999577, "best": 29.951082547248234}
2026-09-28T10:30:22.984094+00:00 {"status": "ok", "path": "/home/user/ADHD-EEG-Benchmark/la-kaie/results/raw/pilot/CEC2022/LA-KAIE-NoLandscape/inst07/run03.json", "runtime": 9.864002828000139, "best": 31.77260307470192}
2026-09-28T10:30:23.405523+00:00 {"status": "ok", "path": "/home/user/ADHD-EEG-Benchmark/la-kaie/results/raw/pilot/CEC2022/LA-KAIE-NoKnowledgeReward/inst07/run03.json", "runtime": 8.715749099999812, "best": 45.91748950783676}
2026-09-28T10:30:28.735220+00:00 {"status": "ok", "path": "/home/user/ADHD-EEG-Benchmark/la-kaie/results/raw/pilot/CEC2022/LA-KAIE-DimensionOnly/inst07/run03.json", "runtime": 9.026280988000053, "best": 53.828829125123775}
2026-09-28T10:30:29.217829+00:00 {"status": "ok", "path": "/home/user/ADHD-EEG-Benchmark/la-kaie/results/raw/pilot/CEC2022/LA-KAIE-RandomExchange/inst07/run03.json", "runtime": 8.84839392799995, "best": 27.33463041614891}
2026-09-28T10:30:39.451021+00:00 {"status": "ok", "path": "/home/user/ADHD-EEG-Benchmark/la-kaie/results/raw/pilot/CEC2022/LA-KAIE-Full/inst07/run04.json", "runtime": 10.19969445200013, "best": 29.328160165141526}
2026-09-28T10:30:40.283942+00:00 {"status": "ok", "path": "/home/user/ADHD-EEG-Benchmark/la-kaie/results/raw/pilot/CEC2022/LA-KAIE-FixedPolicy/inst07/run03.json", "runtime": 17.2163010459999, "best": 21.72853611623532}
2026-09-28T10:30:41.485624+00:00 {"status": "ok", "path": "/home/user/ADHD-EEG-Benchmark/la-kaie/results/raw/pilot/CEC2022/LA-KAIE-NoAdaptiveController/inst07/run03.json", "runtime": 18.019393289999698, "best": 20.31322547754121}
2026-09-28T10:30:46.558646+00:00 {"status": "ok", "path": "/home/user/ADHD-EEG-Benchmark/la-kaie/results/raw/pilot/CEC2022/LA-KAIE-NoInteraction/inst07/run04.json", "runtime": 6.248839272999703, "best": 47.30738150105731}
2026-09-28T10:30:48.061203+00:00 {"status": "ok", "path": "/home/user/ADHD-EEG-Benchmark/la-kaie/results/raw/pilot/CEC2022/MPHBS/inst07/run04.json", "runtime": 19.316709720999825, "best": 21.62009015491435}
2026-09-28T10:30:48.939391+00:00 {"status": "ok", "path": "/home/user/ADHD-EEG-Benchmark/la-kaie/results/raw/pilot/CEC2022/LA-KAIE-NoLandscape/inst07/run04.json", "runtime": 9.44930930999999, "best": 65.33997559689305}
2026-09-28T10:30:49.094160+00:00 {"status": "ok", "path": "/home/user/ADHD-EEG-Benchmark/la-kaie/results/raw/pilot/CEC2022/LA-KAIE-NoKnowledgeReward/inst07/run04.json", "runtime": 7.578406443999938, "best": 22.42404203232377}
2026-09-28T10:30:55.684894+00:00 {"status": "ok", "path": "/home/user/ADHD-EEG-Benchmark/la-kaie/results/raw/pilot/CEC2022/LA-KAIE-DimensionOnly/inst07/run04.json", "runtime": 9.082737186000031, "best": 29.46594372132904}
2026-09-28T10:30:56.919165+00:00 {"status": "ok", "path": "/home/user/ADHD-EEG-Benchmark/la-kaie/results/raw/pilot/CEC2022/LA-KAIE-RandomExchange/inst07/run04.json", "runtime": 8.810314758999994, "best": 46.20908500444193}
2026-09-28T10:31:05.746446+00:00 {"status": "ok", "path": "/home/user/ADHD-EEG-Benchmark/la-kaie/results/raw/pilot/CEC2022/LA-KAIE-FixedPolicy/inst07/run04.json", "runtime": 16.709106215999782, "best": 13.522539475862459}
2026-09-28T10:31:06.409730+00:00 {"status": "ok", "path": "/home/user/ADHD-EEG-Benchmark/la-kaie/results/raw/pilot/CEC2022/LA-KAIE-NoAdaptiveController/inst07/run04.json", "runtime": 17.25516926399996, "best": 1.3762698297828138}
2026-09-28T10:31:07.218837+00:00 {"status": "ok", "path": "/home/user/ADHD-EEG-Benchmark/la-kaie/results/raw/pilot/CEC2022/LA-KAIE-Full/inst07/run05.json", "runtime": 10.257715978000306, "best": 45.467142886416696}
2026-09-28T10:31:12.780423+00:00 {"status": "ok", "path": "/home/user/ADHD-EEG-Benchmark/la-kaie/results/raw/pilot/CEC2022/LA-KAIE-NoInteraction/inst07/run05.json", "runtime": 6.337257898000189, "best": 27.296686151991935}
2026-09-28T10:31:15.790182+00:00 {"status": "ok", "path": "/home/user/ADHD-EEG-Benchmark/la-kaie/results/raw/pilot/CEC2022/MPHBS/inst07/run05.json", "runtime": 20.096577483000146, "best": 29.57938056591661}
2026-09-28T10:31:16.842363+00:00 {"status": "ok", "path": "/home/user/ADHD-EEG-Benchmark/la-kaie/results/raw/pilot/CEC2022/LA-KAIE-NoKnowledgeReward/inst07/run05.json", "runtime": 9.588729389000036, "best": 44.36658342596638}
2026-09-28T10:31:18.555523+00:00 {"status": "ok", "path": "/home/user/ADHD-EEG-Benchmark/la-kaie/results/raw/pilot/CEC2022/LA-KAIE-NoLandscape/inst07/run05.json", "runtime": 12.76184552199993, "best": 32.47085142483411}
2026-09-28T10:31:22.918226+00:00 {"status": "ok", "path": "/home/user/ADHD-EEG-Benchmark/la-kaie/results/raw/pilot/CEC2022/LA-KAIE-DimensionOnly/inst07/run05.json", "runtime": 10.095527447000222, "best": 47.64236922152895}
2026-09-28T10:31:24.485823+00:00 {"status": "ok", "path": "/home/user/ADHD-EEG-Benchmark/la-kaie/results/raw/pilot/CEC2022/LA-KAIE-RandomExchange/inst07/run05.json", "runtime": 8.641923771000165, "best": 62.62602419940595}
2026-09-28T10:31:35.220381+00:00 {"status": "ok", "path": "/home/user/ADHD-EEG-Benchmark/la-kaie/results/raw/pilot/CEC2022/LA-KAIE-Full/inst08/run01.json", "runtime": 10.698951609000233, "best": 22.225487371472354}
2026-09-28T10:31:35.809231+00:00 {"status": "ok", "path": "/home/user/ADHD-EEG-Benchmark/la-kaie/results/raw/pilot/CEC2022/LA-KAIE-FixedPolicy/inst07/run05.json", "runtime": 18.901994623000064, "best": 21.627832420328787}
2026-09-28T10:31:37.235642+00:00 {"status": "ok", "path": "/home/user/ADHD-EEG-Benchmark/la-kaie/results/raw/pilot/CEC2022/LA-KAIE-NoAdaptiveController/inst07/run05.json", "runtime": 18.580801702999906, "best": 21.30840948020591}
2026-09-28T10:31:41.972068+00:00 {"status": "ok", "path": "/home/user/ADHD-EEG-Benchmark/la-kaie/results/raw/pilot/CEC2022/LA-KAIE-NoInteraction/inst08/run01.json", "runtime": 6.132371756000339, "best": 21.70856402105619}
2026-09-28T10:31:45.088510+00:00 {"status": "ok", "path": "/home/user/ADHD-EEG-Benchmark/la-kaie/results/raw/pilot/CEC2022/MPHBS/inst08/run01.json", "runtime": 22.15436432200022, "best": 21.327298112705193}
2026-09-28T10:31:47.255124+00:00 {"status": "ok", "path": "/home/user/ADHD-EEG-Benchmark/la-kaie/results/raw/pilot/CEC2022/LA-KAIE-NoLandscape/inst08/run01.json", "runtime": 11.976072567999836, "best": 21.13013653328835}
2026-09-28T10:31:49.314619+00:00 {"status": "ok", "path": "/home/user/ADHD-EEG-Benchmark/la-kaie/results/raw/pilot/CEC2022/LA-KAIE-NoKnowledgeReward/inst08/run01.json", "runtime": 12.069380106999688, "best": 22.607876201709132}
2026-09-28T10:31:53.709242+00:00 {"status": "ok", "path": "/home/user/ADHD-EEG-Benchmark/la-kaie/results/raw/pilot/CEC2022/LA-KAIE-DimensionOnly/inst08/run01.json", "runtime": 11.69360453299987, "best": 23.2131372815511}
2026-09-28T10:31:55.387600+00:00 {"status": "ok", "path": "/home/user/ADHD-EEG-Benchmark/la-kaie/results/raw/pilot/CEC2022/LA-KAIE-RandomExchange/inst08/run01.json", "runtime": 10.25532877600017, "best": 20.874273068533967}
2026-09-28T10:32:06.459731+00:00 {"status": "ok", "path": "/home/user/ADHD-EEG-Benchmark/la-kaie/results/raw/pilot/CEC2022/LA-KAIE-FixedPolicy/inst08/run01.json", "runtime": 19.138176605000353, "best": 20.653880324644888}
2026-09-28T10:32:09.472960+00:00 {"status": "ok", "path": "/home/user/ADHD-EEG-Benchmark/la-kaie/results/raw/pilot/CEC2022/LA-KAIE-Full/inst08/run02.json", "runtime": 14.043117606000123, "best": 21.219368030338956}
2026-09-28T10:32:10.031971+00:00 {"status": "ok", "path": "/home/user/ADHD-EEG-Benchmark/la-kaie/results/raw/pilot/CEC2022/LA-KAIE-NoAdaptiveController/inst08/run01.json", "runtime": 20.652384038000037, "best": 20.34901056081071}
2026-09-28T10:32:14.853906+00:00 {"status": "ok", "path": "/home/user/ADHD-EEG-Benchmark/la-kaie/results/raw/pilot/CEC2022/MPHBS/inst08/run02.json", "runtime": 21.136637381999662, "best": 20.92335441704563}
2026-09-28T10:32:15.693949+00:00 {"status": "ok", "path": "/home/user/ADHD-EEG-Benchmark/la-kaie/results/raw/pilot/CEC2022/LA-KAIE-NoLandscape/inst08/run02.json", "runtime": 9.200466310000138, "best": 22.168247949745364}
2026-09-28T10:32:16.323392+00:00 {"status": "ok", "path": "/home/user/ADHD-EEG-Benchmark/la-kaie/results/raw/pilot/CEC2022/LA-KAIE-NoInteraction/inst08/run02.json", "runtime": 6.822954619000029, "best": 22.355969132070186}
2026-09-28T10:32:19.036543+00:00 {"status": "ok", "path": "/home/user/ADHD-EEG-Benchmark/la-kaie/results/raw/pilot/CEC2022/LA-KAIE-NoKnowledgeReward/inst08/run02.json", "runtime": 8.970572933000312, "best": 22.396577173046353}
2026-09-28T10:32:24.318669+00:00 {"status": "ok", "path": "/home/user/ADHD-EEG-Benchmark/la-kaie/results/raw/pilot/CEC2022/LA-KAIE-RandomExchange/inst08/run02.json", "runtime": 8.580124378999699, "best": 21.14118124082779}
2026-09-28T10:32:28.351578+00:00 {"status": "ok", "path": "/home/user/ADHD-EEG-Benchmark/la-kaie/results/raw/pilot/CEC2022/LA-KAIE-DimensionOnly/inst08/run02.json", "runtime": 13.444453529999919, "best": 22.59502653987738}
2026-09-28T10:32:33.695397+00:00 {"status": "ok", "path": "/home/user/ADHD-EEG-Benchmark/la-kaie/results/raw/pilot/CEC2022/LA-KAIE-FixedPolicy/inst08/run02.json", "runtime": 17.290139437000107, "best": 20.702919685993947}
2026-09-28T10:32:38.636864+00:00 {"status": "ok", "path": "/home/user/ADHD-EEG-Benchmark/la-kaie/results/raw/pilot/CEC2022/LA-KAIE-NoAdaptiveController/inst08/run02.json", "runtime": 19.505493092999586, "best": 20.671576428730077}
2026-09-28T10:32:42.383648+00:00 {"status": "ok", "path": "/home/user/ADHD-EEG-Benchmark/la-kaie/results/raw/pilot/CEC2022/LA-KAIE-Full/inst08/run03.json", "runtime": 13.990118484999584, "best": 22.10029119385308}
2026-09-28T10:32:45.444703+00:00 {"status": "ok", "path": "/home/user/ADHD-EEG-Benchmark/la-kaie/results/raw/pilot/CEC2022/LA-KAIE-NoInteraction/inst08/run03.json", "runtime": 6.780904666000424, "best": 22.919737993677245}
2026-09-28T10:32:46.561295+00:00 {"status": "ok", "path": "/home/user/ADHD-EEG-Benchmark/la-kaie/results/raw/pilot/CEC2022/MPHBS/inst08/run03.json", "runtime": 22.23414942999989, "best": 21.145993402951717}
2026-09-28T10:32:49.709813+00:00 {"status": "ok", "path": "/home/user/ADHD-EEG-Benchmark/la-kaie/results/raw/pilot/CEC2022/LA-KAIE-NoLandscape/inst08/run03.json", "runtime": 15.969803642999977, "best": 23.244431937536774}
2026-09-28T10:32:52.436009+00:00 {"status": "ok", "path": "/home/user/ADHD-EEG-Benchmark/la-kaie/results/raw/pilot/CEC2022/LA-KAIE-NoKnowledgeReward/inst08/run03.json", "runtime": 10.017556434999733, "best": 20.785136646797582}
2026-09-28T10:32:55.927678+00:00 {"status": "ok", "path": "/home/user/ADHD-EEG-Benchmark/la-kaie/results/raw/pilot/CEC2022/LA-KAIE-RandomExchange/inst08/run03.json", "runtime": 9.325919806999991, "best": 21.694150705882294}
2026-09-28T10:32:57.808493+00:00 {"status": "ok", "path": "/home/user/ADHD-EEG-Benchmark/la-kaie/results/raw/pilot/CEC2022/LA-KAIE-DimensionOnly/inst08/run03.json", "runtime": 12.309494763999737, "best": 21.98034825355262}
2026-09-28T10:33:06.258224+00:00 {"status": "ok", "path": "/home/user/ADHD-EEG-Benchmark/la-kaie/results/raw/pilot/CEC2022/LA-KAIE-FixedPolicy/inst08/run03.json", "runtime": 16.484095124000305, "best": 20.828517234498577}
2026-09-28T10:33:09.966108+00:00 {"status": "ok", "path": "/home/user/ADHD-EEG-Benchmark/la-kaie/results/raw/pilot/CEC2022/LA-KAIE-NoAdaptiveController/inst08/run03.json", "runtime": 17.459091100000023, "best": 20.88045201379782}
2026-09-28T10:33:13.277119+00:00 {"status": "ok", "path": "/home/user/ADHD-EEG-Benchmark/la-kaie/results/raw/pilot/CEC2022/LA-KAIE-Full/inst08/run04.json", "runtime": 15.41616345600005, "best": 22.361262521803383}
2026-09-28T10:33:17.732189+00:00 {"status": "ok", "path": "/home/user/ADHD-EEG-Benchmark/la-kaie/results/raw/pilot/CEC2022/MPHBS/inst08/run04.json", "runtime": 21.79527444999985, "best": 20.60353933588567}
2026-09-28T10:33:17.970221+00:00 {"status": "ok", "path": "/home/user/ADHD-EEG-Benchmark/la-kaie/results/raw/pilot/CEC2022/LA-KAIE-NoInteraction/inst08/run04.json", "runtime": 7.977981108000222, "best": 21.001424777412012}
2026-09-28T10:33:19.316963+00:00 {"status": "ok", "path": "/home/user/ADHD-EEG-Benchmark/la-kaie/results/raw/pilot/CEC2022/LA-KAIE-NoLandscape/inst08/run04.json", "runtime": 13.001292697999816, "best": 23.043666778671195}
2026-09-28T10:33:23.858165+00:00 {"status": "ok", "path": "/home/user/ADHD-EEG-Benchmark/la-kaie/results/raw/pilot/CEC2022/LA-KAIE-NoKnowledgeReward/inst08/run04.json", "runtime": 10.547593706000043, "best": 21.869967945433018}
2026-09-28T10:33:28.123761+00:00 {"status": "ok", "path": "/home/user/ADHD-EEG-Benchmark/la-kaie/results/raw/pilot/CEC2022/LA-KAIE-RandomExchange/inst08/run04.json", "runtime": 10.089032288999988, "best": 21.415356521049944}
2026-09-28T10:33:33.835715+00:00 {"status": "ok", "path": "/home/user/ADHD-EEG-Benchmark/la-kaie/results/raw/pilot/CEC2022/LA-KAIE-DimensionOnly/inst08/run04.json", "runtime": 16.034091432999958, "best": 22.202241631259312}
2026-09-28T10:33:38.554312+00:00 {"status": "ok", "path": "/home/user/ADHD-EEG-Benchmark/la-kaie/results/raw/pilot/CEC2022/LA-KAIE-FixedPolicy/inst08/run04.json", "runtime": 19.1565552940001, "best": 20.62228988569268}
2026-09-28T10:33:44.570401+00:00 {"status": "ok", "path": "/home/user/ADHD-EEG-Benchmark/la-kaie/results/raw/pilot/CEC2022/LA-KAIE-NoAdaptiveController/inst08/run04.json", "runtime": 20.64947754600007, "best": 21.202239055172868}
2026-09-28T10:33:46.573761+00:00 {"status": "ok", "path": "/home/user/ADHD-EEG-Benchmark/la-kaie/results/raw/pilot/CEC2022/LA-KAIE-Full/inst08/run05.json", "runtime": 12.697303487000227, "best": 23.57593426853464}
2026-09-28T10:33:50.505634+00:00 {"status": "ok", "path": "/home/user/ADHD-EEG-Benchmark/la-kaie/results/raw/pilot/CEC2022/MPHBS/inst08/run05.json", "runtime": 22.370161413999995, "best": 20.674052725416914}
2026-09-28T10:33:51.277201+00:00 {"status": "ok", "path": "/home/user/ADHD-EEG-Benchmark/la-kaie/results/raw/pilot/CEC2022/LA-KAIE-NoInteraction/inst08/run05.json", "runtime": 6.6717549529998905, "best": 21.15213248056625}
2026-09-28T10:33:55.873284+00:00 {"status": "ok", "path": "/home/user/ADHD-EEG-Benchmark/la-kaie/results/raw/pilot/CEC2022/LA-KAIE-NoLandscape/inst08/run05.json", "runtime": 17.266348888000266, "best": 21.02395647980029}
2026-09-28T10:33:56.454519+00:00 {"status": "ok", "path": "/home/user/ADHD-EEG-Benchmark/la-kaie/results/raw/pilot/CEC2022/LA-KAIE-NoKnowledgeReward/inst08/run05.json", "runtime": 9.848080365999976, "best": 24.951407061797454}
2026-09-28T10:34:01.089770+00:00 {"status": "ok", "path": "/home/user/ADHD-EEG-Benchmark/la-kaie/results/raw/pilot/CEC2022/LA-KAIE-RandomExchange/inst08/run05.json", "runtime": 9.770528358999854, "best": 22.56417027077532}
2026-09-28T10:34:03.288480+00:00 {"status": "ok", "path": "/home/user/ADHD-EEG-Benchmark/la-kaie/results/raw/pilot/CEC2022/LA-KAIE-DimensionOnly/inst08/run05.json", "runtime": 12.72218310199969, "best": 22.735243197062573}
2026-09-28T10:34:12.673916+00:00 {"status": "ok", "path": "/home/user/ADHD-EEG-Benchmark/la-kaie/results/raw/pilot/CEC2022/LA-KAIE-FixedPolicy/inst08/run05.json", "runtime": 16.722041035000075, "best": 20.26818460116374}
2026-09-28T10:34:14.320746+00:00 {"status": "ok", "path": "/home/user/ADHD-EEG-Benchmark/la-kaie/results/raw/pilot/CEC2022/LA-KAIE-NoAdaptiveController/inst08/run05.json", "runtime": 17.809644728999956, "best": 20.844181269080764}
2026-09-28T10:34:18.013343+00:00 {"status": "ok", "path": "/home/user/ADHD-EEG-Benchmark/la-kaie/results/raw/pilot/CEC2022/LA-KAIE-Full/inst09/run01.json", "runtime": 14.684067550999771, "best": 180.78127167774664}
2026-09-28T10:34:20.617345+00:00 {"status": "ok", "path": "/home/user/ADHD-EEG-Benchmark/la-kaie/results/raw/pilot/CEC2022/LA-KAIE-NoInteraction/inst09/run01.json", "runtime": 6.268403869999929, "best": 180.7812716777471}
2026-09-28T10:34:22.016581+00:00 {"status": "ok", "path": "/home/user/ADHD-EEG-Benchmark/la-kaie/results/raw/pilot/CEC2022/MPHBS/inst09/run01.json", "runtime": 20.911631654000303, "best": 180.78127167775165}
2026-09-28T10:34:27.711124+00:00 {"status": "ok", "path": "/home/user/ADHD-EEG-Benchmark/la-kaie/results/raw/pilot/CEC2022/LA-KAIE-NoKnowledgeReward/inst09/run01.json", "runtime": 9.662378357999842, "best": 180.7812716777471}
2026-09-28T10:34:28.899136+00:00 {"status": "ok", "path": "/home/user/ADHD-EEG-Benchmark/la-kaie/results/raw/pilot/CEC2022/LA-KAIE-NoLandscape/inst09/run01.json", "runtime": 16.166172278999966, "best": 180.78127167774664}
2026-09-28T10:34:30.080058+00:00 {"status": "ok", "path": "/home/user/ADHD-EEG-Benchmark/la-kaie/results/raw/pilot/CEC2022/LA-KAIE-RandomExchange/inst09/run01.json", "runtime": 8.023517477000041, "best": 180.78127167774664}
2026-09-28T10:34:33.011608+00:00 {"status": "ok", "path": "/home/user/ADHD-EEG-Benchmark/la-kaie/results/raw/pilot/CEC2022/LA-KAIE-DimensionOnly/inst09/run01.json", "runtime": 12.353131929000028, "best": 180.78127167774664}
2026-09-28T10:34:47.231862+00:00 {"status": "ok", "path": "/home/user/ADHD-EEG-Benchmark/la-kaie/results/raw/pilot/CEC2022/LA-KAIE-FixedPolicy/inst09/run01.json", "runtime": 19.43384091500002, "best": 180.78127167774664}
2026-09-28T10:34:48.273759+00:00 {"status": "ok", "path": "/home/user/ADHD-EEG-Benchmark/la-kaie/results/raw/pilot/CEC2022/LA-KAIE-NoAdaptiveController/inst09/run01.json", "runtime": 19.308014472000195, "best": 180.78127167774664}
2026-09-28T10:34:48.821686+00:00 {"status": "ok", "path": "/home/user/ADHD-EEG-Benchmark/la-kaie/results/raw/pilot/CEC2022/LA-KAIE-Full/inst09/run02.json", "runtime": 15.762526617000276, "best": 180.78127167774664}
2026-09-28T10:34:51.993228+00:00 {"status": "ok", "path": "/home/user/ADHD-EEG-Benchmark/la-kaie/results/raw/pilot/CEC2022/MPHBS/inst09/run02.json", "runtime": 21.904413787000067, "best": 180.78127167774892}
2026-09-28T10:34:53.139498+00:00 {"status": "ok", "path": "/home/user/ADHD-EEG-Benchmark/la-kaie/results/raw/pilot/CEC2022/LA-KAIE-NoInteraction/inst09/run02.json", "runtime": 4.841289751000204, "best": 180.78127167774664}
2026-09-28T10:34:58.562673+00:00 {"status": "ok", "path": "/home/user/ADHD-EEG-Benchmark/la-kaie/results/raw/pilot/CEC2022/LA-KAIE-NoLandscape/inst09/run02.json", "runtime": 11.296644467000078, "best": 180.78127167774664}
2026-09-28T10:35:01.252929+00:00 {"status": "ok", "path": "/home/user/ADHD-EEG-Benchmark/la-kaie/results/raw/pilot/CEC2022/LA-KAIE-NoKnowledgeReward/inst09/run02.json", "runtime": 12.38266104000013, "best": 180.7812716777471}
2026-09-28T10:35:01.258410+00:00 {"status": "ok", "path": "/home/user/ADHD-EEG-Benchmark/la-kaie/results/raw/pilot/CEC2022/LA-KAIE-RandomExchange/inst09/run02.json", "runtime": 8.08179767899992, "best": 180.78127167774664}
2026-09-28T10:35:06.216375+00:00 {"status": "ok", "path": "/home/user/ADHD-EEG-Benchmark/la-kaie/results/raw/pilot/CEC2022/LA-KAIE-DimensionOnly/inst09/run02.json", "runtime": 14.17133679799963, "best": 180.78127167774664}
2026-09-28T10:35:16.351822+00:00 {"status": "ok", "path": "/home/user/ADHD-EEG-Benchmark/la-kaie/results/raw/pilot/CEC2022/LA-KAIE-FixedPolicy/inst09/run02.json", "runtime": 17.713415950000126, "best": 180.78127167774664}
2026-09-28T10:35:19.059068+00:00 {"status": "ok", "path": "/home/user/ADHD-EEG-Benchmark/la-kaie/results/raw/pilot/CEC2022/LA-KAIE-NoAdaptiveController/inst09/run02.json", "runtime": 17.739006258000245, "best": 180.78127167774664}
2026-09-28T10:35:19.642524+00:00 {"status": "ok", "path": "/home/user/ADHD-EEG-Benchmark/la-kaie/results/raw/pilot/CEC2022/LA-KAIE-Full/inst09/run03.json", "runtime": 13.381883301000016, "best": 180.78127167774664}
2026-09-28T10:35:22.420833+00:00 {"status": "ok", "path": "/home/user/ADHD-EEG-Benchmark/la-kaie/results/raw/pilot/CEC2022/MPHBS/inst09/run03.json", "runtime": 21.152835648999826, "best": 180.781271677748}
2026-09-28T10:35:24.899804+00:00 {"status": "ok", "path": "/home/user/ADHD-EEG-Benchmark/la-kaie/results/raw/pilot/CEC2022/LA-KAIE-NoInteraction/inst09/run03.json", "runtime": 5.805708885000058, "best": 180.7812716777471}
2026-09-28T10:35:29.528248+00:00 {"status": "ok", "path": "/home/user/ADHD-EEG-Benchmark/la-kaie/results/raw/pilot/CEC2022/LA-KAIE-NoLandscape/inst09/run03.json", "runtime": 13.12244792499996, "best": 180.78127167774664}
2026-09-28T10:35:32.866023+00:00 {"status": "ok", "path": "/home/user/ADHD-EEG-Benchmark/la-kaie/results/raw/pilot/CEC2022/LA-KAIE-RandomExchange/inst09/run03.json", "runtime": 7.937523399999918, "best": 180.78127167774664}
2026-09-28T10:35:34.389831+00:00 {"status": "ok", "path": "/home/user/ADHD-EEG-Benchmark/la-kaie/results/raw/pilot/CEC2022/LA-KAIE-DimensionOnly/inst09/run03.json", "runtime": 11.857806340000025, "best": 180.78127167774664}
2026-09-28T10:35:38.292424+00:00 {"status": "ok", "path": "/home/user/ADHD-EEG-Benchmark/la-kaie/results/raw/pilot/CEC2022/LA-KAIE-NoKnowledgeReward/inst09/run03.json", "runtime": 18.588098398000056, "best": 180.78127167774664}
2026-09-28T10:35:46.851207+00:00 {"status": "ok", "path": "/home/user/ADHD-EEG-Benchmark/la-kaie/results/raw/pilot/CEC2022/LA-KAIE-FixedPolicy/inst09/run03.json", "runtime": 17.25701815399998, "best": 180.78127167774664}
2026-09-28T10:35:49.876788+00:00 {"status": "ok", "path": "/home/user/ADHD-EEG-Benchmark/la-kaie/results/raw/pilot/CEC2022/LA-KAIE-NoAdaptiveController/inst09/run03.json", "runtime": 16.94350198999973, "best": 180.78127167774664}
2026-09-28T10:35:53.738048+00:00 {"status": "ok", "path": "/home/user/ADHD-EEG-Benchmark/la-kaie/results/raw/pilot/CEC2022/MPHBS/inst09/run04.json", "runtime": 19.338362993999908, "best": 180.7812716777521}
2026-09-28T10:35:55.222019+00:00 {"status": "ok", "path": "/home/user/ADHD-EEG-Benchmark/la-kaie/results/raw/pilot/CEC2022/LA-KAIE-Full/inst09/run04.json", "runtime": 16.865700272999675, "best": 180.78127167774664}
2026-09-28T10:35:55.414989+00:00 {"status": "ok", "path": "/home/user/ADHD-EEG-Benchmark/la-kaie/results/raw/pilot/CEC2022/LA-KAIE-NoInteraction/inst09/run04.json", "runtime": 5.506595847999961, "best": 180.7812716777471}
2026-09-28T10:35:58.610479+00:00 {"status": "ok", "path": "/home/user/ADHD-EEG-Benchmark/la-kaie/results/raw/pilot/CEC2022/LA-KAIE-NoLandscape/inst09/run04.json", "runtime": 11.721327749000011, "best": 180.7812716777471}
2026-09-28T10:36:01.061706+00:00 {"status": "ok", "path": "/home/user/ADHD-EEG-Benchmark/la-kaie/results/raw/pilot/CEC2022/LA-KAIE-NoKnowledgeReward/inst09/run04.json", "runtime": 7.280408381000143, "best": 180.78127167774755}
2026-09-28T10:36:03.767685+00:00 {"status": "ok", "path": "/home/user/ADHD-EEG-Benchmark/la-kaie/results/raw/pilot/CEC2022/LA-KAIE-RandomExchange/inst09/run04.json", "runtime": 8.293180770999697, "best": 180.7812716777471}
2026-09-28T10:36:07.028885+00:00 {"status": "ok", "path": "/home/user/ADHD-EEG-Benchmark/la-kaie/results/raw/pilot/CEC2022/LA-KAIE-DimensionOnly/inst09/run04.json", "runtime": 11.767270242999984, "best": 180.78127167774664}
2026-09-28T10:36:14.659850+00:00 {"status": "ok", "path": "/home/user/ADHD-EEG-Benchmark/la-kaie/results/raw/pilot/CEC2022/LA-KAIE-FixedPolicy/inst09/run04.json", "runtime": 15.983847183999842, "best": 180.78127167774664}
2026-09-28T10:36:17.238538+00:00 {"status": "ok", "path": "/home/user/ADHD-EEG-Benchmark/la-kaie/results/raw/pilot/CEC2022/LA-KAIE-NoAdaptiveController/inst09/run04.json", "runtime": 16.10742256499998, "best": 180.78127167774664}
2026-09-28T10:36:20.084926+00:00 {"status": "ok", "path": "/home/user/ADHD-EEG-Benchmark/la-kaie/results/raw/pilot/CEC2022/LA-KAIE-Full/inst09/run05.json", "runtime": 13.013018277000356, "best": 180.78127167774664}
2026-09-28T10:36:21.359214+00:00 {"status": "ok", "path": "/home/user/ADHD-EEG-Benchmark/la-kaie/results/raw/pilot/CEC2022/MPHBS/inst09/run05.json", "runtime": 17.586418184000195, "best": 180.78127167774983}
2026-09-28T10:36:22.783751+00:00 {"status": "ok", "path": "/home/user/ADHD-EEG-Benchmark/la-kaie/results/raw/pilot/CEC2022/LA-KAIE-NoInteraction/inst09/run05.json", "runtime": 5.516403930000251, "best": 180.7812716777471}
2026-09-28T10:36:25.880843+00:00 {"status": "ok", "path": "/home/user/ADHD-EEG-Benchmark/la-kaie/results/raw/pilot/CEC2022/LA-KAIE-NoLandscape/inst09/run05.json", "runtime": 11.165504022000277, "best": 180.78127167774664}
2026-09-28T10:36:30.125810+00:00 {"status": "ok", "path": "/home/user/ADHD-EEG-Benchmark/la-kaie/results/raw/pilot/CEC2022/LA-KAIE-NoKnowledgeReward/inst09/run05.json", "runtime": 10.007571833999918, "best": 180.78127167774664}
2026-09-28T10:36:31.003255+00:00 {"status": "ok", "path": "/home/user/ADHD-EEG-Benchmark/la-kaie/results/raw/pilot/CEC2022/LA-KAIE-RandomExchange/inst09/run05.json", "runtime": 8.18299259100013, "best": 180.78127167774664}
2026-09-28T10:36:37.884135+00:00 {"status": "ok", "path": "/home/user/ADHD-EEG-Benchmark/la-kaie/results/raw/pilot/CEC2022/LA-KAIE-DimensionOnly/inst09/run05.json", "runtime": 16.47568008799999, "best": 180.78127167774664}
2026-09-28T10:36:42.899214+00:00 {"status": "ok", "path": "/home/user/ADHD-EEG-Benchmark/la-kaie/results/raw/pilot/CEC2022/LA-KAIE-FixedPolicy/inst09/run05.json", "runtime": 16.95155455000031, "best": 180.78127167774664}
2026-09-28T10:36:47.698156+00:00 {"status": "ok", "path": "/home/user/ADHD-EEG-Benchmark/la-kaie/results/raw/pilot/CEC2022/LA-KAIE-NoAdaptiveController/inst09/run05.json", "runtime": 17.4785162459998, "best": 180.7812716777471}
2026-09-28T10:36:49.402638+00:00 {"status": "ok", "path": "/home/user/ADHD-EEG-Benchmark/la-kaie/results/raw/pilot/CEC2022/LA-KAIE-Full/inst10/run01.json", "runtime": 11.471524832999876, "best": 100.63224576428729}
2026-09-28T10:36:49.967270+00:00 {"status": "ok", "path": "/home/user/ADHD-EEG-Benchmark/la-kaie/results/raw/pilot/CEC2022/LA-KAIE-NoLandscape/inst10/run01.json", "runtime": 7.037959032999879, "best": 100.73845898996069}
2026-09-28T10:36:51.521423+00:00 {"status": "ok", "path": "/home/user/ADHD-EEG-Benchmark/la-kaie/results/raw/pilot/CEC2022/MPHBS/inst10/run01.json", "runtime": 20.509512490999896, "best": 100.34109472111913}
2026-09-28T10:36:53.784737+00:00 {"status": "ok", "path": "/home/user/ADHD-EEG-Benchmark/la-kaie/results/raw/pilot/CEC2022/LA-KAIE-NoInteraction/inst10/run01.json", "runtime": 6.052968082999996, "best": 100.78561525961732}
2026-09-28T10:36:59.111138+00:00 {"status": "ok", "path": "/home/user/ADHD-EEG-Benchmark/la-kaie/results/raw/pilot/CEC2022/LA-KAIE-NoKnowledgeReward/inst10/run01.json", "runtime": 9.666832922999674, "best": 100.8673131545147}
2026-09-28T10:36:59.842169+00:00 {"status": "ok", "path": "/home/user/ADHD-EEG-Benchmark/la-kaie/results/raw/pilot/CEC2022/LA-KAIE-RandomExchange/inst10/run01.json", "runtime": 8.286688854999738, "best": 100.6497670643048}
2026-09-28T10:37:00.586579+00:00 {"status": "ok", "path": "/home/user/ADHD-EEG-Benchmark/la-kaie/results/raw/pilot/CEC2022/LA-KAIE-DimensionOnly/inst10/run01.json", "runtime": 10.585838213999978, "best": 100.64950880818424}
2026-09-28T10:37:10.255633+00:00 {"status": "ok", "path": "/home/user/ADHD-EEG-Benchmark/la-kaie/results/raw/pilot/CEC2022/LA-KAIE-FixedPolicy/inst10/run01.json", "runtime": 16.385984369999733, "best": 40.01265337110226}
2026-09-28T10:37:14.423689+00:00 {"status": "ok", "path": "/home/user/ADHD-EEG-Benchmark/la-kaie/results/raw/pilot/CEC2022/LA-KAIE-NoAdaptiveController/inst10/run01.json", "runtime": 15.230236817999867, "best": 100.39145437028856}
2026-09-28T10:37:14.447517+00:00 {"status": "ok", "path": "/home/user/ADHD-EEG-Benchmark/la-kaie/results/raw/pilot/CEC2022/LA-KAIE-Full/inst10/run02.json", "runtime": 13.81672156600007, "best": 288.1833144832017}
2026-09-28T10:37:15.953270+00:00 {"status": "ok", "path": "/home/user/ADHD-EEG-Benchmark/la-kaie/results/raw/pilot/CEC2022/LA-KAIE-NoLandscape/inst10/run02.json", "runtime": 5.6736589770002865, "best": 100.94718837797609}
2026-09-28T10:37:18.546614+00:00 {"status": "ok", "path": "/home/user/ADHD-EEG-Benchmark/la-kaie/results/raw/pilot/CEC2022/MPHBS/inst10/run02.json", "runtime": 18.694123807000324, "best": 100.38791625586828}
2026-09-28T10:37:19.481214+00:00 {"status": "ok", "path": "/home/user/ADHD-EEG-Benchmark/la-kaie/results/raw/pilot/CEC2022/LA-KAIE-NoInteraction/inst10/run02.json", "runtime": 5.033484589000182, "best": 101.01168353821686}
2026-09-28T10:37:20.974498+00:00 {"status": "ok", "path": "/home/user/ADHD-EEG-Benchmark/la-kaie/results/raw/pilot/CEC2022/LA-KAIE-NoKnowledgeReward/inst10/run02.json", "runtime": 6.498815996999838, "best": 100.66689344851011}
2026-09-28T10:37:25.150792+00:00 {"status": "ok", "path": "/home/user/ADHD-EEG-Benchmark/la-kaie/results/raw/pilot/CEC2022/LA-KAIE-DimensionOnly/inst10/run02.json", "runtime": 9.165441353000006, "best": 263.2604971926098}
2026-09-28T10:37:26.513220+00:00 {"status": "ok", "path": "/home/user/ADHD-EEG-Benchmark/la-kaie/results/raw/pilot/CEC2022/LA-KAIE-RandomExchange/inst10/run02.json", "runtime": 7.932402615999763, "best": 100.70648141630318}
2026-09-28T10:37:34.910499+00:00 {"status": "ok", "path": "/home/user/ADHD-EEG-Benchmark/la-kaie/results/raw/pilot/CEC2022/LA-KAIE-FixedPolicy/inst10/run02.json", "runtime": 15.372729588999846, "best": 9.39256513725104}
2026-09-28T10:37:36.436555+00:00 {"status": "ok", "path": "/home/user/ADHD-EEG-Benchmark/la-kaie/results/raw/pilot/CEC2022/LA-KAIE-NoAdaptiveController/inst10/run02.json", "runtime": 15.40610480100031, "best": 40.397090133532856}
2026-09-28T10:37:41.230085+00:00 {"status": "ok", "path": "/home/user/ADHD-EEG-Benchmark/la-kaie/results/raw/pilot/CEC2022/LA-KAIE-Full/inst10/run03.json", "runtime": 14.666221468000003, "best": 260.1030242458123}
2026-09-28T10:37:42.791609+00:00 {"status": "ok", "path": "/home/user/ADHD-EEG-Benchmark/la-kaie/results/raw/pilot/CEC2022/LA-KAIE-NoInteraction/inst10/run03.json", "runtime": 6.326811154000097, "best": 248.7974145860344}
2026-09-28T10:37:43.420262+00:00 {"status": "ok", "path": "/home/user/ADHD-EEG-Benchmark/la-kaie/results/raw/pilot/CEC2022/MPHBS/inst10/run03.json", "runtime": 18.260499025000172, "best": 1.9573773309148237}
2026-09-28T10:37:43.864594+00:00 {"status": "ok", "path": "/home/user/ADHD-EEG-Benchmark/la-kaie/results/raw/pilot/CEC2022/LA-KAIE-NoLandscape/inst10/run03.json", "runtime": 8.912585946000036, "best": 280.85257926239774}
2026-09-28T10:37:49.783605+00:00 {"status": "ok", "path": "/home/user/ADHD-EEG-Benchmark/la-kaie/results/raw/pilot/CEC2022/LA-KAIE-NoKnowledgeReward/inst10/run03.json", "runtime": 8.522945046000132, "best": 267.4535004070699}
2026-09-28T10:37:50.825650+00:00 {"status": "ok", "path": "/home/user/ADHD-EEG-Benchmark/la-kaie/results/raw/pilot/CEC2022/LA-KAIE-RandomExchange/inst10/run03.json", "runtime": 7.364174448000085, "best": 100.56990966508238}
2026-09-28T10:37:59.483691+00:00 {"status": "ok", "path": "/home/user/ADHD-EEG-Benchmark/la-kaie/results/raw/pilot/CEC2022/LA-KAIE-FixedPolicy/inst10/run03.json", "runtime": 15.557116574000247, "best": 100.60103301835443}
2026-09-28T10:37:59.692720+00:00 {"status": "ok", "path": "/home/user/ADHD-EEG-Benchmark/la-kaie/results/raw/pilot/CEC2022/LA-KAIE-DimensionOnly/inst10/run03.json", "runtime": 16.82298299299964, "best": 410.9390584452699}
2026-09-28T10:38:05.825214+00:00 {"status": "ok", "path": "/home/user/ADHD-EEG-Benchmark/la-kaie/results/raw/pilot/CEC2022/LA-KAIE-NoAdaptiveController/inst10/run03.json", "runtime": 15.982669995000379, "best": 100.53704238041018}
2026-09-28T10:38:08.055976+00:00 {"status": "ok", "path": "/home/user/ADHD-EEG-Benchmark/la-kaie/results/raw/pilot/CEC2022/LA-KAIE-NoLandscape/inst10/run04.json", "runtime": 8.337557866999305, "best": 101.16370684527192}
2026-09-28T10:38:09.343574+00:00 {"status": "ok", "path": "/home/user/ADHD-EEG-Benchmark/la-kaie/results/raw/pilot/CEC2022/MPHBS/inst10/run04.json", "runtime": 18.508833528000196, "best": 3.5400239915738894}
2026-09-28T10:38:11.612591+00:00 {"status": "ok", "path": "/home/user/ADHD-EEG-Benchmark/la-kaie/results/raw/pilot/CEC2022/LA-KAIE-NoInteraction/inst10/run04.json", "runtime": 5.757257625999955, "best": 100.63815717029001}
2026-09-28T10:38:11.868526+00:00 {"status": "ok", "path": "/home/user/ADHD-EEG-Benchmark/la-kaie/results/raw/pilot/CEC2022/LA-KAIE-Full/inst10/run04.json", "runtime": 12.335101771999689, "best": 100.9033307416662}
2026-09-28T10:38:13.597245+00:00 {"status": "ok", "path": "/home/user/ADHD-EEG-Benchmark/la-kaie/results/raw/pilot/CEC2022/LA-KAIE-NoKnowledgeReward/inst10/run04.json", "runtime": 5.5060260869995545, "best": 100.69220633893246}
2026-09-28T10:38:18.737576+00:00 {"status": "ok", "path": "/home/user/ADHD-EEG-Benchmark/la-kaie/results/raw/pilot/CEC2022/LA-KAIE-DimensionOnly/inst10/run04.json", "runtime": 9.35336699599975, "best": 100.71919580037002}
2026-09-28T10:38:19.978138+00:00 {"status": "ok", "path": "/home/user/ADHD-EEG-Benchmark/la-kaie/results/raw/pilot/CEC2022/LA-KAIE-RandomExchange/inst10/run04.json", "runtime": 8.328504670999791, "best": 100.86129533877602}
2026-09-28T10:38:28.201134+00:00 {"status": "ok", "path": "/home/user/ADHD-EEG-Benchmark/la-kaie/results/raw/pilot/CEC2022/LA-KAIE-FixedPolicy/inst10/run04.json", "runtime": 16.259686268000223, "best": 100.53437722941226}
2026-09-28T10:38:28.863812+00:00 {"status": "ok", "path": "/home/user/ADHD-EEG-Benchmark/la-kaie/results/raw/pilot/CEC2022/LA-KAIE-Full/inst10/run05.json", "runtime": 8.852386523999485, "best": 100.80163653606314}
2026-09-28T10:38:29.506020+00:00 {"status": "ok", "path": "/home/user/ADHD-EEG-Benchmark/la-kaie/results/raw/pilot/CEC2022/LA-KAIE-NoAdaptiveController/inst10/run04.json", "runtime": 15.829179014999681, "best": 100.54323574496766}
2026-09-28T10:38:34.791608+00:00 {"status": "ok", "path": "/home/user/ADHD-EEG-Benchmark/la-kaie/results/raw/pilot/CEC2022/LA-KAIE-NoInteraction/inst10/run05.json", "runtime": 5.896202529999755, "best": 101.09488973613406}
2026-09-28T10:38:37.130367+00:00 {"status": "ok", "path": "/home/user/ADHD-EEG-Benchmark/la-kaie/results/raw/pilot/CEC2022/LA-KAIE-NoKnowledgeReward/inst10/run05.json", "runtime": 7.599076200000127, "best": 100.69358624630286}
2026-09-28T10:38:37.227955+00:00 {"status": "ok", "path": "/home/user/ADHD-EEG-Benchmark/la-kaie/results/raw/pilot/CEC2022/LA-KAIE-NoLandscape/inst10/run05.json", "runtime": 8.988987787000042, "best": 100.98508577606617}
2026-09-28T10:38:39.655659+00:00 {"status": "ok", "path": "/home/user/ADHD-EEG-Benchmark/la-kaie/results/raw/pilot/CEC2022/MPHBS/inst10/run05.json", "runtime": 20.907644658999743, "best": 100.34990619391374}
2026-09-28T10:38:44.230477+00:00 {"status": "ok", "path": "/home/user/ADHD-EEG-Benchmark/la-kaie/results/raw/pilot/CEC2022/LA-KAIE-DimensionOnly/inst10/run05.json", "runtime": 9.410358281000299, "best": 100.83773365431762}
2026-09-28T10:38:46.599030+00:00 {"status": "ok", "path": "/home/user/ADHD-EEG-Benchmark/la-kaie/results/raw/pilot/CEC2022/LA-KAIE-RandomExchange/inst10/run05.json", "runtime": 9.425963749999937, "best": 100.92455005650618}
2026-09-28T10:38:54.251865+00:00 {"status": "ok", "path": "/home/user/ADHD-EEG-Benchmark/la-kaie/results/raw/pilot/CEC2022/LA-KAIE-FixedPolicy/inst10/run05.json", "runtime": 16.955963204, "best": 100.35527289581341}
2026-09-28T10:38:54.844879+00:00 {"status": "ok", "path": "/home/user/ADHD-EEG-Benchmark/la-kaie/results/raw/pilot/CEC2022/LA-KAIE-NoAdaptiveController/inst10/run05.json", "runtime": 15.12178289700023, "best": 100.61166200202433}
2026-09-28T10:38:58.601138+00:00 {"status": "ok", "path": "/home/user/ADHD-EEG-Benchmark/la-kaie/results/raw/pilot/CEC2022/LA-KAIE-Full/inst11/run01.json", "runtime": 11.958207505000246, "best": 400.0000000000009}
2026-09-28T10:39:00.757565+00:00 {"status": "ok", "path": "/home/user/ADHD-EEG-Benchmark/la-kaie/results/raw/pilot/CEC2022/LA-KAIE-NoInteraction/inst11/run01.json", "runtime": 5.892143734999991, "best": 400.00000000000136}
2026-09-28T10:39:02.045994+00:00 {"status": "ok", "path": "/home/user/ADHD-EEG-Benchmark/la-kaie/results/raw/pilot/CEC2022/MPHBS/inst11/run01.json", "runtime": 17.805624332999287, "best": 400.00000118214666}
2026-09-28T10:39:06.062865+00:00 {"status": "ok", "path": "/home/user/ADHD-EEG-Benchmark/la-kaie/results/raw/pilot/CEC2022/LA-KAIE-NoLandscape/inst11/run01.json", "runtime": 11.766214143999605, "best": 400.0000000000009}
2026-09-28T10:39:10.761849+00:00 {"status": "ok", "path": "/home/user/ADHD-EEG-Benchmark/la-kaie/results/raw/pilot/CEC2022/LA-KAIE-NoKnowledgeReward/inst11/run01.json", "runtime": 12.121475699999792, "best": 400.00000000000045}
2026-09-28T10:39:10.843611+00:00 {"status": "ok", "path": "/home/user/ADHD-EEG-Benchmark/la-kaie/results/raw/pilot/CEC2022/LA-KAIE-RandomExchange/inst11/run01.json", "runtime": 8.753681659999529, "best": 300.0000000000009}
2026-09-28T10:39:13.220197+00:00 {"status": "ok", "path": "/home/user/ADHD-EEG-Benchmark/la-kaie/results/raw/pilot/CEC2022/LA-KAIE-DimensionOnly/inst11/run01.json", "runtime": 12.415092952000123, "best": 300.0000000000009}
2026-09-28T10:39:21.700112+00:00 {"status": "ok", "path": "/home/user/ADHD-EEG-Benchmark/la-kaie/results/raw/pilot/CEC2022/LA-KAIE-FixedPolicy/inst11/run01.json", "runtime": 15.563841301999673, "best": 300.0000000000009}
2026-09-28T10:39:25.551785+00:00 {"status": "ok", "path": "/home/user/ADHD-EEG-Benchmark/la-kaie/results/raw/pilot/CEC2022/LA-KAIE-Full/inst11/run02.json", "runtime": 12.281879060000392, "best": 300.0000000000009}
2026-09-28T10:39:26.534688+00:00 {"status": "ok", "path": "/home/user/ADHD-EEG-Benchmark/la-kaie/results/raw/pilot/CEC2022/LA-KAIE-NoAdaptiveController/inst11/run01.json", "runtime": 15.705393148999974, "best": 300.00000000000045}
2026-09-28T10:39:29.756884+00:00 {"status": "ok", "path": "/home/user/ADHD-EEG-Benchmark/la-kaie/results/raw/pilot/CEC2022/MPHBS/inst11/run02.json", "runtime": 18.90340459900017, "best": 300.000000024349}
2026-09-28T10:39:33.210065+00:00 {"status": "ok", "path": "/home/user/ADHD-EEG-Benchmark/la-kaie/results/raw/pilot/CEC2022/LA-KAIE-NoInteraction/inst11/run02.json", "runtime": 7.625910464000299, "best": 300.0000000000009}
2026-09-28T10:39:33.670259+00:00 {"status": "ok", "path": "/home/user/ADHD-EEG-Benchmark/la-kaie/results/raw/pilot/CEC2022/LA-KAIE-NoLandscape/inst11/run02.json", "runtime": 11.921740191999561, "best": 300.0000000000009}
2026-09-28T10:39:37.210978+00:00 {"status": "ok", "path": "/home/user/ADHD-EEG-Benchmark/la-kaie/results/raw/pilot/CEC2022/LA-KAIE-NoKnowledgeReward/inst11/run02.json", "runtime": 10.640388522999274, "best": 300.0000000000009}
2026-09-28T10:39:43.072938+00:00 {"status": "ok", "path": "/home/user/ADHD-EEG-Benchmark/la-kaie/results/raw/pilot/CEC2022/LA-KAIE-RandomExchange/inst11/run02.json", "runtime": 9.824213222000253, "best": 300.0000000000009}
2026-09-28T10:39:44.081191+00:00 {"status": "ok", "path": "/home/user/ADHD-EEG-Benchmark/la-kaie/results/raw/pilot/CEC2022/LA-KAIE-DimensionOnly/inst11/run02.json", "runtime": 14.282018671000515, "best": 300.00000000000045}
2026-09-28T10:39:51.304166+00:00 {"status": "ok", "path": "/home/user/ADHD-EEG-Benchmark/la-kaie/results/raw/pilot/CEC2022/LA-KAIE-FixedPolicy/inst11/run02.json", "runtime": 17.56155758299974, "best": 300.00000000000045}
2026-09-28T10:39:53.428277+00:00 {"status": "ok", "path": "/home/user/ADHD-EEG-Benchmark/la-kaie/results/raw/pilot/CEC2022/LA-KAIE-NoAdaptiveController/inst11/run02.json", "runtime": 16.134637135000048, "best": 300.0000000000009}
2026-09-28T10:39:58.699588+00:00 {"status": "ok", "path": "/home/user/ADHD-EEG-Benchmark/la-kaie/results/raw/pilot/CEC2022/LA-KAIE-Full/inst11/run03.json", "runtime": 14.553769653000018, "best": 400.00000000000045}
2026-09-28T10:40:00.058235+00:00 {"status": "ok", "path": "/home/user/ADHD-EEG-Benchmark/la-kaie/results/raw/pilot/CEC2022/LA-KAIE-NoInteraction/inst11/run03.json", "runtime": 6.601624332999563, "best": 1.8189894035458565e-12}
2026-09-28T10:40:01.405401+00:00 {"status": "ok", "path": "/home/user/ADHD-EEG-Benchmark/la-kaie/results/raw/pilot/CEC2022/MPHBS/inst11/run03.json", "runtime": 18.321592956999666, "best": 300.0000003812129}
2026-09-28T10:40:01.900926+00:00 {"status": "ok", "path": "/home/user/ADHD-EEG-Benchmark/la-kaie/results/raw/pilot/CEC2022/LA-KAIE-NoLandscape/inst11/run03.json", "runtime": 10.553485493999688, "best": 300.0000000000009}
2026-09-28T10:40:07.552364+00:00 {"status": "ok", "path": "/home/user/ADHD-EEG-Benchmark/la-kaie/results/raw/pilot/CEC2022/LA-KAIE-NoKnowledgeReward/inst11/run03.json", "runtime": 8.827835586999754, "best": 300.0000000000009}
2026-09-28T10:40:10.604010+00:00 {"status": "ok", "path": "/home/user/ADHD-EEG-Benchmark/la-kaie/results/raw/pilot/CEC2022/LA-KAIE-RandomExchange/inst11/run03.json", "runtime": 9.160930578999796, "best": 400.00000000000045}
2026-09-28T10:40:12.802997+00:00 {"status": "ok", "path": "/home/user/ADHD-EEG-Benchmark/la-kaie/results/raw/pilot/CEC2022/LA-KAIE-DimensionOnly/inst11/run03.json", "runtime": 12.700404516999697, "best": 400.00000000000045}
2026-09-28T10:40:18.152119+00:00 {"status": "ok", "path": "/home/user/ADHD-EEG-Benchmark/la-kaie/results/raw/pilot/CEC2022/LA-KAIE-FixedPolicy/inst11/run03.json", "runtime": 16.187978199999634, "best": 300.0000000000009}
2026-09-28T10:40:23.549186+00:00 {"status": "ok", "path": "/home/user/ADHD-EEG-Benchmark/la-kaie/results/raw/pilot/CEC2022/LA-KAIE-NoAdaptiveController/inst11/run03.json", "runtime": 15.932326510000166, "best": 300.00000000000045}
2026-09-28T10:40:26.403198+00:00 {"status": "ok", "path": "/home/user/ADHD-EEG-Benchmark/la-kaie/results/raw/pilot/CEC2022/LA-KAIE-Full/inst11/run04.json", "runtime": 13.554303471999447, "best": 300.00000000000045}
2026-09-28T10:40:28.540980+00:00 {"status": "ok", "path": "/home/user/ADHD-EEG-Benchmark/la-kaie/results/raw/pilot/CEC2022/MPHBS/inst11/run04.json", "runtime": 17.926462094999806, "best": 300.0000000530699}
2026-09-28T10:40:30.306903+00:00 {"status": "ok", "path": "/home/user/ADHD-EEG-Benchmark/la-kaie/results/raw/pilot/CEC2022/LA-KAIE-NoLandscape/inst11/run04.json", "runtime": 12.10880133900082, "best": 300.0000000000009}
2026-09-28T10:40:30.540346+00:00 {"status": "ok", "path": "/home/user/ADHD-EEG-Benchmark/la-kaie/results/raw/pilot/CEC2022/LA-KAIE-NoInteraction/inst11/run04.json", "runtime": 6.9614213550003115, "best": 400.00000000000455}
2026-09-28T10:40:41.027754+00:00 {"status": "ok", "path": "/home/user/ADHD-EEG-Benchmark/la-kaie/results/raw/pilot/CEC2022/LA-KAIE-RandomExchange/inst11/run04.json", "runtime": 10.66178495999975, "best": 300.0000000000009}
2026-09-28T10:40:41.914390+00:00 {"status": "ok", "path": "/home/user/ADHD-EEG-Benchmark/la-kaie/results/raw/pilot/CEC2022/LA-KAIE-NoKnowledgeReward/inst11/run04.json", "runtime": 15.46897010900011, "best": 300.0000000000009}
2026-09-28T10:40:43.436486+00:00 {"status": "ok", "path": "/home/user/ADHD-EEG-Benchmark/la-kaie/results/raw/pilot/CEC2022/LA-KAIE-DimensionOnly/inst11/run04.json", "runtime": 14.847657129000254, "best": 300.0000000000009}
2026-09-28T10:40:48.664247+00:00 {"status": "ok", "path": "/home/user/ADHD-EEG-Benchmark/la-kaie/results/raw/pilot/CEC2022/LA-KAIE-FixedPolicy/inst11/run04.json", "runtime": 18.053578301000016, "best": 300.00000000000045}
2026-09-28T10:40:56.341190+00:00 {"status": "ok", "path": "/home/user/ADHD-EEG-Benchmark/la-kaie/results/raw/pilot/CEC2022/LA-KAIE-Full/inst11/run05.json", "runtime": 12.849865367999882, "best": 300.0000000000009}
2026-09-28T10:40:56.820173+00:00 {"status": "ok", "path": "/home/user/ADHD-EEG-Benchmark/la-kaie/results/raw/pilot/CEC2022/LA-KAIE-NoAdaptiveController/inst11/run04.json", "runtime": 15.736445991999972, "best": 300.0000000000009}
2026-09-28T10:40:59.116804+00:00 {"status": "ok", "path": "/home/user/ADHD-EEG-Benchmark/la-kaie/results/raw/pilot/CEC2022/LA-KAIE-NoLandscape/inst11/run05.json", "runtime": 10.411548185000356, "best": 300.00000000000045}
2026-09-28T10:40:59.820169+00:00 {"status": "ok", "path": "/home/user/ADHD-EEG-Benchmark/la-kaie/results/raw/pilot/CEC2022/MPHBS/inst11/run05.json", "runtime": 17.894104829999378, "best": 8.159804565366358e-08}
2026-09-28T10:41:03.068340+00:00 {"status": "ok", "path": "/home/user/ADHD-EEG-Benchmark/la-kaie/results/raw/pilot/CEC2022/LA-KAIE-NoInteraction/inst11/run05.json", "runtime": 6.691977780999878, "best": 400.0000000000009}
2026-09-28T10:41:05.986027+00:00 {"status": "ok", "path": "/home/user/ADHD-EEG-Benchmark/la-kaie/results/raw/pilot/CEC2022/LA-KAIE-NoKnowledgeReward/inst11/run05.json", "runtime": 9.135261388999425, "best": 400.0000000000009}
2026-09-28T10:41:09.039486+00:00 {"status": "ok", "path": "/home/user/ADHD-EEG-Benchmark/la-kaie/results/raw/pilot/CEC2022/LA-KAIE-RandomExchange/inst11/run05.json", "runtime": 9.179962735000117, "best": 1.3642420526593924e-12}
2026-09-28T10:41:11.593146+00:00 {"status": "ok", "path": "/home/user/ADHD-EEG-Benchmark/la-kaie/results/raw/pilot/CEC2022/LA-KAIE-DimensionOnly/inst11/run05.json", "runtime": 12.431613730000208, "best": 300.0000000000009}
2026-09-28T10:41:19.019514+00:00 {"status": "ok", "path": "/home/user/ADHD-EEG-Benchmark/la-kaie/results/raw/pilot/CEC2022/LA-KAIE-FixedPolicy/inst11/run05.json", "runtime": 15.876045799999702, "best": 300.03153235374884}
2026-09-28T10:41:21.629354+00:00 {"status": "ok", "path": "/home/user/ADHD-EEG-Benchmark/la-kaie/results/raw/pilot/CEC2022/LA-KAIE-NoAdaptiveController/inst11/run05.json", "runtime": 15.574839953000264, "best": 400.0000000000009}
2026-09-28T10:41:27.421063+00:00 {"status": "ok", "path": "/home/user/ADHD-EEG-Benchmark/la-kaie/results/raw/pilot/CEC2022/MPHBS/inst12/run01.json", "runtime": 18.34735322799952, "best": 243.82066863263117}
2026-09-28T10:41:28.402915+00:00 {"status": "ok", "path": "/home/user/ADHD-EEG-Benchmark/la-kaie/results/raw/pilot/CEC2022/LA-KAIE-NoInteraction/inst12/run01.json", "runtime": 6.74587083499955, "best": 239.92663987517744}
2026-09-28T10:41:28.531584+00:00 {"status": "ok", "path": "/home/user/ADHD-EEG-Benchmark/la-kaie/results/raw/pilot/CEC2022/LA-KAIE-Full/inst12/run01.json", "runtime": 16.884578282000803, "best": 267.52609881996386}
2026-09-28T10:41:30.441182+00:00 {"status": "ok", "path": "/home/user/ADHD-EEG-Benchmark/la-kaie/results/raw/pilot/CEC2022/LA-KAIE-NoLandscape/inst12/run01.json", "runtime": 11.385130061999917, "best": 245.27851924436527}
2026-09-28T10:41:36.663742+00:00 {"status": "ok", "path": "/home/user/ADHD-EEG-Benchmark/la-kaie/results/raw/pilot/CEC2022/LA-KAIE-RandomExchange/inst12/run01.json", "runtime": 8.09608286599996, "best": 235.65492041127527}
2026-09-28T10:41:38.549910+00:00 {"status": "ok", "path": "/home/user/ADHD-EEG-Benchmark/la-kaie/results/raw/pilot/CEC2022/LA-KAIE-NoKnowledgeReward/inst12/run01.json", "runtime": 11.094664211000236, "best": 274.07998029630016}
2026-09-28T10:41:41.110277+00:00 {"status": "ok", "path": "/home/user/ADHD-EEG-Benchmark/la-kaie/results/raw/pilot/CEC2022/LA-KAIE-DimensionOnly/inst12/run01.json", "runtime": 12.654933493000499, "best": 255.65885062356256}
2026-09-28T10:41:45.747844+00:00 {"status": "ok", "path": "/home/user/ADHD-EEG-Benchmark/la-kaie/results/raw/pilot/CEC2022/LA-KAIE-FixedPolicy/inst12/run01.json", "runtime": 15.24306895799964, "best": 254.10146441883808}
2026-09-28T10:41:53.515437+00:00 {"status": "ok", "path": "/home/user/ADHD-EEG-Benchmark/la-kaie/results/raw/pilot/CEC2022/LA-KAIE-NoAdaptiveController/inst12/run01.json", "runtime": 16.790093018000334, "best": 241.22370926813983}
2026-09-28T10:41:53.604820+00:00 {"status": "ok", "path": "/home/user/ADHD-EEG-Benchmark/la-kaie/results/raw/pilot/CEC2022/LA-KAIE-Full/inst12/run02.json", "runtime": 12.453731302000051, "best": 246.8565455649914}
2026-09-28T10:41:56.825882+00:00 {"status": "ok", "path": "/home/user/ADHD-EEG-Benchmark/la-kaie/results/raw/pilot/CEC2022/MPHBS/inst12/run02.json", "runtime": 18.26723424500051, "best": 237.68463263150534}
2026-09-28T10:41:58.936590+00:00 {"status": "ok", "path": "/home/user/ADHD-EEG-Benchmark/la-kaie/results/raw/pilot/CEC2022/LA-KAIE-NoLandscape/inst12/run02.json", "runtime": 13.14637540700005, "best": 246.169670965146}
2026-09-28T10:41:59.494109+00:00 {"status": "ok", "path": "/home/user/ADHD-EEG-Benchmark/la-kaie/results/raw/pilot/CEC2022/LA-KAIE-NoInteraction/inst12/run02.json", "runtime": 5.95260436100034, "best": 244.27410509237825}
2026-09-28T10:42:03.470991+00:00 {"status": "ok", "path": "/home/user/ADHD-EEG-Benchmark/la-kaie/results/raw/pilot/CEC2022/LA-KAIE-NoKnowledgeReward/inst12/run02.json", "runtime": 9.830600047000189, "best": 245.79604007746275}
2026-09-28T10:42:08.034510+00:00 {"status": "ok", "path": "/home/user/ADHD-EEG-Benchmark/la-kaie/results/raw/pilot/CEC2022/LA-KAIE-RandomExchange/inst12/run02.json", "runtime": 9.049023661999854, "best": 243.82421154980057}
2026-09-28T10:42:08.300237+00:00 {"status": "ok", "path": "/home/user/ADHD-EEG-Benchmark/la-kaie/results/raw/pilot/CEC2022/LA-KAIE-DimensionOnly/inst12/run02.json", "runtime": 11.433679712999947, "best": 250.43554618374765}
2026-09-28T10:42:16.228563+00:00 {"status": "ok", "path": "/home/user/ADHD-EEG-Benchmark/la-kaie/results/raw/pilot/CEC2022/LA-KAIE-FixedPolicy/inst12/run02.json", "runtime": 16.65986202899967, "best": 241.25439785776325}
2026-09-28T10:42:18.911564+00:00 {"status": "ok", "path": "/home/user/ADHD-EEG-Benchmark/la-kaie/results/raw/pilot/CEC2022/LA-KAIE-Full/inst12/run03.json", "runtime": 10.566194280000673, "best": 250.4511732944502}
2026-09-28T10:42:19.832314+00:00 {"status": "ok", "path": "/home/user/ADHD-EEG-Benchmark/la-kaie/results/raw/pilot/CEC2022/LA-KAIE-NoAdaptiveController/inst12/run02.json", "runtime": 16.301016549999986, "best": 241.25439785776325}
2026-09-28T10:42:24.852382+00:00 {"status": "ok", "path": "/home/user/ADHD-EEG-Benchmark/la-kaie/results/raw/pilot/CEC2022/LA-KAIE-NoInteraction/inst12/run03.json", "runtime": 5.9135100319999765, "best": 271.38133907892916}
2026-09-28T10:42:26.100660+00:00 {"status": "ok", "path": "/home/user/ADHD-EEG-Benchmark/la-kaie/results/raw/pilot/CEC2022/LA-KAIE-NoLandscape/inst12/run03.json", "runtime": 9.829887802000485, "best": 247.34433988592946}
2026-09-28T10:42:27.424350+00:00 {"status": "ok", "path": "/home/user/ADHD-EEG-Benchmark/la-kaie/results/raw/pilot/CEC2022/LA-KAIE-NoKnowledgeReward/inst12/run03.json", "runtime": 7.5459386319998885, "best": 250.45118484303612}
2026-09-28T10:42:27.935617+00:00 {"status": "ok", "path": "/home/user/ADHD-EEG-Benchmark/la-kaie/results/raw/pilot/CEC2022/MPHBS/inst12/run03.json", "runtime": 19.891300709999996, "best": 239.55716013579604}
2026-09-28T10:42:36.070515+00:00 {"status": "ok", "path": "/home/user/ADHD-EEG-Benchmark/la-kaie/results/raw/pilot/CEC2022/LA-KAIE-RandomExchange/inst12/run03.json", "runtime": 9.928981153999302, "best": 246.62787060026585}
2026-09-28T10:42:38.384487+00:00 {"status": "ok", "path": "/home/user/ADHD-EEG-Benchmark/la-kaie/results/raw/pilot/CEC2022/LA-KAIE-DimensionOnly/inst12/run03.json", "runtime": 13.479157468000267, "best": 243.25034889212884}
2026-09-28T10:42:44.910365+00:00 {"status": "ok", "path": "/home/user/ADHD-EEG-Benchmark/la-kaie/results/raw/pilot/CEC2022/LA-KAIE-FixedPolicy/inst12/run03.json", "runtime": 17.43070878599974, "best": 243.2503488921284}
2026-09-28T10:42:45.530503+00:00 {"status": "ok", "path": "/home/user/ADHD-EEG-Benchmark/la-kaie/results/raw/pilot/CEC2022/LA-KAIE-NoAdaptiveController/inst12/run03.json", "runtime": 17.523324906000198, "best": 243.25034889212884}
2026-09-28T10:42:49.379060+00:00 {"status": "ok", "path": "/home/user/ADHD-EEG-Benchmark/la-kaie/results/raw/pilot/CEC2022/LA-KAIE-Full/inst12/run04.json", "runtime": 10.958215570999528, "best": 245.3071719302393}
2026-09-28T10:42:51.782840+00:00 {"status": "ok", "path": "/home/user/ADHD-EEG-Benchmark/la-kaie/results/raw/pilot/CEC2022/LA-KAIE-NoInteraction/inst12/run04.json", "runtime": 6.221901242000058, "best": 243.1463976733421}
2026-09-28T10:42:54.593204+00:00 {"status": "ok", "path": "/home/user/ADHD-EEG-Benchmark/la-kaie/results/raw/pilot/CEC2022/MPHBS/inst12/run04.json", "runtime": 18.51402758400036, "best": 234.04108945830603}
2026-09-28T10:42:56.730240+00:00 {"status": "ok", "path": "/home/user/ADHD-EEG-Benchmark/la-kaie/results/raw/pilot/CEC2022/LA-KAIE-NoKnowledgeReward/inst12/run04.json", "runtime": 7.322647330000109, "best": 251.56173542283932}
2026-09-28T10:42:57.098405+00:00 {"status": "ok", "path": "/home/user/ADHD-EEG-Benchmark/la-kaie/results/raw/pilot/CEC2022/LA-KAIE-NoLandscape/inst12/run04.json", "runtime": 12.139886954000758, "best": 273.04420476199175}
2026-09-28T10:43:04.987327+00:00 {"status": "ok", "path": "/home/user/ADHD-EEG-Benchmark/la-kaie/results/raw/pilot/CEC2022/LA-KAIE-DimensionOnly/inst12/run04.json", "runtime": 13.147572703999685, "best": 244.6316750947517}
2026-09-28T10:43:05.747636+00:00 {"status": "ok", "path": "/home/user/ADHD-EEG-Benchmark/la-kaie/results/raw/pilot/CEC2022/LA-KAIE-RandomExchange/inst12/run04.json", "runtime": 11.08286804599993, "best": 243.55014207481872}
2026-09-28T10:43:16.275333+00:00 {"status": "ok", "path": "/home/user/ADHD-EEG-Benchmark/la-kaie/results/raw/pilot/CEC2022/LA-KAIE-FixedPolicy/inst12/run04.json", "runtime": 19.484343039999658, "best": 244.11931672612764}
2026-09-28T10:43:16.753505+00:00 {"status": "ok", "path": "/home/user/ADHD-EEG-Benchmark/la-kaie/results/raw/pilot/CEC2022/LA-KAIE-NoAdaptiveController/inst12/run04.json", "runtime": 19.596216030000505, "best": 244.43298018173027}
2026-09-28T10:43:21.972788+00:00 {"status": "ok", "path": "/home/user/ADHD-EEG-Benchmark/la-kaie/results/raw/pilot/CEC2022/LA-KAIE-Full/inst12/run05.json", "runtime": 16.18634624400056, "best": 256.510340139399}
2026-09-28T10:43:22.957044+00:00 {"status": "ok", "path": "/home/user/ADHD-EEG-Benchmark/la-kaie/results/raw/pilot/CEC2022/LA-KAIE-NoInteraction/inst12/run05.json", "runtime": 6.176710941999772, "best": 267.9648231805254}
2026-09-28T10:43:24.853912+00:00 {"status": "ok", "path": "/home/user/ADHD-EEG-Benchmark/la-kaie/results/raw/pilot/CEC2022/MPHBS/inst12/run05.json", "runtime": 19.857633545999306, "best": 245.22639710052226}
2026-09-28T10:43:24.991337+00:00 {"status": "ok", "path": "/home/user/ADHD-EEG-Benchmark/la-kaie/results/raw/pilot/CEC2022/LA-KAIE-NoLandscape/inst12/run05.json", "runtime": 8.680693137000162, "best": 250.2514069967092}
2026-09-28T10:43:30.143408+00:00 {"status": "ok", "path": "/home/user/ADHD-EEG-Benchmark/la-kaie/results/raw/pilot/CEC2022/LA-KAIE-NoKnowledgeReward/inst12/run05.json", "runtime": 8.139632291999988, "best": 252.9989402580909}
2026-09-28T10:43:33.675771+00:00 {"status": "ok", "path": "/home/user/ADHD-EEG-Benchmark/la-kaie/results/raw/pilot/CEC2022/LA-KAIE-RandomExchange/inst12/run05.json", "runtime": 8.770291809999435, "best": 248.31474375102925}
2026-09-28T10:43:35.051806+00:00 {"status": "ok", "path": "/home/user/ADHD-EEG-Benchmark/la-kaie/results/raw/pilot/CEC2022/LA-KAIE-DimensionOnly/inst12/run05.json", "runtime": 12.051208330000009, "best": 262.39913765561187}
2026-09-28T10:43:35.999687+00:00 {"status": "ok", "path": "/home/user/ADHD-EEG-Benchmark/la-kaie/results/raw/pilot/CEC2022/HBA/inst01/run01.json", "runtime": 2.30672305600001, "best": 4.393655217427295e-09}
2026-09-28T10:43:36.179644+00:00 {"status": "ok", "path": "/home/user/ADHD-EEG-Benchmark/la-kaie/results/raw/pilot/CEC2022/MPA/inst01/run01.json", "runtime": 1.1069961979992513, "best": 2.5842839761480718e-05}
2026-09-28T10:43:37.505803+00:00 {"status": "ok", "path": "/home/user/ADHD-EEG-Benchmark/la-kaie/results/raw/pilot/CEC2022/MPHB/inst01/run01.json", "runtime": 1.4847761840001112, "best": 0.0010181812251630618}
2026-09-28T10:43:38.110111+00:00 {"status": "ok", "path": "/home/user/ADHD-EEG-Benchmark/la-kaie/results/raw/pilot/CEC2022/HBA/inst01/run02.json", "runtime": 1.9169966620002015, "best": 3.02009084407473e-10}
2026-09-28T10:43:38.613740+00:00 {"status": "ok", "path": "/home/user/ADHD-EEG-Benchmark/la-kaie/results/raw/pilot/CEC2022/MPA/inst01/run02.json", "runtime": 1.0982264080003006, "best": 0.00022344465753576515}
2026-09-28T10:43:39.429333+00:00 {"status": "ok", "path": "/home/user/ADHD-EEG-Benchmark/la-kaie/results/raw/pilot/CEC2022/MPHB/inst01/run02.json", "runtime": 1.3115794040004403, "best": 0.001561926383374157}
2026-09-28T10:43:40.569791+00:00 {"status": "ok", "path": "/home/user/ADHD-EEG-Benchmark/la-kaie/results/raw/pilot/CEC2022/HBA/inst01/run03.json", "runtime": 1.9364998399996693, "best": 3.2124912650033366e-06}
2026-09-28T10:43:40.648655+00:00 {"status": "ok", "path": "/home/user/ADHD-EEG-Benchmark/la-kaie/results/raw/pilot/CEC2022/MPA/inst01/run03.json", "runtime": 1.2089256950002891, "best": 0.00030260948932436804}
2026-09-28T10:43:42.278951+00:00 {"status": "ok", "path": "/home/user/ADHD-EEG-Benchmark/la-kaie/results/raw/pilot/CEC2022/MPHB/inst01/run03.json", "runtime": 1.7014046080003027, "best": 6.2578303356986e-05}
2026-09-28T10:43:42.281206+00:00 {"status": "ok", "path": "/home/user/ADHD-EEG-Benchmark/la-kaie/results/raw/pilot/CEC2022/LA-KAIE-FixedPolicy/inst12/run05.json", "runtime": 17.224191445000542, "best": 244.9727146220307}
2026-09-28T10:43:42.712065+00:00 {"status": "ok", "path": "/home/user/ADHD-EEG-Benchmark/la-kaie/results/raw/pilot/CEC2022/HBA/inst01/run04.json", "runtime": 2.045418654000059, "best": 1.1939960131712724e-09}
2026-09-28T10:43:43.342387+00:00 {"status": "ok", "path": "/home/user/ADHD-EEG-Benchmark/la-kaie/results/raw/pilot/CEC2022/MPA/inst01/run04.json", "runtime": 1.0498765649999768, "best": 2.484850142536743e-05}
2026-09-28T10:43:43.400882+00:00 {"status": "ok", "path": "/home/user/ADHD-EEG-Benchmark/la-kaie/results/raw/pilot/CEC2022/MPHB/inst01/run04.json", "runtime": 1.1108161259999179, "best": 2.635173200360441e-05}
2026-09-28T10:43:44.487729+00:00 {"status": "ok", "path": "/home/user/ADHD-EEG-Benchmark/la-kaie/results/raw/pilot/CEC2022/MPA/inst01/run05.json", "runtime": 1.1352460449998034, "best": 0.0002118668560910919}
2026-09-28T10:43:44.669993+00:00 {"status": "ok", "path": "/home/user/ADHD-EEG-Benchmark/la-kaie/results/raw/pilot/CEC2022/HBA/inst01/run05.json", "runtime": 1.9403757890004272, "best": 2.9336888474063016e-10}
2026-09-28T10:43:44.853049+00:00 {"status": "ok", "path": "/home/user/ADHD-EEG-Benchmark/la-kaie/results/raw/pilot/CEC2022/MPHB/inst01/run05.json", "runtime": 1.4442064569993818, "best": 0.0015947307979331526}
2026-09-28T10:43:45.743677+00:00 {"status": "ok", "path": "/home/user/ADHD-EEG-Benchmark/la-kaie/results/raw/pilot/CEC2022/MPA/inst02/run01.json", "runtime": 1.0469695490000959, "best": 0.7675625485996989}
2026-09-28T10:43:46.115204+00:00 {"status": "ok", "path": "/home/user/ADHD-EEG-Benchmark/la-kaie/results/raw/pilot/CEC2022/HBA/inst02/run01.json", "runtime": 1.6108279030004269, "best": 44.89546931745156}
2026-09-28T10:43:46.220047+00:00 {"status": "ok", "path": "/home/user/ADHD-EEG-Benchmark/la-kaie/results/raw/pilot/CEC2022/MPHB/inst02/run01.json", "runtime": 1.358224990999588, "best": 49.08447930250776}
2026-09-28T10:43:47.064567+00:00 {"status": "ok", "path": "/home/user/ADHD-EEG-Benchmark/la-kaie/results/raw/pilot/CEC2022/MPA/inst02/run02.json", "runtime": 0.9399181110002246, "best": 49.084479438250696}
2026-09-28T10:43:47.279310+00:00 {"status": "ok", "path": "/home/user/ADHD-EEG-Benchmark/la-kaie/results/raw/pilot/CEC2022/MPHB/inst02/run02.json", "runtime": 1.0517663300006461, "best": 0.009533661572561414}
2026-09-28T10:43:47.359816+00:00 {"status": "ok", "path": "/home/user/ADHD-EEG-Benchmark/la-kaie/results/raw/pilot/CEC2022/HBA/inst02/run02.json", "runtime": 1.5997308580008394, "best": 49.08447897953522}
2026-09-28T10:43:48.131607+00:00 {"status": "ok", "path": "/home/user/ADHD-EEG-Benchmark/la-kaie/results/raw/pilot/CEC2022/LA-KAIE-NoAdaptiveController/inst12/run05.json", "runtime": 17.92270494100012, "best": 235.00932102275556}
2026-09-28T10:43:48.184537+00:00 {"status": "ok", "path": "/home/user/ADHD-EEG-Benchmark/la-kaie/results/raw/pilot/CEC2022/MPA/inst02/run03.json", "runtime": 0.8954869910003254, "best": 4.198623173579108e-07}
2026-09-28T10:43:48.527204+00:00 {"status": "ok", "path": "/home/user/ADHD-EEG-Benchmark/la-kaie/results/raw/pilot/CEC2022/MPHB/inst02/run03.json", "runtime": 1.1542160859999058, "best": 49.08448016121258}
2026-09-28T10:43:48.746223+00:00 {"status": "ok", "path": "/home/user/ADHD-EEG-Benchmark/la-kaie/results/raw/pilot/CEC2022/HBA/inst02/run03.json", "runtime": 1.6649163080001017, "best": 44.89546931745224}
2026-09-28T10:43:49.193849+00:00 {"status": "ok", "path": "/home/user/ADHD-EEG-Benchmark/la-kaie/results/raw/pilot/CEC2022/MPA/inst02/run04.json", "runtime": 0.9994752599995991, "best": 44.895470109446364}
2026-09-28T10:43:49.950544+00:00 {"status": "ok", "path": "/home/user/ADHD-EEG-Benchmark/la-kaie/results/raw/pilot/CEC2022/MPHB/inst02/run04.json", "runtime": 1.4147053380002035, "best": 28.935609709841174}
2026-09-28T10:43:50.171602+00:00 {"status": "ok", "path": "/home/user/ADHD-EEG-Benchmark/la-kaie/results/raw/pilot/CEC2022/HBA/inst02/run04.json", "runtime": 2.0123139490005997, "best": 49.084478979556366}
2026-09-28T10:43:50.205229+00:00 {"status": "ok", "path": "/home/user/ADHD-EEG-Benchmark/la-kaie/results/raw/pilot/CEC2022/MPA/inst02/run05.json", "runtime": 0.9994686489999367, "best": 0.12807563170741787}
2026-09-28T10:43:50.612382+00:00 {"status": "ok", "path": "/home/user/ADHD-EEG-Benchmark/la-kaie/results/raw/pilot/CEC2022/HBA/inst02/run05.json", "runtime": 1.8435132029999295, "best": 49.08447897949469}
2026-09-28T10:43:51.227039+00:00 {"status": "ok", "path": "/home/user/ADHD-EEG-Benchmark/la-kaie/results/raw/pilot/CEC2022/MPHB/inst02/run05.json", "runtime": 1.2682290479997391, "best": 6.098178989049245}
2026-09-28T10:43:51.725454+00:00 {"status": "ok", "path": "/home/user/ADHD-EEG-Benchmark/la-kaie/results/raw/pilot/CEC2022/MPA/inst03/run01.json", "runtime": 1.510962090999783, "best": 0.0018719404356488667}
2026-09-28T10:43:52.330542+00:00 {"status": "ok", "path": "/home/user/ADHD-EEG-Benchmark/la-kaie/results/raw/pilot/CEC2022/MPHB/inst03/run01.json", "runtime": 1.7097724550003477, "best": 0.03139891975172304}
2026-09-28T10:43:52.489225+00:00 {"status": "ok", "path": "/home/user/ADHD-EEG-Benchmark/la-kaie/results/raw/pilot/CEC2022/HBA/inst03/run01.json", "runtime": 2.304611542999737, "best": 0.35227175220722984}
2026-09-28T10:43:53.284496+00:00 {"status": "ok", "path": "/home/user/ADHD-EEG-Benchmark/la-kaie/results/raw/pilot/CEC2022/MPA/inst03/run02.json", "runtime": 1.5499449999997523, "best": 0.0023009275184904254}
2026-09-28T10:43:53.707641+00:00 {"status": "ok", "path": "/home/user/ADHD-EEG-Benchmark/la-kaie/results/raw/pilot/CEC2022/HBA/inst03/run02.json", "runtime": 2.4495116940006483, "best": 0.05295367064900347}
2026-09-28T10:43:54.363805+00:00 {"status": "ok", "path": "/home/user/ADHD-EEG-Benchmark/la-kaie/results/raw/pilot/CEC2022/MPHB/inst03/run02.json", "runtime": 2.0247773669998423, "best": 0.03338454121660561}
2026-09-28T10:43:54.944028+00:00 {"status": "ok", "path": "/home/user/ADHD-EEG-Benchmark/la-kaie/results/raw/pilot/CEC2022/HBA/inst03/run03.json", "runtime": 2.4372845059997417, "best": 0.002348798831349086}
2026-09-28T10:43:55.054300+00:00 {"status": "ok", "path": "/home/user/ADHD-EEG-Benchmark/la-kaie/results/raw/pilot/CEC2022/MPA/inst03/run03.json", "runtime": 1.7598954020004385, "best": 0.00043060461689492513}
2026-09-28T10:43:55.901679+00:00 {"status": "ok", "path": "/home/user/ADHD-EEG-Benchmark/la-kaie/results/raw/pilot/CEC2022/MPHB/inst03/run03.json", "runtime": 2.1901581470001474, "best": 0.006303027672515782}
2026-09-28T10:43:56.655605+00:00 {"status": "ok", "path": "/home/user/ADHD-EEG-Benchmark/la-kaie/results/raw/pilot/CEC2022/HBA/inst03/run04.json", "runtime": 2.2680656990005446, "best": 0.028599776710166225}
2026-09-28T10:43:56.675298+00:00 {"status": "ok", "path": "/home/user/ADHD-EEG-Benchmark/la-kaie/results/raw/pilot/CEC2022/MPA/inst03/run04.json", "runtime": 1.7194186789993182, "best": 0.004417573395471663}
2026-09-28T10:43:56.775664+00:00 {"status": "ok", "path": "/home/user/ADHD-EEG-Benchmark/la-kaie/results/raw/pilot/CEC2022/MPHB/inst03/run04.json", "runtime": 1.7038938710002185, "best": 0.002540149516448764}
2026-09-28T10:43:58.355428+00:00 {"status": "ok", "path": "/home/user/ADHD-EEG-Benchmark/la-kaie/results/raw/pilot/CEC2022/MPA/inst03/run05.json", "runtime": 1.6896941549994153, "best": 0.0020759608825073883}
2026-09-28T10:43:58.366503+00:00 {"status": "ok", "path": "/home/user/ADHD-EEG-Benchmark/la-kaie/results/raw/pilot/CEC2022/HBA/inst03/run05.json", "runtime": 2.443730671000594, "best": 0.9307269940032938}
2026-09-28T10:43:58.510786+00:00 {"status": "ok", "path": "/home/user/ADHD-EEG-Benchmark/la-kaie/results/raw/pilot/CEC2022/MPHB/inst03/run05.json", "runtime": 1.8229459920003137, "best": 0.004699200353229571}
2026-09-28T10:43:58.792734+00:00 {"status": "ok", "path": "/home/user/ADHD-EEG-Benchmark/la-kaie/results/raw/pilot/CEC2022/HBA/inst04/run01.json", "runtime": 1.9982888059994366, "best": 65.66710587550654}
2026-09-28T10:43:59.568241+00:00 {"status": "ok", "path": "/home/user/ADHD-EEG-Benchmark/la-kaie/results/raw/pilot/CEC2022/MPA/inst04/run01.json", "runtime": 1.195929308999439, "best": 31.838659655972492}
2026-09-28T10:43:59.979593+00:00 {"status": "ok", "path": "/home/user/ADHD-EEG-Benchmark/la-kaie/results/raw/pilot/CEC2022/MPHB/inst04/run01.json", "runtime": 1.599113567999666, "best": 57.70759727836685}
2026-09-28T10:44:00.091676+00:00 {"status": "ok", "path": "/home/user/ADHD-EEG-Benchmark/la-kaie/results/raw/pilot/CEC2022/MPA/inst04/run02.json", "runtime": 1.2884153840004728, "best": 40.79322849189509}
2026-09-28T10:44:00.754414+00:00 {"status": "ok", "path": "/home/user/ADHD-EEG-Benchmark/la-kaie/results/raw/pilot/CEC2022/HBA/inst04/run02.json", "runtime": 2.2266689580001184, "best": 58.70240255149167}
2026-09-28T10:44:00.862337+00:00 {"status": "ok", "path": "/home/user/ADHD-EEG-Benchmark/la-kaie/results/raw/pilot/CEC2022/MPHB/inst04/run02.json", "runtime": 1.2848720330002834, "best": 38.803261757622295}
2026-09-28T10:44:01.242586+00:00 {"status": "ok", "path": "/home/user/ADHD-EEG-Benchmark/la-kaie/results/raw/pilot/CEC2022/MPA/inst04/run03.json", "runtime": 1.1291448470001342, "best": 37.808389104969706}
2026-09-28T10:44:01.995380+00:00 {"status": "ok", "path": "/home/user/ADHD-EEG-Benchmark/la-kaie/results/raw/pilot/CEC2022/HBA/inst04/run03.json", "runtime": 1.9994585780004854, "best": 96.51072059380738}
2026-09-28T10:44:02.085309+00:00 {"status": "ok", "path": "/home/user/ADHD-EEG-Benchmark/la-kaie/results/raw/pilot/CEC2022/MPHB/inst04/run03.json", "runtime": 1.3234007780001775, "best": 27.85881772377695}
2026-09-28T10:44:02.318032+00:00 {"status": "ok", "path": "/home/user/ADHD-EEG-Benchmark/la-kaie/results/raw/pilot/CEC2022/MPA/inst04/run04.json", "runtime": 1.0660968689999208, "best": 49.747806410346584}
2026-09-28T10:44:03.058415+00:00 {"status": "ok", "path": "/home/user/ADHD-EEG-Benchmark/la-kaie/results/raw/pilot/CEC2022/HBA/inst04/run04.json", "runtime": 2.159528042999227, "best": 43.77805200526427}
2026-09-28T10:44:03.465653+00:00 {"status": "ok", "path": "/home/user/ADHD-EEG-Benchmark/la-kaie/results/raw/pilot/CEC2022/MPA/inst04/run05.json", "runtime": 1.134257300000172, "best": 44.77305691640663}
2026-09-28T10:44:03.514468+00:00 {"status": "ok", "path": "/home/user/ADHD-EEG-Benchmark/la-kaie/results/raw/pilot/CEC2022/MPHB/inst04/run04.json", "runtime": 1.5064563850000923, "best": 33.828558062805314}
2026-09-28T10:44:04.009827+00:00 {"status": "ok", "path": "/home/user/ADHD-EEG-Benchmark/la-kaie/results/raw/pilot/CEC2022/HBA/inst04/run05.json", "runtime": 1.9091921210001601, "best": 81.58637508539869}
2026-09-28T10:44:04.634012+00:00 {"status": "ok", "path": "/home/user/ADHD-EEG-Benchmark/la-kaie/results/raw/pilot/CEC2022/MPHB/inst04/run05.json", "runtime": 1.5698382939999647, "best": 31.83864473650874}
2026-09-28T10:44:04.835536+00:00 {"status": "ok", "path": "/home/user/ADHD-EEG-Benchmark/la-kaie/results/raw/pilot/CEC2022/MPA/inst05/run01.json", "runtime": 1.3106545929995264, "best": 2.4506632675917217}
2026-09-28T10:44:05.513974+00:00 {"status": "ok", "path": "/home/user/ADHD-EEG-Benchmark/la-kaie/results/raw/pilot/CEC2022/MPHB/inst05/run01.json", "runtime": 1.460209935000421, "best": 20.95054840568048}
2026-09-28T10:44:05.727385+00:00 {"status": "ok", "path": "/home/user/ADHD-EEG-Benchmark/la-kaie/results/raw/pilot/CEC2022/HBA/inst05/run01.json", "runtime": 2.2234177229993293, "best": 661.2155658663391}
2026-09-28T10:44:05.918046+00:00 {"status": "ok", "path": "/home/user/ADHD-EEG-Benchmark/la-kaie/results/raw/pilot/CEC2022/MPA/inst05/run02.json", "runtime": 1.0725262900004964, "best": 5.358858144910414}
2026-09-28T10:44:06.748406+00:00 {"status": "ok", "path": "/home/user/ADHD-EEG-Benchmark/la-kaie/results/raw/pilot/CEC2022/HBA/inst05/run02.json", "runtime": 2.0954134900002828, "best": 564.4076608413752}
2026-09-28T10:44:07.051785+00:00 {"status": "ok", "path": "/home/user/ADHD-EEG-Benchmark/la-kaie/results/raw/pilot/CEC2022/MPHB/inst05/run02.json", "runtime": 1.5326733609999792, "best": 9.997411356986618}
2026-09-28T10:44:07.126327+00:00 {"status": "ok", "path": "/home/user/ADHD-EEG-Benchmark/la-kaie/results/raw/pilot/CEC2022/MPA/inst05/run03.json", "runtime": 1.1754618550003215, "best": 162.90889687581466}
2026-09-28T10:44:07.496124+00:00 {"status": "ok", "path": "/home/user/ADHD-EEG-Benchmark/la-kaie/results/raw/pilot/CEC2022/HBA/inst05/run03.json", "runtime": 1.740467329999774, "best": 110.82442691998085}
2026-09-28T10:44:08.296558+00:00 {"status": "ok", "path": "/home/user/ADHD-EEG-Benchmark/la-kaie/results/raw/pilot/CEC2022/MPHB/inst05/run03.json", "runtime": 1.5403636190003454, "best": 23.765136037815296}
2026-09-28T10:44:08.323557+00:00 {"status": "ok", "path": "/home/user/ADHD-EEG-Benchmark/la-kaie/results/raw/pilot/CEC2022/MPA/inst05/run04.json", "runtime": 1.1873555450001732, "best": 37.5897583563501}
2026-09-28T10:44:08.947671+00:00 {"status": "ok", "path": "/home/user/ADHD-EEG-Benchmark/la-kaie/results/raw/pilot/CEC2022/MPHB/inst05/run04.json", "runtime": 1.4305182439993587, "best": 2.726113823041601}
2026-09-28T10:44:09.075966+00:00 {"status": "ok", "path": "/home/user/ADHD-EEG-Benchmark/la-kaie/results/raw/pilot/CEC2022/HBA/inst05/run04.json", "runtime": 1.9988375809998615, "best": 721.5563204336188}
2026-09-28T10:44:09.474503+00:00 {"status": "ok", "path": "/home/user/ADHD-EEG-Benchmark/la-kaie/results/raw/pilot/CEC2022/MPA/inst05/run05.json", "runtime": 1.1399475919997712, "best": 11.212148099563706}
2026-09-28T10:44:10.101742+00:00 {"status": "ok", "path": "/home/user/ADHD-EEG-Benchmark/la-kaie/results/raw/pilot/CEC2022/HBA/inst05/run05.json", "runtime": 1.7870740829994247, "best": 398.5836739783872}
2026-09-28T10:44:10.327130+00:00 {"status": "ok", "path": "/home/user/ADHD-EEG-Benchmark/la-kaie/results/raw/pilot/CEC2022/MPHB/inst05/run05.json", "runtime": 1.3797239799996532, "best": 42.132591548894425}
2026-09-28T10:44:10.439317+00:00 {"status": "ok", "path": "/home/user/ADHD-EEG-Benchmark/la-kaie/results/raw/pilot/CEC2022/MPA/inst06/run01.json", "runtime": 0.9496122929995181, "best": 13.215210632416529}
2026-09-28T10:44:10.981144+00:00 {"status": "ok", "path": "/home/user/ADHD-EEG-Benchmark/la-kaie/results/raw/pilot/CEC2022/HBA/inst06/run01.json", "runtime": 1.866672230000404, "best": 12381.847157676188}
2026-09-28T10:44:11.302515+00:00 {"status": "ok", "path": "/home/user/ADHD-EEG-Benchmark/la-kaie/results/raw/pilot/CEC2022/MPA/inst06/run02.json", "runtime": 0.854220845000782, "best": 2.5813689152646475}
2026-09-28T10:44:11.328104+00:00 {"status": "ok", "path": "/home/user/ADHD-EEG-Benchmark/la-kaie/results/raw/pilot/CEC2022/MPHB/inst06/run01.json", "runtime": 1.219167025000388, "best": 8.248729207813994}
2026-09-28T10:44:12.178444+00:00 {"status": "ok", "path": "/home/user/ADHD-EEG-Benchmark/la-kaie/results/raw/pilot/CEC2022/MPHB/inst06/run02.json", "runtime": 1.1888813839996146, "best": 14.278431666673896}
2026-09-28T10:44:12.230448+00:00 {"status": "ok", "path": "/home/user/ADHD-EEG-Benchmark/la-kaie/results/raw/pilot/CEC2022/HBA/inst06/run02.json", "runtime": 1.8832154339997942, "best": 624.4092096366394}
2026-09-28T10:44:12.373839+00:00 {"status": "ok", "path": "/home/user/ADHD-EEG-Benchmark/la-kaie/results/raw/pilot/CEC2022/MPA/inst06/run03.json", "runtime": 1.037037252999653, "best": 6.939234948926696}
2026-09-28T10:44:13.276882+00:00 {"status": "ok", "path": "/home/user/ADHD-EEG-Benchmark/la-kaie/results/raw/pilot/CEC2022/HBA/inst06/run03.json", "runtime": 1.953072106000036, "best": 439.3779288636897}
2026-09-28T10:44:13.529260+00:00 {"status": "ok", "path": "/home/user/ADHD-EEG-Benchmark/la-kaie/results/raw/pilot/CEC2022/MPA/inst06/run04.json", "runtime": 1.1467366750002839, "best": 21.58343618374738}
2026-09-28T10:44:13.697316+00:00 {"status": "ok", "path": "/home/user/ADHD-EEG-Benchmark/la-kaie/results/raw/pilot/CEC2022/MPHB/inst06/run03.json", "runtime": 1.5076905969999643, "best": 31.029014384033644}
2026-09-28T10:44:14.125803+00:00 {"status": "ok", "path": "/home/user/ADHD-EEG-Benchmark/la-kaie/results/raw/pilot/CEC2022/HBA/inst06/run04.json", "runtime": 1.8760452579999765, "best": 2523.8755625867607}
2026-09-28T10:44:14.724575+00:00 {"status": "ok", "path": "/home/user/ADHD-EEG-Benchmark/la-kaie/results/raw/pilot/CEC2022/MPHB/inst06/run04.json", "runtime": 1.439783585999976, "best": 15.026535720162428}
2026-09-28T10:44:14.749778+00:00 {"status": "ok", "path": "/home/user/ADHD-EEG-Benchmark/la-kaie/results/raw/pilot/CEC2022/MPA/inst06/run05.json", "runtime": 1.0432438990001174, "best": 28.292992171024025}
2026-09-28T10:44:15.283815+00:00 {"status": "ok", "path": "/home/user/ADHD-EEG-Benchmark/la-kaie/results/raw/pilot/CEC2022/MPHB/inst06/run05.json", "runtime": 1.1378248940000049, "best": 18.176189829413943}
2026-09-28T10:44:15.330562+00:00 {"status": "ok", "path": "/home/user/ADHD-EEG-Benchmark/la-kaie/results/raw/pilot/CEC2022/HBA/inst06/run05.json", "runtime": 1.7839046529998086, "best": 407.60112828317097}
2026-09-28T10:44:16.561483+00:00 {"status": "ok", "path": "/home/user/ADHD-EEG-Benchmark/la-kaie/results/raw/pilot/CEC2022/MPA/inst07/run01.json", "runtime": 1.8023474940000597, "best": 22.61928482351641}
2026-09-28T10:44:17.292002+00:00 {"status": "ok", "path": "/home/user/ADHD-EEG-Benchmark/la-kaie/results/raw/pilot/CEC2022/MPHB/inst07/run01.json", "runtime": 2.006920044999788, "best": 27.31827201629062}
2026-09-28T10:44:17.487693+00:00 {"status": "ok", "path": "/home/user/ADHD-EEG-Benchmark/la-kaie/results/raw/pilot/CEC2022/HBA/inst07/run01.json", "runtime": 2.7402194140004212, "best": 24.112220771781267}
2026-09-28T10:44:18.032310+00:00 {"status": "ok", "path": "/home/user/ADHD-EEG-Benchmark/la-kaie/results/raw/pilot/CEC2022/HBA/inst07/run02.json", "runtime": 2.6843076249997466, "best": 38.591844767407565}
2026-09-28T10:44:18.425339+00:00 {"status": "ok", "path": "/home/user/ADHD-EEG-Benchmark/la-kaie/results/raw/pilot/CEC2022/MPA/inst07/run02.json", "runtime": 1.8549116009999125, "best": 26.592806411833408}
2026-09-28T10:44:19.251683+00:00 {"status": "ok", "path": "/home/user/ADHD-EEG-Benchmark/la-kaie/results/raw/pilot/CEC2022/MPHB/inst07/run02.json", "runtime": 1.9509761890003574, "best": 21.339462023322994}
2026-09-28T10:44:19.900003+00:00 {"status": "ok", "path": "/home/user/ADHD-EEG-Benchmark/la-kaie/results/raw/pilot/CEC2022/MPA/inst07/run03.json", "runtime": 1.8592385520005337, "best": 20.31317726414545}
2026-09-28T10:44:20.021823+00:00 {"status": "ok", "path": "/home/user/ADHD-EEG-Benchmark/la-kaie/results/raw/pilot/CEC2022/HBA/inst07/run03.json", "runtime": 2.518782662000376, "best": 48.04693039421818}
2026-09-28T10:44:20.551651+00:00 {"status": "ok", "path": "/home/user/ADHD-EEG-Benchmark/la-kaie/results/raw/pilot/CEC2022/MPHB/inst07/run03.json", "runtime": 2.107328389000031, "best": 21.623086382653128}
2026-09-28T10:44:21.690907+00:00 {"status": "ok", "path": "/home/user/ADHD-EEG-Benchmark/la-kaie/results/raw/pilot/CEC2022/MPA/inst07/run04.json", "runtime": 1.7801533019992348, "best": 14.828869157073314}
2026-09-28T10:44:22.173540+00:00 {"status": "ok", "path": "/home/user/ADHD-EEG-Benchmark/la-kaie/results/raw/pilot/CEC2022/MPHB/inst07/run04.json", "runtime": 2.1386242419994232, "best": 30.412595185959844}
2026-09-28T10:44:22.266038+00:00 {"status": "ok", "path": "/home/user/ADHD-EEG-Benchmark/la-kaie/results/raw/pilot/CEC2022/HBA/inst07/run04.json", "runtime": 2.988935114999549, "best": 26.011520499660264}
2026-09-28T10:44:23.780490+00:00 {"status": "ok", "path": "/home/user/ADHD-EEG-Benchmark/la-kaie/results/raw/pilot/CEC2022/HBA/inst07/run05.json", "runtime": 3.212924911999835, "best": 77.30451421639691}
2026-09-28T10:44:24.105907+00:00 {"status": "ok", "path": "/home/user/ADHD-EEG-Benchmark/la-kaie/results/raw/pilot/CEC2022/MPA/inst07/run05.json", "runtime": 2.4038590720001594, "best": 24.27905298917358}
2026-09-28T10:44:24.738318+00:00 {"status": "ok", "path": "/home/user/ADHD-EEG-Benchmark/la-kaie/results/raw/pilot/CEC2022/MPHB/inst07/run05.json", "runtime": 2.55456575000062, "best": 25.30195555544765}
2026-09-28T10:44:25.588697+00:00 {"status": "ok", "path": "/home/user/ADHD-EEG-Benchmark/la-kaie/results/raw/pilot/CEC2022/HBA/inst08/run01.json", "runtime": 3.3081738350001615, "best": 155.61116902030471}
2026-09-28T10:44:26.030266+00:00 {"status": "ok", "path": "/home/user/ADHD-EEG-Benchmark/la-kaie/results/raw/pilot/CEC2022/MPA/inst08/run01.json", "runtime": 2.240218449999702, "best": 20.5465118395864}
2026-09-28T10:44:26.597261+00:00 {"status": "ok", "path": "/home/user/ADHD-EEG-Benchmark/la-kaie/results/raw/pilot/CEC2022/MPHB/inst08/run01.json", "runtime": 2.4830475980006668, "best": 20.78079680807059}
2026-09-28T10:44:27.419854+00:00 {"status": "ok", "path": "/home/user/ADHD-EEG-Benchmark/la-kaie/results/raw/pilot/CEC2022/MPA/inst08/run02.json", "runtime": 1.8233848489999218, "best": 2.4925388031738294}
2026-09-28T10:44:27.624122+00:00 {"status": "ok", "path": "/home/user/ADHD-EEG-Benchmark/la-kaie/results/raw/pilot/CEC2022/HBA/inst08/run02.json", "runtime": 2.872146968999914, "best": 22.880321486349658}
2026-09-28T10:44:28.563662+00:00 {"status": "ok", "path": "/home/user/ADHD-EEG-Benchmark/la-kaie/results/raw/pilot/CEC2022/MPHB/inst08/run02.json", "runtime": 2.506572997999683, "best": 20.780715351287654}
2026-09-28T10:44:29.479660+00:00 {"status": "ok", "path": "/home/user/ADHD-EEG-Benchmark/la-kaie/results/raw/pilot/CEC2022/MPA/inst08/run03.json", "runtime": 2.051771190999716, "best": 21.38296235314101}
2026-09-28T10:44:29.503831+00:00 {"status": "ok", "path": "/home/user/ADHD-EEG-Benchmark/la-kaie/results/raw/pilot/CEC2022/HBA/inst08/run03.json", "runtime": 2.8910454749993733, "best": 25.031959964665475}
2026-09-28T10:44:29.842755+00:00 {"status": "ok", "path": "/home/user/ADHD-EEG-Benchmark/la-kaie/results/raw/pilot/CEC2022/MPHB/inst08/run03.json", "runtime": 2.211242729999867, "best": 20.80232245657953}
2026-09-28T10:44:31.209749+00:00 {"status": "ok", "path": "/home/user/ADHD-EEG-Benchmark/la-kaie/results/raw/pilot/CEC2022/HBA/inst08/run04.json", "runtime": 2.6446680500002913, "best": 22.49970635096588}
2026-09-28T10:44:31.331109+00:00 {"status": "ok", "path": "/home/user/ADHD-EEG-Benchmark/la-kaie/results/raw/pilot/CEC2022/MPA/inst08/run04.json", "runtime": 1.8431727319994025, "best": 20.57022011954632}
2026-09-28T10:44:31.625415+00:00 {"status": "ok", "path": "/home/user/ADHD-EEG-Benchmark/la-kaie/results/raw/pilot/CEC2022/MPHB/inst08/run04.json", "runtime": 2.114637593000225, "best": 21.093729551814704}
2026-09-28T10:44:32.577724+00:00 {"status": "ok", "path": "/home/user/ADHD-EEG-Benchmark/la-kaie/results/raw/pilot/CEC2022/HBA/inst08/run05.json", "runtime": 2.714893521000704, "best": 51.52707963895955}
2026-09-28T10:44:33.116312+00:00 {"status": "ok", "path": "/home/user/ADHD-EEG-Benchmark/la-kaie/results/raw/pilot/CEC2022/MPA/inst08/run05.json", "runtime": 1.8960705849995065, "best": 20.913493215501603}
2026-09-28T10:44:33.656303+00:00 {"status": "ok", "path": "/home/user/ADHD-EEG-Benchmark/la-kaie/results/raw/pilot/CEC2022/MPHB/inst08/run05.json", "runtime": 2.3173645800006852, "best": 20.73784853795405}
2026-09-28T10:44:33.788113+00:00 {"status": "ok", "path": "/home/user/ADHD-EEG-Benchmark/la-kaie/results/raw/pilot/CEC2022/HBA/inst09/run01.json", "runtime": 2.144958464999945, "best": 180.80368330150486}
2026-09-28T10:44:34.291556+00:00 {"status": "ok", "path": "/home/user/ADHD-EEG-Benchmark/la-kaie/results/raw/pilot/CEC2022/MPA/inst09/run01.json", "runtime": 1.6885094930003106, "best": 180.7812719056792}
2026-09-28T10:44:35.289660+00:00 {"status": "ok", "path": "/home/user/ADHD-EEG-Benchmark/la-kaie/results/raw/pilot/CEC2022/MPHB/inst09/run01.json", "runtime": 2.1616690890004975, "best": 180.78127167775074}
2026-09-28T10:44:35.701504+00:00 {"status": "ok", "path": "/home/user/ADHD-EEG-Benchmark/la-kaie/results/raw/pilot/CEC2022/MPA/inst09/run02.json", "runtime": 1.8999536070004979, "best": 180.78127173333587}
2026-09-28T10:44:36.161723+00:00 {"status": "ok", "path": "/home/user/ADHD-EEG-Benchmark/la-kaie/results/raw/pilot/CEC2022/HBA/inst09/run02.json", "runtime": 2.4849897619997137, "best": 180.78141953635077}
2026-09-28T10:44:36.378480+00:00 {"status": "ok", "path": "/home/user/ADHD-EEG-Benchmark/la-kaie/results/raw/pilot/CEC2022/MPHB/inst09/run02.json", "runtime": 2.0787389070001154, "best": 180.78127167926868}
2026-09-28T10:44:37.380505+00:00 {"status": "ok", "path": "/home/user/ADHD-EEG-Benchmark/la-kaie/results/raw/pilot/CEC2022/MPA/inst09/run03.json", "runtime": 1.6682018360006623, "best": 180.78127176761336}
2026-09-28T10:44:37.850263+00:00 {"status": "ok", "path": "/home/user/ADHD-EEG-Benchmark/la-kaie/results/raw/pilot/CEC2022/HBA/inst09/run03.json", "runtime": 2.5453927709995696, "best": 180.7812716777471}
2026-09-28T10:44:38.057383+00:00 {"status": "ok", "path": "/home/user/ADHD-EEG-Benchmark/la-kaie/results/raw/pilot/CEC2022/MPHB/inst09/run03.json", "runtime": 1.8875907490000827, "best": 180.7812717972738}
2026-09-28T10:44:38.540447+00:00 {"status": "ok", "path": "/home/user/ADHD-EEG-Benchmark/la-kaie/results/raw/pilot/CEC2022/HBA/inst09/run04.json", "runtime": 2.1442707050000536, "best": 180.80368330150577}
2026-09-28T10:44:38.679597+00:00 {"status": "ok", "path": "/home/user/ADHD-EEG-Benchmark/la-kaie/results/raw/pilot/CEC2022/MPA/inst09/run04.json", "runtime": 1.2809768759998406, "best": 180.781271740781}
2026-09-28T10:44:39.335483+00:00 {"status": "ok", "path": "/home/user/ADHD-EEG-Benchmark/la-kaie/results/raw/pilot/CEC2022/MPHB/inst09/run04.json", "runtime": 1.4768978920001246, "best": 180.781271677753}
2026-09-28T10:44:39.934045+00:00 {"status": "ok", "path": "/home/user/ADHD-EEG-Benchmark/la-kaie/results/raw/pilot/CEC2022/MPA/inst09/run05.json", "runtime": 1.382910553000329, "best": 180.7812719292242}
2026-09-28T10:44:40.112726+00:00 {"status": "ok", "path": "/home/user/ADHD-EEG-Benchmark/la-kaie/results/raw/pilot/CEC2022/MPHB/inst09/run05.json", "runtime": 1.4296075219999693, "best": 180.78127197695858}
2026-09-28T10:44:40.250109+00:00 {"status": "ok", "path": "/home/user/ADHD-EEG-Benchmark/la-kaie/results/raw/pilot/CEC2022/HBA/inst09/run05.json", "runtime": 2.1766060760000983, "best": 180.78260911896405}
2026-09-28T10:44:41.495819+00:00 {"status": "ok", "path": "/home/user/ADHD-EEG-Benchmark/la-kaie/results/raw/pilot/CEC2022/MPA/inst10/run01.json", "runtime": 1.5537719069998275, "best": 100.54434653845283}
2026-09-28T10:44:41.628712+00:00 {"status": "ok", "path": "/home/user/ADHD-EEG-Benchmark/la-kaie/results/raw/pilot/CEC2022/HBA/inst10/run01.json", "runtime": 2.2764457339999353, "best": 1902.4327509416844}
2026-09-28T10:44:41.899995+00:00 {"status": "ok", "path": "/home/user/ADHD-EEG-Benchmark/la-kaie/results/raw/pilot/CEC2022/MPHB/inst10/run01.json", "runtime": 1.7797352090001368, "best": 100.58282104095133}
2026-09-28T10:44:42.548754+00:00 {"status": "ok", "path": "/home/user/ADHD-EEG-Benchmark/la-kaie/results/raw/pilot/CEC2022/HBA/inst10/run02.json", "runtime": 2.2832299970004897, "best": 777.7018965420834}
2026-09-28T10:44:42.999009+00:00 {"status": "ok", "path": "/home/user/ADHD-EEG-Benchmark/la-kaie/results/raw/pilot/CEC2022/MPA/inst10/run02.json", "runtime": 1.4958193439997558, "best": 100.46463978509337}
2026-09-28T10:44:43.511577+00:00 {"status": "ok", "path": "/home/user/ADHD-EEG-Benchmark/la-kaie/results/raw/pilot/CEC2022/MPHB/inst10/run02.json", "runtime": 1.8719813259995135, "best": 100.74162191689902}
2026-09-28T10:44:44.123803+00:00 {"status": "ok", "path": "/home/user/ADHD-EEG-Benchmark/la-kaie/results/raw/pilot/CEC2022/MPA/inst10/run03.json", "runtime": 1.5670276250002644, "best": 100.67997658662534}
2026-09-28T10:44:44.173652+00:00 {"status": "ok", "path": "/home/user/ADHD-EEG-Benchmark/la-kaie/results/raw/pilot/CEC2022/HBA/inst10/run03.json", "runtime": 2.256498314000055, "best": 1053.5663107038908}
2026-09-28T10:44:44.768461+00:00 {"status": "ok", "path": "/home/user/ADHD-EEG-Benchmark/la-kaie/results/raw/pilot/CEC2022/MPHB/inst10/run03.json", "runtime": 1.7606569540002965, "best": 100.58252890362382}
2026-09-28T10:44:45.415686+00:00 {"status": "ok", "path": "/home/user/ADHD-EEG-Benchmark/la-kaie/results/raw/pilot/CEC2022/MPA/inst10/run04.json", "runtime": 1.275797897999837, "best": 100.49340933406938}
2026-09-28T10:44:45.800985+00:00 {"status": "ok", "path": "/home/user/ADHD-EEG-Benchmark/la-kaie/results/raw/pilot/CEC2022/HBA/inst10/run04.json", "runtime": 2.2733952319995296, "best": 3742.5602148470643}
2026-09-28T10:44:45.930446+00:00 {"status": "ok", "path": "/home/user/ADHD-EEG-Benchmark/la-kaie/results/raw/pilot/CEC2022/MPHB/inst10/run04.json", "runtime": 1.7453605000000607, "best": 100.52531644026385}
2026-09-28T10:44:46.877176+00:00 {"status": "ok", "path": "/home/user/ADHD-EEG-Benchmark/la-kaie/results/raw/pilot/CEC2022/MPA/inst10/run05.json", "runtime": 1.4574214300000676, "best": 100.46448048080174}
2026-09-28T10:44:47.090495+00:00 {"status": "ok", "path": "/home/user/ADHD-EEG-Benchmark/la-kaie/results/raw/pilot/CEC2022/HBA/inst10/run05.json", "runtime": 2.3069825840002522, "best": 1079.0394721632692}
2026-09-28T10:44:47.672713+00:00 {"status": "ok", "path": "/home/user/ADHD-EEG-Benchmark/la-kaie/results/raw/pilot/CEC2022/MPHB/inst10/run05.json", "runtime": 1.8633421459999226, "best": 100.39686280287879}
2026-09-28T10:44:49.058909+00:00 {"status": "ok", "path": "/home/user/ADHD-EEG-Benchmark/la-kaie/results/raw/pilot/CEC2022/HBA/inst11/run01.json", "runtime": 3.108038807000412, "best": 400.0000000000059}
2026-09-28T10:44:49.145648+00:00 {"status": "ok", "path": "/home/user/ADHD-EEG-Benchmark/la-kaie/results/raw/pilot/CEC2022/MPA/inst11/run01.json", "runtime": 2.256609817000026, "best": 400.00036907056983}
2026-09-28T10:44:49.464311+00:00 {"status": "ok", "path": "/home/user/ADHD-EEG-Benchmark/la-kaie/results/raw/pilot/CEC2022/MPHB/inst11/run01.json", "runtime": 2.3650972999994337, "best": 300.00000001165563}
2026-09-28T10:44:50.572347+00:00 {"status": "ok", "path": "/home/user/ADHD-EEG-Benchmark/la-kaie/results/raw/pilot/CEC2022/HBA/inst11/run02.json", "runtime": 2.881796196000323, "best": 300.00000000000637}
2026-09-28T10:44:50.975747+00:00 {"status": "ok", "path": "/home/user/ADHD-EEG-Benchmark/la-kaie/results/raw/pilot/CEC2022/MPA/inst11/run02.json", "runtime": 1.9070998500001224, "best": 300.0121976135497}
2026-09-28T10:44:51.218191+00:00 {"status": "ok", "path": "/home/user/ADHD-EEG-Benchmark/la-kaie/results/raw/pilot/CEC2022/MPHB/inst11/run02.json", "runtime": 2.061030429999846, "best": 300.00000024709516}
2026-09-28T10:44:52.147672+00:00 {"status": "ok", "path": "/home/user/ADHD-EEG-Benchmark/la-kaie/results/raw/pilot/CEC2022/HBA/inst11/run03.json", "runtime": 2.6590597650001655, "best": 300.00000000000455}
2026-09-28T10:44:52.482230+00:00 {"status": "ok", "path": "/home/user/ADHD-EEG-Benchmark/la-kaie/results/raw/pilot/CEC2022/MPA/inst11/run03.json", "runtime": 1.8997090240000034, "best": 400.00131833468276}
2026-09-28T10:44:53.190561+00:00 {"status": "ok", "path": "/home/user/ADHD-EEG-Benchmark/la-kaie/results/raw/pilot/CEC2022/MPHB/inst11/run03.json", "runtime": 2.205972460999874, "best": 400.00000011432803}
2026-09-28T10:44:53.763924+00:00 {"status": "ok", "path": "/home/user/ADHD-EEG-Benchmark/la-kaie/results/raw/pilot/CEC2022/HBA/inst11/run04.json", "runtime": 2.529814814999554, "best": 400.00000000001137}
2026-09-28T10:44:54.308468+00:00 {"status": "ok", "path": "/home/user/ADHD-EEG-Benchmark/la-kaie/results/raw/pilot/CEC2022/MPA/inst11/run04.json", "runtime": 2.155436782999459, "best": 400.00057773098615}
2026-09-28T10:44:54.852069+00:00 {"status": "ok", "path": "/home/user/ADHD-EEG-Benchmark/la-kaie/results/raw/pilot/CEC2022/MPHB/inst11/run04.json", "runtime": 2.3580412199999046, "best": 400.00000278805373}
2026-09-28T10:44:55.567837+00:00 {"status": "ok", "path": "/home/user/ADHD-EEG-Benchmark/la-kaie/results/raw/pilot/CEC2022/MPA/inst11/run05.json", "runtime": 1.7946041870000045, "best": 0.009672051475718035}
2026-09-28T10:44:55.970585+00:00 {"status": "ok", "path": "/home/user/ADHD-EEG-Benchmark/la-kaie/results/raw/pilot/CEC2022/HBA/inst11/run05.json", "runtime": 2.7640247369999997, "best": 300.00000000000455}
2026-09-28T10:44:56.480244+00:00 {"status": "ok", "path": "/home/user/ADHD-EEG-Benchmark/la-kaie/results/raw/pilot/CEC2022/MPHB/inst11/run05.json", "runtime": 2.163847431999784, "best": 300.0000003868481}
2026-09-28T10:44:57.291097+00:00 {"status": "ok", "path": "/home/user/ADHD-EEG-Benchmark/la-kaie/results/raw/pilot/CEC2022/MPA/inst12/run01.json", "runtime": 1.7081442620001326, "best": 238.6873427978976}
2026-09-28T10:44:57.587645+00:00 {"status": "ok", "path": "/home/user/ADHD-EEG-Benchmark/la-kaie/results/raw/pilot/CEC2022/HBA/inst12/run01.json", "runtime": 2.6956672699998308, "best": 318.264829642937}
2026-09-28T10:44:58.267445+00:00 {"status": "ok", "path": "/home/user/ADHD-EEG-Benchmark/la-kaie/results/raw/pilot/CEC2022/MPHB/inst12/run01.json", "runtime": 2.287704721999944, "best": 233.2036022425209}
2026-09-28T10:44:59.206695+00:00 {"status": "ok", "path": "/home/user/ADHD-EEG-Benchmark/la-kaie/results/raw/pilot/CEC2022/MPA/inst12/run02.json", "runtime": 1.9030449080000835, "best": 237.96401657876413}
2026-09-28T10:44:59.433476+00:00 {"status": "ok", "path": "/home/user/ADHD-EEG-Benchmark/la-kaie/results/raw/pilot/CEC2022/HBA/inst12/run02.json", "runtime": 2.9367559720003555, "best": 364.41873634935064}
2026-09-28T10:45:00.020149+00:00 {"status": "ok", "path": "/home/user/ADHD-EEG-Benchmark/la-kaie/results/raw/pilot/CEC2022/MPHB/inst12/run02.json", "runtime": 2.445179432999794, "best": 232.38971862950575}
2026-09-28T10:45:01.263453+00:00 {"status": "ok", "path": "/home/user/ADHD-EEG-Benchmark/la-kaie/results/raw/pilot/CEC2022/MPA/inst12/run03.json", "runtime": 2.047961215000214, "best": 233.34719443243148}
2026-09-28T10:45:01.486573+00:00 {"status": "ok", "path": "/home/user/ADHD-EEG-Benchmark/la-kaie/results/raw/pilot/CEC2022/HBA/inst12/run03.json", "runtime": 3.20368512999994, "best": 404.892874264101}
2026-09-28T10:45:01.926633+00:00 {"status": "ok", "path": "/home/user/ADHD-EEG-Benchmark/la-kaie/results/raw/pilot/CEC2022/MPHB/inst12/run03.json", "runtime": 2.485965591999957, "best": 235.27876060808967}
2026-09-28T10:45:03.202479+00:00 {"status": "ok", "path": "/home/user/ADHD-EEG-Benchmark/la-kaie/results/raw/pilot/CEC2022/HBA/inst12/run04.json", "runtime": 3.163693161000083, "best": 368.4655108980337}
2026-09-28T10:45:03.476502+00:00 {"status": "ok", "path": "/home/user/ADHD-EEG-Benchmark/la-kaie/results/raw/pilot/CEC2022/MPA/inst12/run04.json", "runtime": 2.2017657769993093, "best": 234.3241379321703}
2026-09-28T10:45:03.966736+00:00 {"status": "ok", "path": "/home/user/ADHD-EEG-Benchmark/la-kaie/results/raw/pilot/CEC2022/MPHB/inst12/run04.json", "runtime": 2.4703547750004873, "best": 242.11460834051468}
2026-09-28T10:45:05.280470+00:00 {"status": "ok", "path": "/home/user/ADHD-EEG-Benchmark/la-kaie/results/raw/pilot/CEC2022/HBA/inst12/run05.json", "runtime": 3.3362316160000773, "best": 358.5017162122076}
2026-09-28T10:45:05.384733+00:00 {"status": "ok", "path": "/home/user/ADHD-EEG-Benchmark/la-kaie/results/raw/pilot/CEC2022/MPA/inst12/run05.json", "runtime": 2.171651247999762, "best": 242.48927323629005}
2026-09-28T10:45:06.258645+00:00 {"status": "ok", "path": "/home/user/ADHD-EEG-Benchmark/la-kaie/results/raw/pilot/CEC2022/MPHB/inst12/run05.json", "runtime": 2.770594888999767, "best": 244.19885197873782}
