method,instance,run,exchange_frequency,successful_exchange_rate,controller_entropy,exploration_exploitation_ratio,group_level_fraction,ic_group,ic_dim,final_S8,final_n_groups,overhead_fraction,share_A1,share_A2,share_A3,share_A4,share_A5,share_A6,share_A7,share_A8
LA-KAIE-DimensionOnly,1,1,10.091870456047587,0.3658392822057764,0.5197670522630282,0.020424072341752416,0.0,,0.00170279651581636,0.05829111154291692,30,0.45390233595239704,0.06611620795107033,0.09168195718654434,0.01651376146788991,0.02018348623853211,0.01602446483180428,0.05045871559633028,0.02091743119266055,0.7181039755351682
LA-KAIE-DimensionOnly,1,2,7.967658473479948,0.3908101964604644,0.5667674612491008,0.024097621000820343,0.0,,0.005033284624127293,0.03396770795480585,31,0.469863948211873,0.08890532544378699,0.11227810650887574,0.021227810650887573,0.018565088757396448,0.017381656804733726,0.028994082840236687,0.03772189349112426,0.6749260355029586
LA-KAIE-DimensionOnly,1,3,11.851951547779274,0.3667953667953668,0.4645751187914455,0.017749145411517224,0.0,,-0.0024415171473995004,0.030620123472456386,31,0.4542004995436148,0.050770723294168374,0.07610218820739463,0.016438503826668106,0.01622291689123639,0.014552118141640617,0.043225180554058426,0.020588552333728576,0.7620998167511048
LA-KAIE-DimensionOnly,1,4,11.81439139206456,0.33156876138433516,0.47797614820079787,0.01840203426124197,0.0,,0.0025614754098360654,0.05703880982008306,30,0.45538555037814443,0.05109646753807929,0.07875121529653235,0.015879874689424218,0.016474019660797236,0.014853624284325375,0.03872744949767743,0.030625472615318138,0.753591876417846
LA-KAIE-DimensionOnly,1,5,9.496057818659658,0.38462602919809036,0.5039740327180088,0.02344656172328086,0.0,,0.004082197467653774,0.031544169537883755,31,0.46076155050598344,0.07239586676079841,0.09582183428534753,0.016622809832488285,0.018098966690199603,0.018163147423143573,0.02913805275656248,0.022399075797445607,0.7273602464540145
LA-KAIE-DimensionOnly,2,1,11.268896321070233,0.3496171425179557,0.49051324746521424,0.0181931810290952,0.0,,-0.0003759324113096295,0.03313080270238097,31,0.45417413624323105,0.05560849823420595,0.08167498178148999,0.017041313974998598,0.018947250406412916,0.014686921912663266,0.05028308761701889,0.019451762991199058,0.7423061830820114
LA-KAIE-DimensionOnly,2,2,11.205213903743315,0.3444490842927877,0.468311558367712,0.020376938591000766,0.0,,0.0035793115790729584,0.09467575867499606,29,0.4552083305865793,0.055179799346184194,0.08245970014654493,0.015218126479540075,0.016909029421711193,0.016514485401871264,0.03612895953105625,0.019783564423402098,0.75780633524969
LA-KAIE-DimensionOnly,2,3,9.428759028233749,0.3852367688022284,0.534897744612737,0.018920992073638454,0.0,,-0.0028435468895078916,0.04972205786244395,31,0.46222393496350644,0.07121143522411229,0.09637151542591035,0.020503201604035962,0.014552745618006598,0.01435870900976651,0.03848392730095078,0.03848392730095078,0.7060345385162667
LA-KAIE-DimensionOnly,2,4,12.3657876943881,0.30887418666958283,0.479337567332661,0.017465578786333504,0.0,,0.0015309749029471266,0.012348128479735283,31,0.4514740841082999,0.04680252254130401,0.0760410694741231,0.015166518997237713,0.016417365924844947,0.014280502423515922,0.051024130921978425,0.027935581383228228,0.7523323083337676
LA-KAIE-DimensionOnly,2,5,11.278929765886287,0.3391649863598624,0.4782689209825126,0.019845722300140253,0.0,,0.005574664927054916,0.04052427172709299,30,0.44975694417331924,0.05444961588067067,0.08254359894577469,0.015813379689339987,0.01934615600291594,0.015869455503841192,0.031122077048169123,0.028206134694106433,0.752649582235182
LA-KAIE-DimensionOnly,3,1,11.553990610328638,0.34057003540953157,0.4679696619543937,0.016390055781282283,0.0,,-0.0020897428455331746,0.02912941506588906,31,0.4565809036077469,0.0528891088020232,0.08120292484468634,0.018527681565781516,0.016658419924129968,0.013084831491560834,0.02594974984880972,0.03238220902743416,0.7593050744955743
LA-KAIE-DimensionOnly,3,2,11.078104138851803,0.36263934920156676,0.4924380288618367,0.023121387283236993,0.0,,0.00030129557095510696,0.034749786772970484,31,0.4515205627380448,0.057798217225912676,0.0837449611082723,0.016862544711292796,0.018281950831771986,0.01862260830068699,0.0458184295690683,0.01788451711803781,0.7409867711349571
LA-KAIE-DimensionOnly,3,3,11.825823806321452,0.3478532840489053,0.4773202011992755,0.01837549933422104,0.0,,-0.002388399203866932,0.05599467371751639,31,0.4527049252756261,0.050280838193994384,0.07966083387340678,0.017390365089652193,0.021926982069561462,0.014906027219701879,0.04234175847915316,0.019550658889608986,0.7539425361849211
LA-KAIE-DimensionOnly,3,4,9.346456692913385,0.36113451277730974,0.5282167750775805,0.02469659679198846,0.0,,-0.0008424599831508003,0.045001903095888376,31,0.4547489039494179,0.07217300677436164,0.09536216779572694,0.019736842105263157,0.021951537258989056,0.01895518499218343,0.035825951016154246,0.02325429911412194,0.7127410109431996
LA-KAIE-DimensionOnly,3,5,9.117146596858639,0.37836479793266814,0.538774220002437,0.023440878816711357,0.0,,0.009044576843011987,0.028816001482253144,31,0.45718196484813506,0.07508962953127074,0.10031868277785155,0.01639888461027752,0.02071438056035055,0.017992298499535254,0.04906386934006108,0.019917673615721682,0.7005045810649316
LA-KAIE-DimensionOnly,4,1,9.375328083989501,0.34763437849944007,0.5238025329111687,0.020820990266610242,0.0,,0.0005365808137364687,0.04075737667482475,31,0.45948434708433333,0.07353131889508495,0.0977823887952276,0.0204902087926339,0.021398002853067047,0.015951238490468162,0.03657113214887823,0.020684736091298145,0.713590973933342
LA-KAIE-DimensionOnly,4,2,12.161268556005398,0.321422626643733,0.46632669241299174,0.01881424969289455,0.0,,-0.00031441306478758647,0.05330942062316213,30,0.4552309435887595,0.04861697635135135,0.07722761824324324,0.015413851351351352,0.016944679054054054,0.01536106418918919,0.039220861486486486,0.02533783783783784,0.7618771114864865
LA-KAIE-DimensionOnly,4,3,11.551978537894032,0.3294821179749187,0.48333190524557057,0.018985180632384073,0.0,,0.0041802136553646075,0.05501116053769182,31,0.45107986836090047,0.05336630942566639,0.08101126683154714,0.017532289090409454,0.015059082165430063,0.015278922780983787,0.04050563341577357,0.028249519098653475,0.7489969771915361
LA-KAIE-DimensionOnly,4,4,10.409151193633953,0.3481556985411225,0.4962497332342486,0.020359920695439987,0.0,,0.0008281837293750398,0.022696730253560893,31,0.4569057301695832,0.061296495634493485,0.08832675517282622,0.023262767611529723,0.023501973448152136,0.015966989594546108,0.029721325200334887,0.0193756727664155,0.738548020571702
LA-KAIE-DimensionOnly,4,5,9.085732984293193,0.3841388748829504,0.5080914246160916,0.021010592116686926,0.0,,0.012437273403923263,0.03610623936579461,31,0.4588995105092359,0.0753912753912754,0.09743589743589744,0.01818181818181818,0.016650016650016652,0.01611721611721612,0.027905427905427906,0.025241425241425242,0.7230769230769231
LA-KAIE-DimensionOnly,5,1,13.131471389645776,0.3381750272345282,0.44702647769092846,0.017367183259965023,0.0,,-0.018789230689422627,0.062470898247851514,30,0.4569001974158125,0.04185098662955415,0.0724191063174114,0.01610418012823699,0.013917192703414683,0.014314826780655102,0.033749192305780606,0.03146279636164819,0.7761817187732989
LA-KAIE-DimensionOnly,5,2,12.74745417515275,0.30143260371731373,0.4314742518412951,0.021025609681559806,0.0,,-0.003905487209529388,0.06038475106868528,31,0.46534432030177053,0.04544761323776117,0.07152661278023487,0.01296324538660973,0.015555894463931677,0.017487672207818616,0.02826495856845102,0.022774642875298665,0.7859793604798943
LA-KAIE-DimensionOnly,5,3,12.147773279352228,0.3218352496806088,0.45193281740169955,0.02089991052026077,0.0,,-0.016613897683719382,0.07008373265838048,30,0.46218382829421156,0.04937163375224417,0.07619600802619073,0.015841165909810963,0.013887422114267611,0.017266870841693947,0.03838842538810856,0.018534164114478825,0.7705143098532052
LA-KAIE-DimensionOnly,5,4,10.023117569352708,0.3514332784184514,0.4854440167129353,0.022251717676452218,0.0,,0.006150466776496431,0.050707247479183655,30,0.4649461530667132,0.0652334606381668,0.09209067389429593,0.016878156954539855,0.016077368485893802,0.01755574719724036,0.029382776888012812,0.020758901071824567,0.7420229148700259
LA-KAIE-DimensionOnly,5,5,12.291216216216217,0.3136715958440987,0.43369971002647034,0.01951779563719862,0.0,,-0.006886189141150385,0.06702839891503314,30,0.458045931342828,0.047342236187483636,0.0759884786593349,0.015396700706991359,0.015030112594920136,0.016025137470542027,0.02194291699397748,0.025189840272322597,0.7830845771144279
LA-KAIE-DimensionOnly,6,1,10.026420079260237,0.38003952569169963,0.5080487531910897,0.019807449494949496,0.0,,-0.003908651734738691,0.03859794904425235,31,0.4613157929425915,0.0663632449720155,0.09225659634663878,0.017282735715603667,0.014945568608155484,0.01543760378867089,0.03727166492404207,0.029768128421182115,0.7266744572236915
LA-KAIE-DimensionOnly,6,2,10.74517631403859,0.33869969040247677,0.4985555038442449,0.02100503245569251,0.0,,-0.0014035087719298245,0.013296685088782512,31,0.4584788677889472,0.0594059405940594,0.08619685497961561,0.016715200931857892,0.014909726266744321,0.01677344205008736,0.04618520675596972,0.024228305183459524,0.7355853232382061
LA-KAIE-DimensionOnly,6,3,11.78950907868191,0.32559466088642974,0.4574671781892111,0.018726839597670724,0.0,,0.001882379784381952,0.052657780533375456,31,0.45859155522036893,0.05114743450963412,0.07691058670707945,0.01683264775925525,0.015317168218229054,0.015317168218229054,0.035397272136826155,0.021866204806235117,0.7672115176445118
LA-KAIE-DimensionOnly,6,4,10.884077281812125,0.36071494154373507,0.49415999436220187,0.017175851483701213,0.0,,-0.003168676419579279,0.029341778981668096,31,0.4606358236088245,0.05784313725490196,0.08575547866205306,0.016551326412918108,0.015859284890426758,0.013552479815455595,0.036043829296424454,0.03494809688581315,0.7394463667820069
LA-KAIE-DimensionOnly,6,5,11.73252688172043,0.3547943636155344,0.44518534719359637,0.018450676080730033,0.0,,-0.005117042807499903,0.04894470539961653,31,0.45374655827883503,0.05093775482468062,0.07817341668931775,0.015547703180212015,0.015602065778744224,0.015058439793422125,0.02636586028812177,0.02359336776297907,0.7747213916825224
LA-KAIE-DimensionOnly,7,1,10.68284574468085,0.30764921889587354,0.5175603069965803,0.01983213251132734,0.0,,-0.02002787569477057,0.05415859489558222,30,0.47152879702391,0.061342524975170884,0.08687269965531343,0.016124320850616346,0.015773792136472512,0.015598527779400595,0.04878191271835018,0.033358649296021496,0.7221475725886546
LA-KAIE-DimensionOnly,7,2,11.738575268817204,0.27789546001030513,0.4910911607792349,0.01941357611460704,0.0,,-0.0014990171943283523,0.05059836109251423,31,0.46356995971238724,0.051582776782320684,0.07856871368844003,0.01612640495194657,0.0162350002714883,0.015746321333550525,0.051799967421404136,0.026388662648639843,0.7435521529022099
LA-KAIE-DimensionOnly,7,3,6.8835572616762635,0.32159122595036715,0.6008154077844008,0.02336337760910816,0.0,,0.04513740434365029,0.028945919965451112,31,0.48559024859402083,0.10728509790906074,0.12354795884500498,0.0172585462993694,0.018752074344507135,0.016345834716229673,0.044888815134417524,0.03352140723531364,0.638400265516097
LA-KAIE-DimensionOnly,7,4,10.401193633952255,0.2936563595792158,0.520857862622425,0.02130087485736021,0.0,,0.005699713101689514,0.13792660018590946,28,0.46832245060445615,0.06190191387559808,0.08761961722488039,0.017523923444976077,0.016208133971291866,0.01674641148325359,0.049282296650717705,0.030562200956937798,0.7201555023923445
LA-KAIE-DimensionOnly,7,5,11.003335557038026,0.27810112768279377,0.5005925707038114,0.019291907514450868,0.0,,0.007635099632189484,0.0719732247900626,29,0.46410194592891596,0.05797018676109429,0.08361414129876064,0.014963732937346508,0.020103946541778515,0.015249300359814952,0.03860871551773374,0.03289736706836484,0.7365926095151065
LA-KAIE-DimensionOnly,8,1,9.765480895915678,0.2663248785752833,0.5720628193378654,0.02224824355971897,0.0,,0.0007510343586976075,0.10828558734343043,28,0.46288341937255434,0.06931190356604722,0.09442491210447011,0.016511803114013058,0.01783023606228026,0.01670015067805123,0.05462079357106982,0.05129331993972878,0.6793068809643396
LA-KAIE-DimensionOnly,8,2,8.779517286366602,0.268444906753845,0.612413761030978,0.022844509948415623,0.0,,0.01882755033806375,0.13601612705038688,30,0.4751071585765746,0.08066939890710383,0.10170765027322404,0.01707650273224044,0.016188524590163934,0.016939890710382512,0.08613387978142077,0.04282786885245902,0.6384562841530055
LA-KAIE-DimensionOnly,8,3,10.219060225016545,0.2741402758888673,0.5121085055953558,0.021480451244011746,0.0,,0.01343824881808173,0.09567790002600426,29,0.4715226502745215,0.06418181818181819,0.09036363636363637,0.01715151515151515,0.01509090909090909,0.01684848484848485,0.042484848484848486,0.02884848484848485,0.725030303030303
LA-KAIE-DimensionOnly,8,4,7.708387096774193,0.2698359558085035,0.6875655076428134,0.024105841462047316,0.0,,0.024315685430516366,0.15809742652819098,29,0.4732414196555339,0.09519121544869368,0.11419916698220371,0.02302158273381295,0.01870503597122302,0.01628171147292692,0.09026883756152973,0.07345702385460053,0.5688754259750095
LA-KAIE-DimensionOnly,8,5,9.814765985497694,0.26764725636375847,0.5368559998956843,0.018912529550827423,0.0,,0.005542180970349416,0.046993145636795776,30,0.46713085799412263,0.06803955933900852,0.09257636454682024,0.014459188783174762,0.01690035052578868,0.014521782674011016,0.04813470205307962,0.04018527791687531,0.7051827741612419
LA-KAIE-FIRPrior,1,1,7.662798194713089,0.3703828355069415,0.5926402902841436,0.02143158783783784,0.02111905763567522,0.01195219123505976,0.0019769640708268868,0.14995502832235422,31,0.45739807703366275,0.09344012204424104,0.11708619374523264,0.01998474446987033,0.019145690312738366,0.015484363081617086,0.056292906178489706,0.02784134248665141,0.6507246376811594
LA-KAIE-FIRPrior,1,2,8.855091383812011,0.3587645584549609,0.542562152617792,0.024456521739130436,0.022408963585434174,0.029605263157894735,0.0015080681646810435,0.16507992734217078,31,0.45687393199886617,0.07745664739884393,0.10241414484869092,0.021421285277116626,0.020673240394423666,0.018361101666099965,0.032981978918735125,0.02726963617817069,0.6994219653179191
LA-KAIE-FIRPrior,1,3,10.840106595602931,0.33624239444410303,0.4978002509997386,0.02047981275599766,0.02157212218056665,0.005698005698005698,-0.0005025125628140704,0.15404524498408195,31,0.4578816879393692,0.05942540031215677,0.08214347650153188,0.017631076940863633,0.02029019018440372,0.016185906699809238,0.03456847216602116,0.03017515463321579,0.7395803225619978
LA-KAIE-FIRPrior,1,4,12.633898305084745,0.327931312047223,0.43863124959258215,0.017196424137074746,0.018620874698148646,0.025936599423631124,0.0018591426071741031,0.17066659924873365,31,0.45585446614671454,0.04533811475409836,0.07402663934426229,0.016598360655737703,0.017776639344262296,0.014190573770491804,0.029866803278688524,0.021055327868852457,0.7811475409836065
LA-KAIE-FIRPrior,1,5,11.888290713324361,0.3580889844899808,0.4616918347301244,0.01898483849703362,0.017038378806747426,0.026578073089700997,0.002821767923985027,0.15877286125219464,31,0.44957497579445643,0.050521337203052775,0.07879178759539933,0.015693862194990863,0.01617757712565839,0.015478877781360851,0.03568741266258196,0.02348704718907879,0.7641620982478771
LA-KAIE-FIRPrior,2,1,12.007412398921833,0.3574835849374263,0.44073377657454477,0.019914837864395678,0.016218643021493912,0.01384083044982699,0.002966343411294923,0.1631108512709814,31,0.45618163888107494,0.05021054314801983,0.07670166835456532,0.01588401471136933,0.01540429614626086,0.01620382708810831,0.019455252918287938,0.02814348915303022,0.7779969084803582
LA-KAIE-FIRPrior,2,2,12.50575490859851,0.36819879811596556,0.4375697435242144,0.017043674415690206,0.020735206539981593,0.007832898172323759,0.002764263600176913,0.1613192411508065,31,0.45008675043449287,0.04660885723134097,0.07541034375967792,0.015536285743780324,0.019768762258697222,0.014039434293382884,0.028646639826571695,0.018942913182615876,0.7810467637039331
LA-KAIE-FIRPrior,2,3,13.600958247775496,0.3110563132202707,0.4424303901670259,0.020598161294076572,0.018771073423582106,0.024128686327077747,0.0012821827879782542,0.1685880159903794,31,0.4501685734793621,0.039723578021553185,0.06867056492533707,0.017058908809742424,0.01802541922389214,0.01710723433044991,0.0316048905426956,0.025999130140627266,0.7818102740057025
LA-KAIE-FIRPrior,2,4,10.417771883289126,0.38370464672183324,0.4948501869927231,0.020145410481672222,0.019287078294080204,0.0462046204620462,-0.00032452781203349125,0.17136432312974165,30,0.4559149406470845,0.06421253276149631,0.08875387181319991,0.015546819156540386,0.018048606147248035,0.01584465094114844,0.033178460805337144,0.026923993328568024,0.7374910650464618
LA-KAIE-FIRPrior,2,5,11.8835800807537,0.3656492440115522,0.495406193477384,0.018388675750760683,0.01778130131944051,0.0,0.002421447102911502,0.16393867579558932,31,0.45149269085455007,0.05201846682413571,0.07832295469186171,0.019057333047025983,0.016856345286665235,0.014923770667811895,0.05663517285806313,0.022170925488511916,0.7400150311359244
LA-KAIE-FIRPrior,3,1,8.732724902216427,0.3685428486115258,0.5224272794915841,0.02111970869367319,0.019632726186921468,0.022813688212927757,-0.0007614406457016675,0.16337356318178622,31,0.4599977617774222,0.0794392523364486,0.10417811984606927,0.018347993402968665,0.01807311709730621,0.01594282572842221,0.028793293018141836,0.025082462891698735,0.7101429356789445
LA-KAIE-FIRPrior,3,2,10.815579227696405,0.36946752847029857,0.5034287908948596,0.024042677579655072,0.02437673130193906,0.030303030303030304,-0.0044797779039687045,0.1541200347763269,31,0.4591115266751724,0.058533758330918575,0.08606201101130108,0.018429440741813966,0.02294986960301362,0.019066937119675456,0.03900318748188931,0.020979426253259926,0.734975369458128
LA-KAIE-FIRPrior,3,3,11.282943143812709,0.3424828076831871,0.499903930068141,0.02005224881734096,0.024365662793455062,0.029197080291970802,0.0032812784833201676,0.15786850669712493,31,0.4521668811056284,0.054378293530664874,0.08285682251373472,0.018948312591097655,0.023040699630003363,0.0159210673842359,0.038961767014239264,0.026796726090368875,0.7390963112456553
LA-KAIE-FIRPrior,3,4,11.518443997317236,0.33812740188657275,0.5006380666378004,0.01979517492611176,0.022708745778502386,0.007692307692307693,0.002681124880838894,0.1964829056540984,30,0.45265785344013715,0.05403470118424676,0.07843569264665382,0.018121729551087856,0.021481685486091986,0.01586339851280639,0.046598733131368766,0.02654916001101625,0.7389148994767282
LA-KAIE-FIRPrior,3,5,10.48307896483079,0.37409798708697306,0.5073893954762237,0.01772703372643281,0.020382326876819852,0.003105590062111801,0.002132333936417679,0.15901488011416798,31,0.4532185399089591,0.06310046257857906,0.08824575969635867,0.017139129403392243,0.019096192622464713,0.01399596726366979,0.04720673704186929,0.022891709168544657,0.7283240422251216
LA-KAIE-FIRPrior,4,1,11.213903743315509,0.3348831664282308,0.5248422673104505,0.020538243626062325,0.019194086790653313,0.037267080745341616,0.0015193873830071714,0.1732784758540772,31,0.4523358984078502,0.05540540540540541,0.0831081081081081,0.017342342342342342,0.01813063063063063,0.01632882882882883,0.06013513513513514,0.030968468468468468,0.7185810810810811
LA-KAIE-FIRPrior,4,2,11.212566844919786,0.33653272922379873,0.47529993673516646,0.02186517638840377,0.01895791105281984,0.012578616352201259,0.0009722897423432182,0.17430946138281475,30,0.4506978938808627,0.0557838446383338,0.08297213622291022,0.01671826625386997,0.017900365887981988,0.01761891359414579,0.034280889389248524,0.02082746974387841,0.7538981142696313
LA-KAIE-FIRPrior,4,3,11.62013422818792,0.3422086173039159,0.48829456298649637,0.02043318348998774,0.016171884024488853,0.04642857142857143,0.0010567101091933778,0.1783921420689644,31,0.4547160425553894,0.05310363686081487,0.08061252392671589,0.018977303800929723,0.015313098167897183,0.016406890894175553,0.04003281378178835,0.02904019688269073,0.7465135356849877
LA-KAIE-FIRPrior,4,4,11.60469798657718,0.34850500260251,0.47770501000211385,0.017129316181448882,0.017465733618645538,0.019867549668874173,-0.000765201012419801,0.17380326928242784,31,0.4589969395232766,0.05182057468743145,0.07956788769466988,0.018644439570081158,0.016560649265189735,0.013873656503619214,0.043046720772099145,0.023470059223513928,0.7530160122833954
LA-KAIE-FIRPrior,4,5,11.249498327759197,0.3654417885598763,0.5114370996445607,0.02222376073109942,0.01569746699964324,0.0,0.0016310257339615802,0.16951881523691303,31,0.4533488617392991,0.05543386689132266,0.08020219039595619,0.017186183656276326,0.014827295703454086,0.018028643639427126,0.06750912664981747,0.021117663577646727,0.7256950294860994
LA-KAIE-FIRPrior,5,1,6.123730964467005,0.3807895554864781,0.6394570781855206,0.035489730333938804,0.8113148896487411,-0.34813041307709347,0.7532805918782731,0.36575464912914313,17,0.5604108222046116,0.12311466472833,0.14092313283663457,0.01780846810830456,0.02162456841722697,0.023078320915864075,0.029620207159731057,0.04624750136289297,0.5975831364710158
LA-KAIE-FIRPrior,5,2,5.912602913236226,0.39417309340188517,0.6272498856606326,0.02393428692819714,0.8190874035989717,-0.3764086516573985,0.8063136078756181,0.35262002523619124,18,0.5601447030222562,0.12633352049410443,0.14093206064008984,0.01647014785700917,0.024892382556616133,0.015815085158150853,0.04080104810031817,0.03060078607523863,0.6041549691184728
LA-KAIE-FIRPrior,5,3,5.219358893777499,0.39390655105973027,0.7161207821296337,0.029913807672807165,0.7860067437379576,-0.3696707278554367,0.7943146264176422,0.33245716416711085,16,0.5710336796326599,0.14576689640983437,0.1598600966978706,0.018002263141652094,0.021396975619792202,0.0182080032918424,0.0801357884991256,0.04629153379281967,0.5103384425470631
LA-KAIE-FIRPrior,5,4,5.353052234109503,0.37749823653891373,0.7060435166316843,0.03289799966936684,0.7848577474723725,-0.38012167055716606,0.7650002106192788,0.3302840856695626,18,0.5709745584759484,0.14279955658570997,0.1588229366119117,0.019752091101481406,0.021364506701602337,0.02005441902650408,0.06439584802982969,0.047667036178575026,0.5251436057643858
LA-KAIE-FIRPrior,5,5,5.82416192283365,0.37912684622067766,0.6650611065870043,0.025757575757575757,0.807015638575152,-0.39355185828864414,0.7846055741755177,0.3408963660291155,17,0.5707375424637582,0.13181218178389592,0.14689798227418444,0.016688666792381672,0.01989439939656798,0.016028663020931547,0.03912879502168584,0.06241749952856873,0.5671318121817839
LA-KAIE-FIRPrior,6,1,11.824478816408877,0.31911505431382586,0.5209672339107786,0.02057004571121269,0.8852869248706137,0.011370936656816138,0.23351512146752604,0.25024780795803514,29,0.46207532253821765,0.05207827915251496,0.07941128901827592,0.017682893956547523,0.01687422502560785,0.016496846191169336,0.06350746670979568,0.03196937840314842,0.7219796215429404
LA-KAIE-FIRPrior,6,2,12.778004073319755,0.3421527999149931,0.4540618228562743,0.01975599182510683,0.8948570821379237,0.022224860970927584,0.33804951995957555,0.26661956588649893,29,0.4575953930561391,0.04495636289831541,0.07367566470468845,0.014105946823624925,0.018672620255733713,0.01618632027603004,0.03120560178607672,0.029277450781408566,0.7719200324741222
LA-KAIE-FIRPrior,6,3,12.40257104194858,0.3154765151928427,0.4450221510778882,0.019811975518960186,0.903824123070209,0.01685176243360695,0.3467574210625827,0.24993434311299653,29,0.45784739802828806,0.04704720316074028,0.07335204824287794,0.014867955915990851,0.017519234768143065,0.016323559991682262,0.03030775629028904,0.023289665211062592,0.777292576419214
LA-KAIE-FIRPrior,6,4,9.241153342070774,0.3402354275989221,0.5634516548996039,0.024344401682627765,0.8739895050347468,0.02665314401622718,0.4108047270680923,0.23988672344705483,30,0.46913833040749203,0.07272488164124145,0.09876380852183061,0.01716201998947922,0.020252498684902684,0.01788532351394003,0.03202261967385586,0.05641767490794319,0.6847711730668069
LA-KAIE-FIRPrior,6,5,11.124248496993989,0.3496066774755299,0.48747136522835144,0.02821869488536155,0.8923917612442203,0.012089810017271156,0.42615327380952384,0.24687123674904016,28,0.46866321593823945,0.05643379228284889,0.08176100628930817,0.017111451073715225,0.016431525865488128,0.022664173607569834,0.03337299563714658,0.025100572270383592,0.7471244829735396
LA-KAIE-FIRPrior,7,1,8.987581699346405,0.280343247763799,0.5901244260479362,0.02380526221585824,0.8712093665915206,-0.09157957243716144,0.7318276910585396,0.4499103051690765,14,0.5520735306486693,0.07742368332774237,0.10137537739013754,0.015296880241529687,0.020932572962093256,0.017846360281784636,0.07131834954713183,0.03529017108352902,0.6605166051660517
LA-KAIE-FIRPrior,7,2,9.043819489862654,0.2915822967891235,0.628311948869278,0.02139438866472741,0.8683829910326873,-0.118003924293868,0.7129506504950913,0.4743281665863049,14,0.5553478430394503,0.07764140875133405,0.09991995731056563,0.01700907150480256,0.02294557097118463,0.015208110992529349,0.06550160085378869,0.07163820704375667,0.6301360725720384
LA-KAIE-FIRPrior,7,3,8.961437908496732,0.2671577565458391,0.6176070254341245,0.023954953235350258,0.8764495660418642,-0.06205577368783725,0.7619232368660326,0.45038392700446694,14,0.5541321454575089,0.07924249546706064,0.0987845007051239,0.014975488550130952,0.02242965549660869,0.016855818951044255,0.04888859042374589,0.08092136189644752,0.6379020885098382
LA-KAIE-FIRPrior,7,4,8.214656290531776,0.27646640877871637,0.6636758290763547,0.02654867256637168,0.8604247256651141,-0.07482708364368909,0.741320060484331,0.4447528606244197,14,0.5679183106375976,0.08745767595994525,0.1085656652978892,0.017938188891290254,0.02154023485339673,0.01837043440674303,0.07787623370074202,0.07254520567682443,0.5957063612131691
LA-KAIE-FIRPrior,7,5,7.707096774193548,0.3026954629164574,0.6532020185189997,0.026880554953392585,0.854093420391763,-0.13350337692103864,0.7636874277952966,0.45041321075337326,14,0.5597610488647115,0.09657415110035544,0.11389246010738864,0.017469560614081524,0.022309612039627922,0.018755199273992287,0.07615518414883159,0.05203055282462376,0.6028132798910989
LA-KAIE-FIRPrior,8,1,10.412466843501326,0.22251942427716215,0.637008642717139,0.03262628844024193,0.8859380970576997,0.02295849695970657,0.7066049899152529,0.49851870449495467,9,0.5521217275503231,0.06351762390409733,0.08838790481302558,0.015029522275899088,0.05707640007156915,0.02284248822091012,0.043955388560863604,0.07586330291644301,0.6333273692371921
LA-KAIE-FIRPrior,8,2,8.715775749674055,0.24525056095736725,0.6281505758343534,0.026141202099217744,0.8705310396409873,-0.007840965520443296,0.7486383133719984,0.536003301683203,8,0.5630126561053999,0.08002477121034886,0.10252528727723113,0.01651414023257414,0.0319961467006124,0.018165554255831554,0.044037707286864375,0.07403839537604073,0.6326979976604968
LA-KAIE-FIRPrior,8,3,8.734680573663624,0.23464437644600344,0.7418110882858219,0.04798206278026906,0.8643928651391894,0.049942652102970296,0.7102030597734237,0.491082445207573,8,0.5694345897992356,0.08244881188796822,0.10401972197493665,0.01807847702526878,0.062384441553105525,0.029309046086420598,0.05416695199616517,0.12223515715948778,0.5273573923166472
LA-KAIE-FIRPrior,8,4,7.708387096774193,0.2581185135587546,0.6392372158873931,0.027115474520804116,0.8557917643120188,-0.06088966703899241,0.7771415987650143,0.5330219132832678,7,0.5706077568671378,0.09669615181069026,0.11400922355787405,0.016179027746276557,0.022076056550994178,0.017539880547365237,0.0255537914871097,0.104180842216678,0.603765026083012
LA-KAIE-FIRPrior,8,5,8.788649706457926,0.2340236027610777,0.6674926876231131,0.032898578937122835,0.8696652564388035,-0.011622254251209307,0.7508914216353266,0.4892004668225389,8,0.5603370097910969,0.08103130755064457,0.10251688152240639,0.015824295750630924,0.03089830161653366,0.023054361912557126,0.07843939703976537,0.0689584612236546,0.5992769933838074
LA-KAIE-FixedPolicy,1,1,24.022813688212928,0.06701487812598923,-0.0,0.0,1.0,0.08727972987232248,,0.06990937374255879,31,0.39848836210948624,0.0,0.0,0.0,1.0,0.0,0.0,0.0,0.0
LA-KAIE-FixedPolicy,1,2,24.022813688212928,0.0647673314339981,-0.0,0.0,1.0,0.09118710964389977,,0.10750094897018142,30,0.40010947502058714,0.0,0.0,0.0,1.0,0.0,0.0,0.0,0.0
LA-KAIE-FixedPolicy,1,3,24.022813688212928,0.09373219373219373,-0.0,0.0,1.0,0.12133058984910836,,0.06879571936716677,30,0.3919207347303809,0.0,0.0,0.0,1.0,0.0,0.0,0.0,0.0
LA-KAIE-FixedPolicy,1,4,24.022813688212928,0.08768597657486546,-0.0,0.0,1.0,0.13949667616334283,,0.12008719208096297,30,0.391656008774182,0.0,0.0,0.0,1.0,0.0,0.0,0.0,0.0
LA-KAIE-FixedPolicy,1,5,24.022813688212928,0.014339981006647674,-0.0,0.0,1.0,0.05542893320671098,,0.003279885842669999,31,0.38156826574011765,0.0,0.0,0.0,1.0,0.0,0.0,0.0,0.0
LA-KAIE-FixedPolicy,2,1,24.022813688212928,0.030009496676163344,-0.0,0.0,1.0,0.1257127783053709,,0.10940599602686835,30,0.3897548141429014,0.0,0.0,0.0,1.0,0.0,0.0,0.0,0.0
LA-KAIE-FixedPolicy,2,2,24.022813688212928,0.013865147198480532,-0.0,0.0,1.0,0.039963068481587004,,1.252190281757354e-15,31,0.38572843272681423,0.0,0.0,0.0,1.0,0.0,0.0,0.0,0.0
LA-KAIE-FixedPolicy,2,3,24.022813688212928,0.030864197530864196,-0.0,0.0,1.0,0.09441173367099293,,0.033155348507512165,31,0.3916758788294426,0.0,0.0,0.0,1.0,0.0,0.0,0.0,0.0
LA-KAIE-FixedPolicy,2,4,24.022813688212928,0.014150047483380817,-0.0,0.0,1.0,0.05227287116176005,,0.011791893816994262,31,0.3938636262843003,0.0,0.0,0.0,1.0,0.0,0.0,0.0,0.0
LA-KAIE-FixedPolicy,2,5,24.022813688212928,0.024817980373535928,-0.0,0.0,1.0,0.10113960113960115,,0.0771705528769924,30,0.38960269234221034,0.0,0.0,0.0,1.0,0.0,0.0,0.0,0.0
LA-KAIE-FixedPolicy,3,1,24.022813688212928,0.10952833175055397,-0.0,0.0,1.0,0.11262002743484224,,0.020196957484653697,31,0.38877695332309586,0.0,0.0,0.0,1.0,0.0,0.0,0.0,0.0
LA-KAIE-FixedPolicy,3,2,24.022813688212928,0.08559670781893004,-0.0,0.0,1.0,0.13364355808800255,,0.028588554274924367,31,0.3926319717428033,0.0,0.0,0.0,1.0,0.0,0.0,0.0,0.0
LA-KAIE-FixedPolicy,3,3,24.022813688212928,0.04897119341563786,-0.0,0.0,1.0,0.05952305581935212,,0.050013997274484245,30,0.3858547408357121,0.0,0.0,0.0,1.0,0.0,0.0,0.0,0.0
LA-KAIE-FixedPolicy,3,4,24.022813688212928,0.015479582146248812,-0.0,0.0,1.0,0.03419647567795716,,0.016644687751843707,31,0.3882538166919418,0.0,0.0,0.0,1.0,0.0,0.0,0.0,0.0
LA-KAIE-FixedPolicy,3,5,24.022813688212928,0.012377334599556821,-0.0,0.0,1.0,0.0607607892793078,,0.05081962976303223,31,0.38794155780308076,0.0,0.0,0.0,1.0,0.0,0.0,0.0,0.0
LA-KAIE-FixedPolicy,4,1,24.022813688212928,0.013928458372902817,-0.0,0.0,1.0,0.08280890577186874,,0.05202369752722242,30,0.39349675040604176,0.0,0.0,0.0,1.0,0.0,0.0,0.0,0.0
LA-KAIE-FixedPolicy,4,2,24.022813688212928,0.015257993035770814,-0.0,0.0,1.0,0.07504129615240726,,0.10695357751007867,31,0.3901063404752374,0.0,0.0,0.0,1.0,0.0,0.0,0.0,0.0
LA-KAIE-FixedPolicy,4,3,24.022813688212928,0.015859449192782527,-0.0,0.0,1.0,0.07100348211459323,,0.0477112451160729,30,0.38642769374093916,0.0,0.0,0.0,1.0,0.0,0.0,0.0,0.0
LA-KAIE-FixedPolicy,4,4,24.022813688212928,0.060082304526748974,-0.0,0.0,1.0,0.14397594175371956,,0.09927501494114968,29,0.393651147064527,0.0,0.0,0.0,1.0,0.0,0.0,0.0,0.0
LA-KAIE-FixedPolicy,4,5,24.022813688212928,0.03710034821145932,-0.0,0.0,1.0,0.11784199339754896,,0.11034992539260308,30,0.3947375346146055,0.0,0.0,0.0,1.0,0.0,0.0,0.0,0.0
LA-KAIE-FixedPolicy,5,1,24.022813688212928,0.024817980373535928,-0.0,0.0,1.0,0.053498264424190346,,0.031231608621814726,31,0.4076144580999628,0.0,0.0,0.0,1.0,0.0,0.0,0.0,0.0
LA-KAIE-FixedPolicy,5,2,24.022813688212928,0.025387780943336498,-0.0,0.0,1.0,0.039301717943693255,,0.054696639441581804,30,0.40152402487769645,0.0,0.0,0.0,1.0,0.0,0.0,0.0,0.0
LA-KAIE-FixedPolicy,5,3,24.022813688212928,0.015257993035770814,-0.0,0.0,1.0,0.05879392212725546,,0.06343053764838202,31,0.39387066755047534,0.0,0.0,0.0,1.0,0.0,0.0,0.0,0.0
LA-KAIE-FixedPolicy,5,4,24.022813688212928,0.014814814814814815,-0.0,0.0,1.0,0.01996623404030811,,0.05004312988594711,30,0.39662602092663807,0.0,0.0,0.0,1.0,0.0,0.0,0.0,0.0
LA-KAIE-FixedPolicy,5,5,24.022813688212928,0.023361823361823363,-0.0,0.0,1.0,0.03048199400051252,,0.12216382777145166,30,0.40393516812003455,0.0,0.0,0.0,1.0,0.0,0.0,0.0,0.0
LA-KAIE-FixedPolicy,6,1,24.022813688212928,0.01247230136119025,-0.0,0.0,1.0,0.039946034760849576,,0.06229575611745938,30,0.39967556263459975,0.0,0.0,0.0,1.0,0.0,0.0,0.0,0.0
LA-KAIE-FixedPolicy,6,2,24.022813688212928,0.01452991452991453,-0.0,0.0,1.0,0.0037406352221167026,,0.06502024860766774,30,0.3940978645344807,0.0,0.0,0.0,1.0,0.0,0.0,0.0,0.0
LA-KAIE-FixedPolicy,6,3,24.022813688212928,0.06983222538778094,-0.0,0.0,1.0,0.0997957369562308,,0.04532878214073468,31,0.40370163776257506,0.0,0.0,0.0,1.0,0.0,0.0,0.0,0.0
LA-KAIE-FixedPolicy,6,4,24.022813688212928,0.06717315606204495,-0.0,0.0,1.0,0.10932244481627199,,0.02014649184876899,31,0.3992139638232754,0.0,0.0,0.0,1.0,0.0,0.0,0.0,0.0
LA-KAIE-FixedPolicy,6,5,24.022813688212928,0.018296929408040518,-0.0,0.0,1.0,0.04190672153635117,,0.0823975078258591,29,0.39399970632161985,0.0,0.0,0.0,1.0,0.0,0.0,0.0,0.0
LA-KAIE-FixedPolicy,7,1,24.022813688212928,0.006900918012029123,-0.0,0.0,1.0,0.08830310890614786,,0.0387578460438814,30,0.406898241386465,0.0,0.0,0.0,1.0,0.0,0.0,0.0,0.0
LA-KAIE-FixedPolicy,7,2,24.022813688212928,0.012092434314656536,-0.0,0.0,1.0,0.09324285225519792,,0.0731388556940039,29,0.40674544771074395,0.0,0.0,0.0,1.0,0.0,0.0,0.0,0.0
LA-KAIE-FixedPolicy,7,3,24.022813688212928,0.009686609686609686,-0.0,0.0,1.0,0.0545087120680663,,0.04561595740738024,30,0.4033527151100498,0.0,0.0,0.0,1.0,0.0,0.0,0.0,0.0
LA-KAIE-FixedPolicy,7,4,24.022813688212928,0.007628996517885407,-0.0,0.0,1.0,0.038301602375676445,,5.787314853724182e-18,31,0.38702800083532124,0.0,0.0,0.0,1.0,0.0,0.0,0.0,0.0
LA-KAIE-FixedPolicy,7,5,24.022813688212928,0.00905349794238683,-0.0,0.0,1.0,0.05910056107586972,,0.06571736959326382,30,0.4070681891094864,0.0,0.0,0.0,1.0,0.0,0.0,0.0,0.0
LA-KAIE-FixedPolicy,8,1,24.022813688212928,0.005761316872427984,-0.0,0.0,1.0,0.03905998719514724,,0.034061873941504256,31,0.40851608144660195,0.0,0.0,0.0,1.0,0.0,0.0,0.0,0.0
LA-KAIE-FixedPolicy,8,2,24.022813688212928,0.007597340930674264,-0.0,0.0,1.0,0.022367924059258564,,0.07536995607415667,30,0.4074616100580327,0.0,0.0,0.0,1.0,0.0,0.0,0.0,0.0
LA-KAIE-FixedPolicy,8,3,24.022813688212928,0.008831908831908831,-0.0,0.0,1.0,0.0639512048997773,,0.06778850886988008,31,0.4192814536246636,0.0,0.0,0.0,1.0,0.0,0.0,0.0,0.0
LA-KAIE-FixedPolicy,8,4,24.022813688212928,0.009116809116809116,-0.0,0.0,1.0,0.12634119316953119,,0.0793605251026918,29,0.4214353224169219,0.0,0.0,0.0,1.0,0.0,0.0,0.0,0.0
LA-KAIE-FixedPolicy,8,5,24.022813688212928,0.003798670465337132,-0.0,0.0,1.0,0.04465933024100166,,1.1148254055944078e-14,31,0.3883204279945141,0.0,0.0,0.0,1.0,0.0,0.0,0.0,0.0
LA-KAIE-Full,1,1,9.052321778940485,0.363268549960263,0.5406963726649008,0.022562378340116793,0.02116899067986417,0.017064846416382253,0.004133451431945674,0.03150909736249906,31,0.4681299873268289,0.07523217745707222,0.10095543529097348,0.023718848132558295,0.01957640141644952,0.017037482461415114,0.036613883877864635,0.02538918955034409,0.7014765818133226
LA-KAIE-Full,1,2,12.706241519674355,0.34529339526936836,0.4960410576792044,0.018605525277203532,0.02007581824977308,0.023936170212765957,-0.001734502987704099,0.10484673310642656,30,0.4512121209774444,0.04473120473324493,0.07390594715903295,0.01831072120779353,0.019177802713455063,0.015148423951851474,0.05636029786799959,0.029684790370294808,0.7426808119963276
LA-KAIE-Full,1,3,9.155861165684348,0.3776553894571204,0.5420117130477716,0.02058694699956198,0.028038051641513483,0.07397959183673469,0.003875683763828587,0.007444933426605294,31,0.46231075250212,0.07379927128188142,0.09744948658496191,0.016694269625703875,0.025968863862206027,0.015568068896985757,0.03895329579330904,0.029877442861874794,0.7016893010930771
LA-KAIE-Full,1,4,11.139612558450233,0.3550011993283761,0.5102408110837883,0.01826191998863071,0.01870952266730631,0.03205128205128205,0.0003238816915179661,0.0268046725894221,31,0.4584436983153392,0.05726722822092826,0.08287636384193567,0.016450901690316017,0.017638080162813048,0.014528803211035106,0.05229238509808355,0.0301882525863531,0.7287579851885353
LA-KAIE-Full,1,5,11.685023505708529,0.32386918788436114,0.4866065508482158,0.02040816326530612,0.018851658141272487,0.03048780487804878,-0.003709995508952805,0.012582114712245348,31,0.4537766516460632,0.052290429761969605,0.08001525137534723,0.016231820905278065,0.017865896835339616,0.01644969769595294,0.041832343809575685,0.02756141402037148,0.7477531455961653
LA-KAIE-Full,2,1,9.23394495412844,0.3808814136682989,0.51480757252132,0.02160520607375271,0.01916116670215031,0.04814814814814815,0.0025806140414345318,0.00923030155586731,31,0.46605316642069217,0.07423953748111162,0.09795677025162604,0.01938111819197162,0.017738650548584194,0.016358977728138754,0.021877669009920504,0.033506339925103476,0.7189409368635438
LA-KAIE-Full,2,2,11.882907133243608,0.3525880620681844,0.47914331997779064,0.018431346549095007,0.019141465624646054,0.03550295857988166,0.005254041570438799,0.05442187626789057,31,0.4553332404134765,0.05079825834542816,0.0783744557329463,0.018061602967263345,0.01816911250873515,0.01494382626458098,0.042735042735042736,0.023813363436004945,0.7531043380099984
LA-KAIE-Full,2,3,9.952475247524752,0.3623159570234779,0.5050324857330771,0.02031138860349324,0.02347791484281735,0.02824858757062147,0.0028524857375713123,0.03978510683869584,31,0.45653283382328147,0.06695544554455446,0.09207920792079208,0.01707920792079208,0.021905940594059405,0.015903465346534654,0.03818069306930693,0.018997524752475247,0.7288985148514852
LA-KAIE-Full,2,4,11.349397590361447,0.33828733191790517,0.512411544996479,0.01978329255505068,0.016808209483368718,0.0035087719298245615,-0.0017995321216483719,0.024893860355499748,31,0.45510106781775533,0.05490217936569868,0.0822696616688033,0.018672314809653867,0.015885402151496572,0.01577392564517028,0.053452984783456885,0.030934730505545956,0.7281088010701745
LA-KAIE-Full,2,5,9.30360655737705,0.3731322244149986,0.5596998918084073,0.021656926778961843,0.021919932337186355,0.041157556270096464,-0.0003709461012912766,0.011772739476528005,31,0.4625153424409214,0.07419249592169658,0.09774877650897226,0.023882544861337684,0.02029363784665579,0.016443719412724305,0.05487765089722675,0.024600326264274063,0.6879608482871126
LA-KAIE-Full,3,1,11.017344896597733,0.3629427792915531,0.46330223260539116,0.015473887814313346,0.018891916439600365,0.02564102564102564,0.004793351025530252,0.027802124242188187,31,0.45128329572246384,0.057309207146526625,0.0847651121639363,0.02060619898396027,0.017809235686968433,0.012329470860208917,0.024202294651521204,0.02271819167760717,0.7602602888292711
LA-KAIE-Full,3,2,11.081441922563418,0.3667469879518072,0.4652598207160706,0.022609681763413426,0.021987951807228914,0.019178082191780823,0.0004927625500461965,0.028113893100712318,31,0.453736045542596,0.05649653290894623,0.08411958622257588,0.018472206434011595,0.020745708764351483,0.018131181084460612,0.023644424235534842,0.018244856200977606,0.7601455041491417
LA-KAIE-Full,3,3,11.017344896597733,0.3620950650923403,0.5265631100301722,0.01908091180540383,0.02555252800484408,0.08767772511848342,0.0026098303610265334,0.020826264687958704,31,0.45480204813160413,0.0575781784980598,0.0847409267290573,0.022198128281214334,0.024081259986304497,0.014950924446473408,0.04901848892946816,0.02784752339648482,0.7195845697329377
LA-KAIE-Full,3,4,7.752098127824403,0.4110592938041306,0.6034079422218216,0.020928215137714163,0.022901399067288473,0.007272727272727273,0.01150600869342879,0.03733759788646895,31,0.4591513962546484,0.09325681492109039,0.11160613154119157,0.018726874575247302,0.02076568753303632,0.014573737068640036,0.03692516801329004,0.059276598957940047,0.6448689873895643
LA-KAIE-Full,3,5,9.245085190039319,0.36560816557981285,0.5049790517132691,0.018438738583491297,0.022398639070031187,0.02531645569620253,0.0075406032482598605,0.04764709738538899,30,0.45913316701012763,0.07494590518654515,0.09887876204839027,0.017703757130679957,0.020719952789980983,0.014031866762835224,0.02242475903219461,0.026752344108583043,0.7245426529407908
LA-KAIE-Full,4,1,12.363083164300203,0.3616625649439431,0.4376572672978057,0.01905183872396987,0.019360131255127155,0.09322033898305085,0.0025653895488260553,0.06426027271833111,30,0.4504767315191445,0.048449208992506244,0.07571815154038301,0.01623646960865945,0.018422148209825146,0.015664029975020817,0.025655703580349708,0.01899458784346378,0.7808597002497918
LA-KAIE-Full,4,2,11.481233243967829,0.3626970227670753,0.4602446206567827,0.01660062850116136,0.021599532983070636,0.024324324324324326,0.001495624502784407,0.03981530756656478,31,0.4539929533974147,0.05390478294488015,0.0811885562796863,0.015298795979233403,0.020435214845907435,0.013420965425825692,0.03126035568319894,0.020711366397879155,0.763779962443389
LA-KAIE-Full,4,3,10.223031105228326,0.4050624716773484,0.5093366150737446,0.01810542398777693,0.016378584838479964,0.039525691699604744,-0.0024132332938440614,0.04843675309922864,31,0.4517296638883537,0.06376144008727802,0.0907327716831323,0.019031456451906178,0.015334262682586823,0.014364506939814534,0.05521546760409722,0.017758652039517545,0.7238014425116673
LA-KAIE-Full,4,4,11.000667111407605,0.3647665251667677,0.4996451933072404,0.02051720453088267,0.020861127956337173,0.0436046511627907,0.0032825467608076303,0.03231842298962034,31,0.4549614815317238,0.05916585838991271,0.08330005134934672,0.017116448907400012,0.01962686141381868,0.01643179095110401,0.04849660523763336,0.019912135562275345,0.7359502481885092
LA-KAIE-Full,4,5,8.44928478543563,0.3555213543670643,0.5577112426137533,0.021594999052850918,0.02339361292804925,0.015350877192982454,0.01363170750925853,0.05985057823102231,30,0.464679416229528,0.08279220779220779,0.10410784867306606,0.017998306041784304,0.021456804065499716,0.016092603049124788,0.043619424054206664,0.028444381705251272,0.6854884246188594
LA-KAIE-Full,5,1,9.832564271588662,0.36303298471440065,0.5304741605949311,0.0214588772845953,0.019978546527219095,0.10850111856823268,0.0008437086696766531,0.11522536493970521,29,0.4635560319909873,0.06798300424893776,0.09410147463134216,0.0225568607848038,0.018620344913771555,0.016433391652086977,0.03686578355411147,0.03092976755811047,0.7125093726568358
LA-KAIE-Full,5,2,12.342123056119,0.3271611701544867,0.44883493520254547,0.017936086901604142,0.03407472334830722,-0.03027867095391211,-0.0011607683000604953,0.07147823904297584,30,0.4606187494540176,0.04693781653004751,0.07434866600532554,0.015454497989871039,0.016916409961885866,0.01482796428757897,0.038270766981673886,0.019631389338484833,0.7736124889051323
LA-KAIE-Full,5,3,12.700814111261872,0.31857272581592866,0.43619995862018396,0.019080659150043366,0.021900539501095027,0.11186991869918701,0.0005643238126444947,0.05048770886509734,31,0.46258813288842976,0.044700719497882326,0.07353166300964434,0.01500229626983722,0.02010511813032607,0.01571669133030566,0.024697657804766036,0.022962698372199827,0.7832831555850385
LA-KAIE-Full,5,4,10.681515957446809,0.33588546529723,0.5191232565166898,0.01983213251132734,0.0193588546529723,0.0932475884244373,0.003470018196436884,0.055330796955791905,31,0.46157744854043337,0.06014157842391622,0.08687766922131866,0.019247645234891475,0.01819458257766337,0.015620429415550226,0.04978646229450652,0.027906160416544784,0.7222254724156087
LA-KAIE-Full,5,5,12.773930753564155,0.31101190476190477,0.4525887536060269,0.018314345216219528,0.02386267006802721,0.06718634001484781,0.0033548781847360823,0.057015995054019546,30,0.46226270016633125,0.044485070079219986,0.07343083485679464,0.015488523258175908,0.015031484866951047,0.015183830997359335,0.04245378834044282,0.02249644525695714,0.7714300223440991
LA-KAIE-Full,6,1,9.633552631578947,0.36665983746500036,0.5200031065313223,0.02233169129720854,0.02089735709895513,0.07734204793028322,0.0037199786101229926,0.060594506388709925,30,0.4638217007010792,0.06957682043461685,0.09550133434998094,0.01715592832634388,0.019443385436523065,0.01728300927690939,0.03895031134832889,0.024399542508577964,0.717689668318719
LA-KAIE-Full,6,2,10.217736598279286,0.36874149880173585,0.4908909057242818,0.019264853201818602,0.02027333376514023,0.04952076677316294,0.0005729648728458728,0.030151945667005815,31,0.4660688352408654,0.06384913897647344,0.09028619936939122,0.016856657773465924,0.01897889886005336,0.015158864904195974,0.032015522677661896,0.02316274557361145,0.7396919718651468
LA-KAIE-Full,6,3,11.054072096128172,0.3243553354671176,0.49279657435847973,0.018073146435178596,0.018298206413430763,0.0297029702970297,0.0035063976377952754,0.03743462146183126,31,0.45984532247714466,0.05609074844667389,0.08202701932394688,0.014250698284215926,0.017271846320469703,0.014478709456763382,0.0455452317163541,0.02924243287921108,0.7410933135723651
LA-KAIE-Full,6,4,9.375328083989501,0.3666013437849944,0.5675947596018541,0.021430415698424993,0.020786674132138857,0.018069584736251403,0.0011364448574083343,0.054160146320389714,31,0.4605494403775085,0.07413167444271643,0.09771902540176257,0.0161353032659409,0.019245723172628303,0.0161353032659409,0.05572835666148263,0.03985225505443235,0.681052358735096
LA-KAIE-Full,6,5,11.801613987895092,0.32856573024103936,0.4698193674556769,0.018558364712210867,0.015613425266396946,0.0072992700729927005,-0.009792571152918475,0.032604821252334416,31,0.45783371633134146,0.050738356683074595,0.07783848109482339,0.019148590901714717,0.01482122572618597,0.014929409855574187,0.029804727646454265,0.03299615946340672,0.7597230486287662
LA-KAIE-Full,7,1,10.68218085106383,0.2880617453006349,0.4806426958877758,0.019869011700640225,0.04369475911863563,0.007122507122507125,0.006968671352946281,0.10245498274783385,30,0.46608687220159795,0.061016949152542375,0.08684979544126242,0.015254237288135594,0.01694915254237288,0.015780245470485097,0.030625365283459965,0.02571595558153127,0.7478082992402104
LA-KAIE-Full,7,2,10.743180306054558,0.30228525422679137,0.5211996480254104,0.022891656103198866,0.023409921347618753,0.024514991181657845,0.009977381782822837,0.1001888789492251,29,0.47170543325709424,0.05886810048376756,0.0860873113015096,0.015387305472984787,0.017543859649122806,0.017893571137145188,0.042198519554700706,0.040449962114588796,0.7215713702861806
LA-KAIE-Full,7,3,10.853431045969353,0.2935363083911362,0.47880141695970885,0.019570890113076254,0.03498864403658462,0.07184628237259816,0.006212497084579012,0.06725869868666502,31,0.4690547661301062,0.05865017912862591,0.08326591933433491,0.015601525482491621,0.017277244886166648,0.015601525482491621,0.030740783543279786,0.028024962440771985,0.7508378597018375
LA-KAIE-Full,7,4,10.734530938123752,0.28356266269988845,0.5078479448082849,0.022269121606869953,0.017602578405851,0.04225352112676056,0.006582544689800211,0.07212563684179073,29,0.4687617112066264,0.05979020979020979,0.08531468531468532,0.016258741258741258,0.01655011655011655,0.01783216783216783,0.05431235431235431,0.02132867132867133,0.7286130536130536
LA-KAIE-Full,7,5,10.401193633952255,0.2893847625119541,0.5485381758136677,0.020486057018227137,0.019190309212623526,0.059800664451827246,0.004701854740856302,0.07956274595104346,29,0.47133911089222696,0.06184580417489084,0.0876248579460494,0.016747413122794427,0.017764220348106943,0.015730605897481906,0.05215622943955978,0.04814881272803397,0.6999820563430827
LA-KAIE-Full,8,1,10.747172322022621,0.2505416950411688,0.5379515589193195,0.021814271449420077,0.03633999876183991,0.14826802952867688,0.007966079917769498,0.07866124636297507,30,0.4683836186727673,0.060872093023255816,0.08622093023255814,0.0161046511627907,0.02936046511627907,0.016511627906976745,0.03005813953488372,0.05052325581395349,0.7103488372093023
LA-KAIE-Full,8,2,9.74703557312253,0.2678426601784266,0.49748601951072313,0.018255578093306288,0.023046769397134362,0.15542521994134897,0.008075637034474807,0.19045325599959234,27,0.4665450113575396,0.06890692845006607,0.09288276382858221,0.01447360140960292,0.02145868730728085,0.014158957900698509,0.0283808445031779,0.02668176955509408,0.7330564470454974
LA-KAIE-Full,8,3,9.760210803689064,0.26471382289416845,0.543204900896436,0.023206928445303962,0.041509179265658745,0.22688346883468835,0.01559749313428632,0.0734996520400239,30,0.4773066485616926,0.0688203129910125,0.09402300295393125,0.016026648230783733,0.038526805354785996,0.017346489849789454,0.02645968198101942,0.035132926905914144,0.7036641317327635
LA-KAIE-Full,8,4,9.554240631163708,0.27780071566198733,0.5414927180305774,0.019159351789331532,0.018717313515001378,0.058911064425770314,0.011991584852734922,0.13800214341659542,29,0.47256667167079175,0.07108156481718231,0.09473280490923038,0.01700332395806699,0.017386857581181282,0.014510355407824086,0.04103809767322935,0.04244438762464843,0.7018026080286371
LA-KAIE-Full,8,5,8.915088177661659,0.2812660268151513,0.5632962825898489,0.02334384858044164,0.04168803575353506,0.11369570675370325,0.01591488277268094,0.06537086087339022,31,0.4675481638109257,0.07901484480431849,0.10114709851551956,0.016936572199730094,0.023616734143049933,0.01747638326585695,0.04723346828609987,0.030634278002699054,0.683940620782726
LA-KAIE-NoAdaptiveController,1,1,24.022813688212928,0.16729977841088953,0.40816602043469924,0.2011173184357542,0.0,,-0.16512081882452254,0.02896931382083307,31,0.3730803629605097,0.0,0.0,0.6260208926875593,0.0,0.07521367521367521,0.0,0.0,0.29876543209876544
LA-KAIE-NoAdaptiveController,1,2,24.022813688212928,0.16815447926559038,0.3968898902110033,0.17490890161374284,0.0,,-0.11980584573177165,0.042920185292143434,31,0.3676599787589282,0.0,0.0,0.6351377018043685,0.0,0.06381766381766382,0.0,0.0,0.3010446343779677
LA-KAIE-NoAdaptiveController,1,3,24.022813688212928,0.13447293447293449,0.4571355539568064,0.22946037919299953,0.015194681861348529,0.5096527777777777,-0.12498660666452374,0.007610756903335092,31,0.37601460683449567,0.0,0.0,0.5941120607787275,0.015194681861348529,0.08964862298195632,0.0,0.0,0.3010446343779677
LA-KAIE-NoAdaptiveController,1,4,24.022813688212928,0.1723963279518835,0.4188881863990842,0.11005053340819765,0.030389363722697058,0.2721875,-0.154826422896942,0.049451056001936854,31,0.3738295197805106,0.0,0.0,0.6343779677113011,0.02735042735042735,0.03722697056030389,0.0,0.0,0.3010446343779677
LA-KAIE-NoAdaptiveController,1,5,24.022813688212928,0.148116492560937,0.3485314771793329,0.08115942028985507,0.0,,-0.04182758256832331,8.208814396026307e-06,31,0.3679456410561801,0.0,0.0,0.6723646723646723,0.0,0.026590693257359924,0.0,0.0,0.3010446343779677
LA-KAIE-NoAdaptiveController,2,1,24.022813688212928,0.12288698955365622,0.4768531247316085,0.22036399409739302,0.030389363722697058,0.26729332010582013,-0.08507998694090761,0.01096971653892008,31,0.36904148971140416,0.0,0.0,0.5834757834757834,0.030389363722697058,0.08509021842355176,0.0,0.0,0.3010446343779677
LA-KAIE-NoAdaptiveController,2,2,24.022813688212928,0.1306426084203862,0.4577263510978615,0.3063457330415755,0.0,,-0.05968449931412895,0.0267575126024987,31,0.37100095459449284,0.0,0.0,0.5660018993352327,0.0,0.13295346628679963,0.0,0.0,0.3010446343779677
LA-KAIE-NoAdaptiveController,2,3,24.022813688212928,0.13364988920544477,0.4157632762053094,0.21417947446703026,0.0,,-0.10624670254299882,0.005849022032864931,31,0.3715041761188853,0.0,0.0,0.6169040835707502,0.0,0.08205128205128205,0.0,0.0,0.3010446343779677
LA-KAIE-NoAdaptiveController,2,4,24.022813688212928,0.15897435897435896,0.3934929710600066,0.1679790026246719,0.0,,-0.17749574156981565,0.016590768239956317,31,0.375849352602611,0.0,0.0,0.6381766381766382,0.0,0.060778727445394115,0.0,0.0,0.3010446343779677
LA-KAIE-NoAdaptiveController,2,5,24.022813688212928,0.14023425134536247,0.37027663151036194,0.12188365650969529,0.0,,-0.12104568956420808,0.03160237954504407,31,0.3697400370868838,0.0,0.0,0.6571699905033238,0.0,0.04178537511870845,0.0,0.0,0.3010446343779677
LA-KAIE-NoAdaptiveController,3,1,24.022813688212928,0.15932257043368153,0.45089078336793614,0.1238253178551686,0.045584045584045586,0.22308531746031746,-0.21317302377003872,0.02304565000238322,31,0.37698783675988146,0.0,0.0,0.6108262108262108,0.045584045584045586,0.04254510921177588,0.0,0.0,0.3010446343779677
LA-KAIE-NoAdaptiveController,3,2,24.022813688212928,0.13216207660652105,0.44425373582095645,0.27592507994518045,0.0,,-0.0903767014878126,0.03247042515639299,31,0.37370922775164983,0.0,0.0,0.584235517568851,0.0,0.11471984805318139,0.0,0.0,0.3010446343779677
LA-KAIE-NoAdaptiveController,3,3,24.022813688212928,0.1610003165558721,0.3984363437302426,0.14463032919589855,0.015194681861348529,0.18680555555555553,-0.10692167577413478,0.019439959186866897,31,0.3701478288594341,0.0,0.0,0.6419753086419753,0.006077872744539411,0.05090218423551757,0.0,0.0,0.3010446343779677
LA-KAIE-NoAdaptiveController,3,4,24.022813688212928,0.14976258309591642,0.40021019916942385,0.18172431595250388,0.0,,-0.03741690408357075,1.2305475053999224e-07,31,0.3626309124036198,0.0,0.0,0.6320987654320988,0.0,0.06685660018993353,0.0,0.0,0.3010446343779677
LA-KAIE-NoAdaptiveController,3,5,24.022813688212928,0.15546058879392213,0.44001881257583514,0.2665432670060157,0.0,,-0.15501741057296614,0.02624312498442716,31,0.37099430065194755,0.0,0.0,0.5895536562203229,0.0,0.1094017094017094,0.0,0.0,0.3010446343779677
LA-KAIE-NoAdaptiveController,4,1,24.022813688212928,0.13488445710667932,0.4097414501631643,0.20151133501259447,0.0,,-0.09267173156062045,0.03808923752842041,31,0.3723804571766741,0.0,0.0,0.6229819563152896,0.0,0.07597340930674264,0.0,0.0,0.3010446343779677
LA-KAIE-NoAdaptiveController,4,2,24.022813688212928,0.1341247230136119,0.47456769411166255,0.2678983833718245,0.015194681861348529,0.40020833333333333,-0.13164041572913318,0.05155708893420105,30,0.3663886281533574,0.0,0.0,0.5735992402659069,0.015194681861348529,0.11016144349477683,0.0,0.0,0.3010446343779677
LA-KAIE-NoAdaptiveController,4,3,24.022813688212928,0.15694840139284583,0.4394604112579288,0.1917389087200408,0.015194681861348529,0.31990079365079366,-0.17667952426872388,0.009438283949972946,31,0.37556462595897655,0.0,0.0,0.6123456790123457,0.015194681861348529,0.07141500474833808,0.0,0.0,0.3010446343779677
LA-KAIE-NoAdaptiveController,4,4,24.022813688212928,0.15688509021842356,0.4150242989938115,0.21261798310978638,0.0,,-0.13533713200379868,0.05383884049332558,30,0.3683811861995713,0.0,0.0,0.6176638176638176,0.0,0.08129154795821462,0.0,0.0,0.3010446343779677
LA-KAIE-NoAdaptiveController,4,5,24.022813688212928,0.13048433048433047,0.451746008340674,0.2927264614011602,0.0,,-0.09264957264957266,0.02125838132715681,31,0.3752055127866292,0.0,0.0,0.5743589743589743,0.0,0.12459639126305792,0.0,0.0,0.3010446343779677
LA-KAIE-NoAdaptiveController,5,1,24.022813688212928,0.12469135802469136,0.4305524366265699,0.17318727177882107,0.015194681861348529,0.1850446428571429,-0.20517839922854386,0.04973347291266947,30,0.384091284033012,0.0,0.0,0.6207027540360873,0.015194681861348529,0.0630579297245964,0.0,0.0,0.3010446343779677
LA-KAIE-NoAdaptiveController,5,2,24.022813688212928,0.13564419119974674,0.4623865406347025,0.3171046962516157,0.0,,-0.19401709401709402,0.04042514518686794,31,0.3836016364326069,0.0,0.0,0.5591642924976258,0.0,0.13979107312440645,0.0,0.0,0.3010446343779677
LA-KAIE-NoAdaptiveController,5,3,24.022813688212928,0.12389996834441279,0.48786958821825643,0.3791617704661183,0.0,,-0.21305355823874342,0.041936980641357056,31,0.38090089912857245,0.0,0.0,0.5150997150997151,0.0,0.1838556505223172,0.0,0.0,0.3010446343779677
LA-KAIE-NoAdaptiveController,5,4,24.022813688212928,0.14599556821779044,0.48034183644221956,0.3601130399677029,0.0,,-0.24145057959872773,0.09295878255020804,30,0.3762760848805763,0.0,0.0,0.5295346628679962,0.0,0.1694207027540361,0.0,0.0,0.3010446343779677
LA-KAIE-NoAdaptiveController,5,5,24.022813688212928,0.1356758467869579,0.4925915094134441,0.3915547024952015,0.0,,-0.15067961530924495,0.04565430750007854,30,0.3794848591781644,0.0,0.0,0.5052231718898386,0.0,0.19373219373219372,0.0,0.0,0.3010446343779677
LA-KAIE-NoAdaptiveController,6,1,24.022813688212928,0.14023425134536247,0.4010286795724134,0.18341061308603812,0.0,,-0.2339993065918992,0.03872884268598052,30,0.37945662357878823,0.0,0.0,0.6313390313390314,0.0,0.06761633428300096,0.0,0.0,0.3010446343779677
LA-KAIE-NoAdaptiveController,6,2,24.022813688212928,0.1378284267173156,0.4337116544747393,0.2527109853842527,0.0,,-0.08968186134852803,0.018101634680712214,31,0.3721376176333861,0.0,0.0,0.5971509971509972,0.0,0.10180436847103513,0.0,0.0,0.3010446343779677
LA-KAIE-NoAdaptiveController,6,3,24.022813688212928,0.13266856600189933,0.49215145519304476,0.3051293292415607,0.030389363722697058,0.05767113095238097,-0.2434269234954837,0.08844810867983413,29,0.3754266918140762,0.0,0.0,0.5508072174738842,0.015954415954415956,0.1321937321937322,0.0,0.0,0.3010446343779677
LA-KAIE-NoAdaptiveController,6,4,24.022813688212928,0.14039252928141818,0.4236454912847638,0.2309558466763707,0.0,,-0.0722380500158278,6.359568940847828e-06,31,0.3690904908876701,0.0,0.0,0.6085470085470085,0.0,0.09040835707502375,0.0,0.0,0.3010446343779677
LA-KAIE-NoAdaptiveController,6,5,24.022813688212928,0.1498258942703387,0.3437205581594364,0.07255705090696314,0.0,,-0.12597551967922338,0.04032284129664076,31,0.37154668156723564,0.0,0.0,0.675403608736942,0.0,0.02355175688509022,0.0,0.0,0.3010446343779677
LA-KAIE-NoAdaptiveController,7,1,24.022813688212928,0.1325102880658436,0.3999425904769725,0.11204481792717087,0.015194681861348529,-0.08589781746031747,-0.15012207068619796,0.0002718095348326532,31,0.3734581275951515,0.0,0.0,0.6457739791073125,0.015194681861348529,0.03798670465337132,0.0,0.0,0.3010446343779677
LA-KAIE-NoAdaptiveController,7,2,24.022813688212928,0.09968344412788857,0.5880753338978699,0.3998485422188565,0.09116809116809117,0.16468048540965205,-0.2348309034515931,0.117607218617247,29,0.38383973416142125,0.0,0.0,0.4338081671415005,0.06457739791073125,0.20056980056980056,0.0,0.0,0.3010446343779677
LA-KAIE-NoAdaptiveController,7,3,24.022813688212928,0.1207977207977208,0.5651414475781279,0.3263918402039949,0.09116809116809117,0.07200619211035877,-0.22792639034018344,0.04016368037002445,30,0.3856021746347582,0.0,0.0,0.48547008547008547,0.06761633428300096,0.14586894586894586,0.0,0.0,0.3010446343779677
LA-KAIE-NoAdaptiveController,7,4,24.022813688212928,0.1256093700538145,0.570167346755377,0.37028208184346445,0.19753086419753085,0.13182730463980463,-0.21364102564102566,0.08378238440376905,29,0.3859438031907077,0.0,0.0,0.46571699905033237,0.056220322886989554,0.17701804368471036,0.0,0.0,0.3010446343779677
LA-KAIE-NoAdaptiveController,7,5,24.022813688212928,0.09905033238366572,0.5210796068276181,0.2798727850976829,0.045584045584045586,0.3083201058201058,-0.2696529258469557,0.04734257459119171,30,0.38404690594028557,0.0,0.0,0.5378917378917379,0.04406457739791073,0.11699905033238367,0.0,0.0,0.3010446343779677
LA-KAIE-NoAdaptiveController,8,1,24.022813688212928,0.11661918328584996,0.6151690382651712,0.41404805914972276,0.30389363722697055,0.03283193634388487,-0.17530392602698197,0.030506283195403612,31,0.3863497058674972,0.0,0.0,0.39278252611585945,0.09344729344729345,0.2127255460588794,0.0,0.0,0.3010446343779677
LA-KAIE-NoAdaptiveController,8,2,24.022813688212928,0.09547325102880659,0.5486886166381623,0.3075578855395369,0.09116809116809117,0.2625562637122557,-0.16294554742830603,0.03778977887211796,30,0.38695784642990955,0.0,0.0,0.5067426400759734,0.058499525166191835,0.13371320037986706,0.0,0.0,0.3010446343779677
LA-KAIE-NoAdaptiveController,8,3,24.022813688212928,0.08540677429566318,0.6211093197949794,0.3398583923365264,0.24311490978157646,0.20044409559756407,-0.1458873553603792,0.0296462834267489,31,0.3874544875534706,0.0,0.0,0.40417853751187083,0.13979107312440645,0.15498575498575498,0.0,0.0,0.3010446343779677
LA-KAIE-NoAdaptiveController,8,4,24.022813688212928,0.11399176954732511,0.6212037358531048,0.3527970600244998,0.34947768281101615,0.07804491123098943,-0.14765542810798285,0.07549376354503604,30,0.39384508251523603,0.0,0.0,0.402659069325736,0.1321937321937322,0.1641025641025641,0.0,0.0,0.3010446343779677
LA-KAIE-NoAdaptiveController,8,5,24.022813688212928,0.08420386198163976,0.579528188428857,0.3980250664641094,0.18233618233618235,-0.038662509683334956,-0.17833102888852015,0.043350960559954604,31,0.38304851807794094,0.0,0.0,0.443684710351377,0.056220322886989554,0.1990503323836657,0.0,0.0,0.3010446343779677
LA-KAIE-NoInteraction,1,1,1.6799758015728978,0.693194094346417,0.7036073800275129,0.07938388625592417,0.39647101188332734,-0.8089722400423556,0.9262211304275767,0.9798575996735084,7,0.3931983177069846,0.3728545618789521,0.36291779584462514,0.015582655826558265,0.017163504968383016,0.015130984643179765,0.03929539295392954,0.040876242095754294,0.13617886178861788
LA-KAIE-NoInteraction,1,2,1.6257557436517533,0.6946820379323169,0.7141548055749746,0.09593023255813954,0.3648196355522499,-0.7985864034071616,0.8944774915409847,0.9617520166383363,7,0.5226231247714448,0.38027195206268727,0.3708227702235538,0.022816317123761237,0.024660059921640932,0.015210878082507491,0.05369900898824614,0.04286702005070293,0.0896519935469002
LA-KAIE-NoInteraction,1,3,1.6987295825771325,0.6923076923076923,0.7040336980415204,0.09899749373433583,0.3853276353276353,-0.8030707520922342,0.9089520832908103,0.9676682848139605,7,0.4892912100409941,0.36983842010771995,0.36759425493716336,0.019748653500897665,0.016382405745062837,0.017728904847396768,0.02715439856373429,0.04735188509874327,0.13420107719928187
LA-KAIE-NoInteraction,1,4,1.5842900302114804,0.717391304347826,0.6885353915141519,0.0972972972972973,0.34820747520976353,-0.810410226006078,0.9187631948122758,0.9688832524068266,8,0.49758087977816945,0.3865231633130557,0.3818437061300889,0.018015910154422086,0.018717828731867104,0.016846045858680395,0.07136172204024332,0.021759475900795508,0.08493214787084698
LA-KAIE-NoInteraction,1,5,1.4028950542822678,0.7674118658641444,0.6372832546249305,0.10843373493975904,0.2889079965606191,-0.7974355666753855,0.9481437237227913,0.9686309371271011,8,0.49927673162967345,0.41587142139628325,0.40331491712707185,0.012054244098442994,0.01029633350075339,0.013561024610748368,0.05700652938221999,0.03340030135610246,0.0544952285283777
LA-KAIE-NoInteraction,2,1,1.9023650697392358,0.6474338540006376,0.7517828159019574,0.11705989110707804,0.4609499521836149,-0.8037066311264146,0.9099677191204972,0.9693244551076858,7,0.49274527146130326,0.3439983270598076,0.336051861145964,0.01756587202007528,0.01986616478460895,0.026976160602258468,0.043496445002091176,0.052070263488080304,0.1599749058971142
LA-KAIE-NoInteraction,2,2,1.4179734620024125,0.7703105061675882,0.6456866697600144,0.17415730337078653,0.27350063802637176,-0.7768926776469981,0.918846307591444,0.9601829933003907,8,0.4956700765326882,0.41356946869543526,0.4068346221002744,0.01920678473434772,0.0177101521576453,0.015465203292591668,0.03741581441756049,0.0538787727612871,0.03591918184085807
LA-KAIE-NoInteraction,2,3,1.692679975801573,0.6979985704074338,0.6985327559379227,0.0620253164556962,0.39206576125804143,-0.8011480668411336,0.9222855397764573,0.9567651403917713,7,0.5048991846906433,0.37109462800629356,0.3659249269498764,0.01640818161384581,0.017756799280737243,0.011013710946280062,0.02922004944931445,0.05124747134187458,0.13733423241177792
LA-KAIE-NoInteraction,2,4,1.7227602905569008,0.6728742094167253,0.7283802265067078,0.08125,0.40477863668306396,-0.8063793210288756,0.8852512322006948,0.9700610744996687,7,0.49093770137763726,0.3668520578420467,0.35283648498331477,0.024026696329254728,0.01824249165739711,0.014460511679644048,0.03937708565072302,0.060066740823136816,0.12413793103448276
LA-KAIE-NoInteraction,2,5,1.7530266343825667,0.6830110497237569,0.717723694833733,0.0766839378238342,0.41332872928176795,-0.8123671647116144,0.9328153171187649,0.9613326253372374,7,0.4858309345381602,0.36253576931543036,0.36011446180937706,0.01386748844375963,0.020030816640986132,0.0162887959498129,0.06537530266343826,0.031036759850319173,0.13075060532687652
LA-KAIE-NoInteraction,3,1,1.7148910411622276,0.6869043416872573,0.7000328991515017,0.06566200215285253,0.42004941757853864,-0.8076848458304251,0.9230955218471034,0.9678359062971382,8,0.48906683677214535,0.3680571046174437,0.35088110640196296,0.015614543832255186,0.027660049074280615,0.013606959625250948,0.02431407539594022,0.030559892928842293,0.16930626812402408
LA-KAIE-NoInteraction,3,2,1.9187386294724076,0.6517067003792667,0.7184607451793943,0.0633445945945946,0.4620733249051833,-0.8146634226198918,0.9286097238095355,0.9577784917769163,7,0.487665147267675,0.3422037422037422,0.33970893970893973,0.014137214137214138,0.038253638253638256,0.015592515592515593,0.033264033264033266,0.019542619542619544,0.1972972972972973
LA-KAIE-NoInteraction,3,3,2.1325227963525837,0.6200114025085519,0.7374637046446192,0.05680317040951123,0.5148232611174458,-0.8285694813677085,0.9109549665677488,0.9724478657322712,7,0.4952848125167926,0.3185703185703186,0.3142968142968143,0.016317016317016316,0.019036519036519036,0.016705516705516704,0.04040404040404041,0.03768453768453769,0.236985236985237
LA-KAIE-NoInteraction,3,4,2.0255009107468123,0.6264988009592326,0.7195184242657279,0.057803468208092484,0.4847122302158273,-0.8220569275336878,0.9027789296689787,0.9624136823600826,7,0.48847702447445374,0.32985134592205706,0.32663720369626353,0.018682201687424668,0.01807955002008839,0.016070711128967456,0.03274407392527119,0.02872639614302933,0.22920851747689835
LA-KAIE-NoInteraction,3,5,2.0783718104495748,0.6182402806197018,0.7347651495556293,0.05472636815920398,0.49254603916983336,-0.8184067083748718,0.8804649991742836,0.9665029273986409,7,0.4900683958788537,0.3225742574257426,0.320990099009901,0.02277227722772277,0.018415841584158415,0.015247524752475247,0.03445544554455446,0.03663366336633663,0.22891089108910892
LA-KAIE-NoInteraction,4,1,1.7542372881355932,0.6701173222912353,0.7074745061154449,0.07708553326293559,0.4054520358868185,-0.813021360456449,0.9109851266206646,0.9597738407782069,8,0.4883230522616418,0.3616740088105727,0.3607929515418502,0.018722466960352423,0.014537444933920705,0.016079295154185023,0.03898678414096916,0.035682819383259914,0.15352422907488986
LA-KAIE-NoInteraction,4,2,1.9193450576106732,0.6584518167456556,0.7371875069900666,0.09314586994727592,0.4518167456556082,-0.8129380056174854,0.8962047123475616,0.9714094216779932,7,0.48912501594347974,0.34117402164862615,0.3403413821815154,0.020815986677768527,0.01706910907577019,0.022064945878434637,0.03642797668609492,0.043713572023313906,0.17839300582847628
LA-KAIE-NoInteraction,4,3,1.471937235968618,0.7503075030750308,0.6532179564103305,0.13137254901960785,0.3128331283312833,-0.796672833368577,0.9496156441592541,0.9666805042567179,8,0.4912848368171831,0.4043956043956044,0.3978021978021978,0.011477411477411478,0.026373626373626374,0.016361416361416362,0.02026862026862027,0.03540903540903541,0.08791208791208792
LA-KAIE-NoInteraction,4,4,1.4689197344598672,0.7448644207066557,0.6560922545955477,0.14730290456431536,0.30073952341824156,-0.7947254201648393,0.9169371598494727,0.9764317626825637,7,0.489495088078067,0.4050354436568076,0.3969689562454168,0.01906624297237839,0.011977511610853092,0.017355169885113663,0.022732828159374236,0.049132241505744315,0.0777316059643119
LA-KAIE-NoInteraction,4,5,2.0783718104495748,0.6126863490207541,0.7546665708516106,0.0715372907153729,0.5051154633148203,-0.8093759168509401,0.9222882422239557,0.9702097197513286,8,0.4861972991991028,0.32444707740916273,0.3201026856240126,0.014218009478672985,0.02112954186413902,0.018562401263823063,0.041469194312796206,0.06062401263823065,0.1994470774091627
LA-KAIE-NoInteraction,5,1,1.5637462235649546,0.7074961360123647,0.6925284746386162,0.15503875968992248,0.3357805255023184,-0.7686290218994478,0.8741992240658484,0.9709933150985532,8,0.501810797205344,0.3900542069290596,0.37662031581428235,0.028517558331369316,0.018147537119962292,0.014140938015555032,0.02545368842799906,0.09545133160499647,0.051614423756775864
LA-KAIE-NoInteraction,5,2,1.608827085852479,0.6869597895527997,0.7003043346602748,0.1132404181184669,0.3825629462608042,-0.788635486856911,0.9313124770525256,0.973006357349596,7,0.5047291475869536,0.3833140208574739,0.36639629200463497,0.01436848203939745,0.0152954808806489,0.015063731170336037,0.030359212050984935,0.08760139049826188,0.08760139049826188
LA-KAIE-NoInteraction,5,3,1.7185230024213074,0.6674885523071504,0.723801986778691,0.09462915601023018,0.41704825642831983,-0.805172019209515,0.9178319932821855,0.9685895011128048,7,0.5088604855405016,0.367142220240749,0.3519839500668747,0.016941596076683014,0.022737405260811413,0.01649576460098083,0.028533214444939812,0.06687472135532768,0.12929112795363354
LA-KAIE-NoInteraction,5,4,1.4610742305371152,0.7344072697232549,0.6650472297840839,0.11226611226611227,0.30400660883932257,-0.7946052260019308,0.9209491248495831,0.9602017039579082,8,0.508009814937098,0.4063266307013242,0.3950465914664051,0.018146150073565473,0.022069641981363415,0.013241785188818049,0.04046101029916626,0.04046101029916626,0.06424717999019126
LA-KAIE-NoInteraction,5,5,1.7475786924939467,0.6602009005888465,0.7116808179746685,0.075,0.41461724974021474,-0.8074686100279954,0.9330303893582823,0.9572505248815828,7,0.504246252833139,0.3636764381750055,0.3586070090368085,0.013885827639409301,0.019836896627727574,0.01586951730218206,0.04981265153184924,0.03240026449195504,0.14591139519506283
LA-KAIE-NoInteraction,6,1,1.693284936479129,0.690961057520543,0.686562657519918,0.06689734717416378,0.38692390139335475,-0.8183113214411953,0.9082397303025038,0.9606256011712425,7,0.49852230617768656,0.37115254998876657,0.36598517187148955,0.019546169400134802,0.01482812851044709,0.013030779600089868,0.024488878903617166,0.03370029206919793,0.15726802965625702
LA-KAIE-NoInteraction,6,2,1.6372430471584039,0.7027326440177253,0.6889923050978164,0.0847913862718708,0.37259970457902514,-0.8100890132034145,0.924744934926925,0.9568306304684906,7,0.507362319558281,0.3783287419651056,0.37373737373737376,0.016299357208448117,0.016988062442607896,0.014462809917355372,0.027089072543617997,0.0440771349862259,0.1290174471992654
LA-KAIE-NoInteraction,6,3,1.6884452510586812,0.6804012898602652,0.7062150951773645,0.09709962168978563,0.39591544249372984,-0.791249730510248,0.9316700104500474,0.9827822271844782,7,0.5179268524863934,0.37196219621962195,0.3647614761476148,0.014626462646264627,0.025877587758775876,0.017326732673267328,0.02767776777677768,0.04432943294329433,0.13343834383438344
LA-KAIE-NoInteraction,6,4,1.728813559322034,0.6677170868347339,0.7225018194056623,0.0875,0.40301120448179273,-0.8148550433781868,0.884399981101802,0.9775132743540597,8,0.4964888712703816,0.3660377358490566,0.3542730299667037,0.024195338512763596,0.033962264150943396,0.01709211986681465,0.03596004439511654,0.026193118756936737,0.14228634850166483
LA-KAIE-NoInteraction,6,5,1.4550392275196138,0.7536291995022812,0.6645079165374665,0.13807531380753138,0.2824554126918291,-0.7995367773563754,0.8659985837222588,0.9680036825515498,7,0.496131805066193,0.40732546705998035,0.39355948869223206,0.03171091445427729,0.01720747295968535,0.016224188790560472,0.02728613569321534,0.032694198623402164,0.073992133726647
LA-KAIE-NoInteraction,7,1,1.5824773413897282,0.7017945780832379,0.67650851693715,0.16266666666666665,0.35738831615120276,-0.7642748116590403,0.9424997718696567,0.9727921245851069,8,0.510044862876788,0.3872250818905007,0.3811417875526439,0.012634534394010294,0.01731399157697707,0.014272344408048667,0.023865231633130556,0.11394478240524099,0.049602246139447824
LA-KAIE-NoInteraction,7,2,1.5891238670694865,0.6931558935361217,0.68740644527085,0.17191283292978207,0.3520912547528517,-0.7639367307285293,0.9315040745405926,0.9683828427914635,7,0.5017602605327289,0.38608776844070963,0.3828197945845005,0.014939309056956116,0.025443510737628384,0.01657329598506069,0.020774976657329598,0.09430438842203548,0.059056956115779644
LA-KAIE-NoInteraction,7,3,1.4041013268998794,0.7384020618556701,0.6417091496683358,0.14042553191489363,0.2847938144329897,-0.8066985827208519,0.9378576396637218,0.9679269892183793,8,0.5127725851763375,0.41595584545910685,0.403411941796287,0.014300050175614651,0.011289513296537882,0.01655795283492223,0.05569493226292022,0.03712995484194681,0.04565980933266432
LA-KAIE-NoInteraction,7,4,1.728813559322034,0.6460084033613446,0.7207432095844565,0.10929853181076672,0.41561624649859946,-0.7860146968944369,0.9203571433907393,0.9657810914807319,8,0.5490964632116849,0.36575616255829446,0.35443037974683544,0.01621141461248057,0.015101043748612037,0.01487896957583833,0.031090384188318897,0.11236953142349544,0.09016211414612481
LA-KAIE-NoInteraction,7,5,1.48038624019312,0.7236037505095801,0.6619938444588636,0.1855421686746988,0.30493273542600896,-0.7901883072027782,0.9339987034015836,0.9772666296579161,9,0.5248170600915127,0.40316301703163016,0.3997566909975669,0.01508515815085158,0.015815085158150853,0.018734793187347932,0.03990267639902676,0.06520681265206812,0.042335766423357665
LA-KAIE-NoInteraction,8,1,1.4634882317441158,0.7307216494845361,0.6499046790215065,0.25806451612903225,0.3047422680412371,-0.742488078935901,0.9244014272796732,0.9702202996399782,7,0.5253528202348186,0.40592846643802055,0.3956393924546791,0.01739343459088682,0.022292993630573247,0.01567858892699657,0.019598236158745713,0.09799118079372857,0.025477707006369428
LA-KAIE-NoInteraction,8,2,1.6390568319226118,0.6794540759867208,0.7009087316885909,0.14145383104125736,0.37292511988196236,-0.7741581198351364,0.9262831605611328,0.9749241012071124,8,0.5109420705382826,0.3787809349220898,0.3737396883593034,0.015811182401466544,0.017415215398716773,0.016498625114573784,0.07080659945004583,0.09761686526122823,0.02933088909257562
LA-KAIE-NoInteraction,8,3,1.4815932407966204,0.7152749490835031,0.6634330247208986,0.15454545454545454,0.30509164969450103,-0.7812556354513763,0.9356617761966515,0.9726998333319495,7,0.5108840214242523,0.402676399026764,0.4002433090024331,0.014841849148418492,0.019221411192214113,0.01654501216545012,0.05206812652068127,0.05596107055961071,0.03844282238442823
LA-KAIE-NoInteraction,8,4,1.4731442365721183,0.7242933224088488,0.6568729587263967,0.1935483870967742,0.29905776321179844,-0.777056361443446,0.9155427275886228,0.973716866462003,7,0.5506189450541517,0.4043435822352367,0.39799902391410447,0.019521717911176184,0.013177159590043924,0.017569546120058566,0.05222059541239629,0.0741825280624695,0.020985846754514398
LA-KAIE-NoInteraction,8,5,1.56797583081571,0.6847784200385356,0.6830418072361374,0.1650943396226415,0.35953757225433525,-0.7662806821723929,0.9375247512053716,0.9565897521297628,7,0.5288490790144477,0.38941176470588235,0.3776470588235294,0.013411764705882352,0.01788235294117647,0.01647058823529412,0.0611764705882353,0.10188235294117647,0.02211764705882353
LA-KAIE-NoKnowledgeReward,1,1,11.682337139019475,0.3481460189709687,0.4670697975365548,0.019709404009148394,0.017533774073009486,0.02622950819672131,0.0012287887653598597,0.01855977672484653,31,0.4604338851631636,0.051112808204233036,0.07991490290202924,0.015546585206196815,0.0166375736417194,0.01598298058040585,0.03431158629718525,0.025856425921885227,0.7606371372463452
LA-KAIE-NoKnowledgeReward,1,2,11.072096128170895,0.3766429518871337,0.46124931102584227,0.019503297320050513,0.01694199927649825,0.014234875444839857,0.003986507206378411,0.0573412527009803,30,0.4509184662280234,0.05766717800124993,0.08329072211806147,0.014771887960911311,0.01596500198852338,0.01579455712743594,0.032895858189875574,0.01846485995113914,0.7611499346628032
LA-KAIE-NoKnowledgeReward,1,3,11.838492597577389,0.356468849477035,0.450569004155107,0.01730306381317895,0.015518417462482947,0.018315018315018316,0.007506207055834633,0.03669596077663573,31,0.45056218481094307,0.04964615633947383,0.07519853060342499,0.014099724488142186,0.014747987682999298,0.014369834152665982,0.04656690616390254,0.015828426341094486,0.7695424342282967
LA-KAIE-NoKnowledgeReward,1,4,9.676761026991441,0.36635145247976053,0.5113087475695199,0.022310563037481745,0.019321042247771956,0.03169014084507042,-0.0018476124407445942,0.07121545093872396,31,0.45685113575121117,0.06944796150924284,0.0929982273993416,0.015446948594580907,0.017979235249430237,0.017409470752089137,0.039187135983793364,0.02380349455558369,0.7237275259559383
LA-KAIE-NoKnowledgeReward,1,5,9.697169190256748,0.35105227427019686,0.5434037212929839,0.022708707727495506,0.019144602851323828,0.0070921985815602835,-0.0011074197120708748,0.058029061718343496,29,0.4682527936309814,0.06907666055741642,0.09479871073753397,0.019654932692915378,0.017822157618656385,0.017569361056689627,0.055552044492194905,0.02496366049421728,0.700562472350376
LA-KAIE-NoKnowledgeReward,2,1,10.81491344873502,0.3387096774193548,0.4953963152461185,0.01845577103309062,0.0168677665599606,0.032846715328467155,0.0032352327280317263,0.040408048761789446,31,0.45610716105680965,0.05810042908500522,0.08604893888437899,0.014090223820016236,0.015887742085121188,0.014844021802157022,0.05363562565232518,0.021570219181259422,0.7358227994897367
LA-KAIE-NoKnowledgeReward,2,2,13.756682659355723,0.35369438493348615,0.4017634230161113,0.016463484106186622,0.028498829156494446,0.11264568764568765,-0.016335880472502864,0.024669770132874157,31,0.4524230605347402,0.03888330220753723,0.06900349566633146,0.013743236125077815,0.014748838768376191,0.013839007805391946,0.02164439975099363,0.023033089115548532,0.8051046305607432
LA-KAIE-NoKnowledgeReward,2,3,12.343475321162948,0.31814198071866784,0.4793266580479231,0.018770679562229574,0.019609991235758108,0.05865921787709497,-0.0005028494803888703,0.04877584955634242,30,0.45099473381732524,0.047430211322723716,0.0744064701278372,0.015810070440907906,0.01867988520740934,0.015392642838507697,0.051447951995825726,0.02363683798591182,0.7531959300808766
LA-KAIE-NoKnowledgeReward,2,4,11.888963660834454,0.380370181694685,0.4641553789327286,0.015725753388603762,0.017603441444501048,0.04180064308681672,0.0017861258354459552,0.040845535522985504,31,0.45445040491878064,0.05056964746345658,0.07883705932932072,0.0168207222699914,0.016713241616509028,0.012843938091143594,0.04250859845227859,0.02031384350816853,0.7613929492691316
LA-KAIE-NoKnowledgeReward,2,5,9.630263157894737,0.35947533816095095,0.5552027345882337,0.02061771656751691,0.018103566060937288,0.06792452830188679,-0.0019620121060321435,0.12934951594085725,30,0.4572855961016196,0.06983541971150792,0.09518968037109996,0.01798309715956027,0.01683929592679672,0.01607676177162102,0.078096206392578,0.020397788650949992,0.6855817500158862
LA-KAIE-NoKnowledgeReward,3,1,8.16147859922179,0.39078267779102105,0.5465620390172236,0.02122093023255814,0.017401668653158522,0.06697108066971082,-0.0034503207720092727,0.03132305233435261,31,0.45854213559975326,0.08625571770856022,0.10346329775648007,0.018224061569737892,0.01590067523415378,0.01590067523415378,0.04211137733246206,0.026864154505191317,0.6912800406592609
LA-KAIE-NoKnowledgeReward,3,2,11.818426361802286,0.3459656310458632,0.4639479420061693,0.020911422371276387,0.015705018777739842,0.018115942028985508,0.005954445600647474,0.02299071744158582,31,0.45478671638210844,0.0508749189889825,0.07906675307841866,0.015554115359688918,0.014906027219701879,0.017174335709656513,0.04266580254914668,0.01830848995463383,0.761449557139771
LA-KAIE-NoKnowledgeReward,3,3,8.60546875,0.3680587078226661,0.5248606154908676,0.0230755030459664,0.020426690876078075,0.03333333333333333,0.0004633920296570899,0.00011511682485406797,31,0.45950368897505955,0.07997494257673836,0.10565880141992065,0.019071483260249184,0.018793067446230945,0.017400988376139764,0.028607224890373772,0.02241247302846802,0.7080810190018793
LA-KAIE-NoKnowledgeReward,3,4,12.919102651257647,0.339349610608293,0.43756962455360643,0.01669094440398155,0.01604925278888655,0.05245901639344262,-0.0041713460612867,0.03224957544751743,31,0.448978669246406,0.04348701429434266,0.07318300785182202,0.017414938594725187,0.015351318703442722,0.013841352929333603,0.033571572377692774,0.021290517414938596,0.7818602778337025
LA-KAIE-NoKnowledgeReward,3,5,13.196319018404909,0.345214112299189,0.458290836884307,0.01854162952397932,0.01590991270210238,0.03571428571428571,-0.0027470124052980595,0.032898600301418064,31,0.45508609429841196,0.041348915519461224,0.07175398633257403,0.014113102901852035,0.015252055065861147,0.015450133703080123,0.050361493512924634,0.024264633059324553,0.7674556799049222
LA-KAIE-NoKnowledgeReward,4,1,13.322184300341297,0.3400625096070093,0.4121732391821888,0.01721421485674272,0.02172465030486243,0.012106918238993713,-0.0010475043209553238,0.08861382865754873,30,0.4502894267981832,0.04145179509847257,0.0700849663572516,0.01439025588134178,0.01664947694121114,0.014488482883944796,0.029075192770492607,0.015765433917784,0.7980943961495015
LA-KAIE-NoKnowledgeReward,4,2,11.616107382550336,0.3402472844927201,0.5097569673368035,0.022135504272354167,0.019644095216085046,0.035784313725490194,-0.004056655665566557,0.025317907540335367,31,0.45499901554191935,0.05332822840890444,0.08029316851720177,0.014384947765683968,0.018596510419515398,0.017994858611825194,0.06782256741235027,0.020456161461466938,0.727123557403052
LA-KAIE-NoKnowledgeReward,4,3,10.288741721854304,0.35060504634397527,0.5044256605873184,0.020892108272969882,0.018280123583934087,0.05985915492957746,0.0051140833988985055,0.016186147512022107,31,0.4593391765259896,0.06313694747633118,0.09021286860037388,0.016221431586564555,0.0171259723813544,0.016522945184827834,0.044382801664355064,0.022432611710788156,0.729964421395405
LA-KAIE-NoKnowledgeReward,4,4,10.552456839309428,0.3581047067707022,0.5015652517019964,0.019384683163227844,0.016800906116284924,0.0299625468164794,0.004544,0.03390473156289337,31,0.45561286193858996,0.06070098705597258,0.08818488090312666,0.014835392162657368,0.0157810745315917,0.015603759087416513,0.060878302500147766,0.015544653939358118,0.7284709498197293
LA-KAIE-NoKnowledgeReward,4,5,11.713037634408602,0.3350737276952206,0.47666534340540334,0.02074468085106383,0.01572092489528946,0.029197080291970802,0.002156805596036141,0.011312111578859483,31,0.45431096778419633,0.05148299319727891,0.07668027210884354,0.016217687074829932,0.01491156462585034,0.016979591836734694,0.04772789115646259,0.022204081632653062,0.7537959183673469
LA-KAIE-NoKnowledgeReward,5,1,12.297972972972973,0.3160265919454975,0.47404491901540174,0.01792663476874003,0.018955002472391628,0.024154589371980673,0.0031455346475507766,0.1150756226620496,28,0.46256837206768286,0.04801506354934881,0.07641613055076102,0.016946493017417227,0.01804487682410168,0.014697421413253831,0.04916575134682776,0.020712380354621057,0.7560018829436687
LA-KAIE-NoKnowledgeReward,5,2,11.993935309973045,0.3346817236923423,0.4750861171380224,0.0190623390005152,0.024945221641665263,-0.0231016731016731,-0.010208393354460771,0.09286585111677623,29,0.46077096433999154,0.05016276215379689,0.07572442499599766,0.013661347990821282,0.016382944660867708,0.01579593361438711,0.06158279523987406,0.015422381130263087,0.7512674102139922
LA-KAIE-NoKnowledgeReward,5,3,9.246395806028833,0.31197732104890147,0.5558372766070139,0.023192126658108686,0.016725726435152376,0.11440677966101695,0.00746720484359233,0.12285982623814147,29,0.4660297617747124,0.07347823231991595,0.09915293190623153,0.016941361875369362,0.015496749622430889,0.017794996388469368,0.062118326876354324,0.027644625385777135,0.6873727756254514
LA-KAIE-NoKnowledgeReward,5,4,12.028975741239892,0.3077138535656266,0.47114922595271314,0.018710345720574905,0.01747801243627808,0.07799145299145299,-0.004922363494688027,0.03817266501241854,31,0.45626214515311964,0.04936627968899776,0.07833635104910001,0.015816380871232293,0.016615187985940996,0.01539035041005432,0.051176909149004156,0.017307487485355204,0.7559910533603152
LA-KAIE-NoKnowledgeReward,5,5,8.408057179987004,0.34961360123647606,0.5639190442386759,0.020803511785475712,0.020324574961360125,0.09125475285171103,0.017446293812942076,0.04606684636137152,31,0.4752421957419582,0.08337465467167245,0.10696323581497486,0.018842530282637954,0.016929942622370193,0.015442374442161932,0.048098037826733726,0.03159311468442304,0.6787561096550259
LA-KAIE-NoKnowledgeReward,6,1,11.621476510067113,0.3615153615153615,0.49258938654279527,0.018563357546408393,0.01848001848001848,0.08697916666666666,-0.011581156350513846,0.08886644526573617,29,0.455371865546622,0.053511888494124075,0.08067778081443017,0.016233943700464607,0.017491117791746377,0.015086089095381252,0.057556709483465425,0.01940420880021864,0.7400382618201694
LA-KAIE-NoKnowledgeReward,6,2,12.84850543478261,0.33178237191349863,0.448288522669794,0.017353049004032752,0.01644371596256543,0.028938906752411574,-0.003494247930330072,0.05973124874378579,31,0.4572542972817607,0.04392882418360125,0.07345061166717218,0.016530178950561115,0.015721362855120817,0.014356485694065313,0.0381154584976241,0.02305125872004853,0.7748458194318067
LA-KAIE-NoKnowledgeReward,6,3,12.847826086956522,0.32011421319796957,0.46724541331864233,0.017748944243833772,0.01570431472081218,0.06060606060606061,-0.0090428865610171,0.0564166436531972,31,0.45440578118812586,0.04383436978613681,0.07341119369027757,0.013600283128570706,0.015015925982102229,0.01466201526871935,0.05065979068709237,0.02806006370392841,0.7607563577531725
LA-KAIE-NoKnowledgeReward,6,4,11.886271870794078,0.34710977750099076,0.48647160894024444,0.019124605678233438,0.026326218649153597,-0.059856630824372765,0.00023258518432375856,0.02177270344080743,31,0.45789922803817484,0.05052948449174864,0.07864322958662581,0.013868730849862926,0.01628769553297855,0.01564263828414772,0.0573563403752083,0.022738268021286888,0.7449336128581412
LA-KAIE-NoKnowledgeReward,6,5,11.660846205507053,0.3212578471462305,0.49768728259643846,0.018818644521832305,0.03133099118815873,-0.027459733893557423,0.0019283746556473832,0.03670854144912857,31,0.45816445600798006,0.05213451250136478,0.0782290643083306,0.015886013756960367,0.01446664483022164,0.015340102631291626,0.06354405502784147,0.024129271754558358,0.7362703351894312
LA-KAIE-NoKnowledgeReward,7,1,11.754032258064516,0.28673527730131504,0.4835811672939881,0.020066211742449835,0.015437392795883362,0.10740740740740741,-0.019473480449090204,0.18898470142672585,29,0.46167749244645223,0.05156987148202375,0.07971368147063608,0.017244184154872295,0.014641288433382138,0.016105417276720352,0.03671167507185077,0.03421723333875603,0.7497966487717586
LA-KAIE-NoKnowledgeReward,7,2,11.211898395721924,0.26989805043820425,0.5013946718065747,0.019263821254654825,0.017230072139748406,0.06747404844290658,0.004812747714955917,0.07677491577515037,30,0.47110041797632435,0.05568066659160004,0.08292985024208986,0.01441279135232519,0.016270690237585858,0.015144690913185451,0.03575047854971287,0.044533273280036034,0.7352775588334647
LA-KAIE-NoKnowledgeReward,7,3,10.196558570483123,0.28104108522100346,0.5543487454912909,0.01624411720054653,0.09476212111377945,-0.0027951728636660153,-0.002270500227050022,0.04426660276302616,31,0.47264370517815574,0.06334731594625813,0.08857681318013252,0.013678643078606603,0.015076904371086388,0.013009909416985835,0.1127120189677184,0.018420572679190225,0.6751778223600219
LA-KAIE-NoKnowledgeReward,7,4,10.164129715420252,0.2723661935147806,0.5017185224227563,0.021737442745128482,0.018231540565177756,0.03571428571428571,0.006245302206304991,0.0989880582208376,30,0.46833433161768584,0.06439232409381664,0.08577520560462991,0.014620773682607372,0.016143770941212304,0.017057569296375266,0.03405421870240634,0.03435881815412732,0.7335973195248249
LA-KAIE-NoKnowledgeReward,7,5,11.081441922563418,0.27759036144578314,0.49891572457571554,0.020543548041943076,0.017349397590361446,0.05787037037037038,-0.00604360797776688,0.08545201290434681,30,0.46607006094139775,0.05649653290894623,0.08411958622257588,0.014095714448107309,0.016369216778447198,0.016369216778447198,0.04365124474252586,0.03211322041605093,0.7367852677048994
LA-KAIE-NoKnowledgeReward,8,1,10.747172322022621,0.27171423265028166,0.5125412814228557,0.022020916187951097,0.02525846591964341,0.022058823529411766,-0.004060548322218693,0.07233675251800345,30,0.4702560134652909,0.059012000466037516,0.08639170453221484,0.016660841197716415,0.014505417686123732,0.017418152161248982,0.0470115344285215,0.03244786205289526,0.7265524874752417
LA-KAIE-NoKnowledgeReward,8,2,10.142857142857142,0.26623630672926446,0.529438316030765,0.019353819417015562,0.01630151278038602,0.05333333333333334,-0.002105705068717133,0.0397852555255803,31,0.474077157571735,0.06487804878048781,0.09,0.016158536585365854,0.01524390243902439,0.014939024390243902,0.04475609756097561,0.04182926829268293,0.7121951219512195
LA-KAIE-NoKnowledgeReward,8,3,11.88492597577389,0.26736877866485476,0.4902836343060494,0.016433799068529608,0.020723628333616444,-0.006132361870066785,-0.016710031801098583,0.059589263640502176,30,0.45745906558132654,0.05221637866265966,0.0784050660083718,0.01862187399377482,0.013845658473757648,0.013255339701620693,0.049533111516582594,0.030320918750670816,0.743801652892562
LA-KAIE-NoKnowledgeReward,8,4,8.754076973255055,0.2630402384500745,0.5428922120776982,0.021433055331360418,0.01624441132637854,0.04434250764525994,0.018166439428369437,0.07948374764543228,30,0.4746340617428911,0.08012886421276304,0.09938995133319624,0.01453149633285352,0.014942765096990884,0.016382205771471658,0.05312221536774282,0.02666392487490575,0.6948385770100761
LA-KAIE-NoKnowledgeReward,8,5,9.933993399339935,0.25574750830564785,0.5279472150053361,0.01941438574156588,0.03275747508305648,0.02129817444219067,0.007922877882347554,0.18874329031857004,26,0.4667386854607728,0.06614544551998014,0.09059319930503847,0.01724993794986349,0.01520228344502358,0.015140233308513279,0.052308265078183175,0.03096301811863986,0.712397617274758
LA-KAIE-NoLandscape,1,1,13.190865712338105,0.3028267273009147,0.4069169017944328,0.020880160889624987,0.01643325926308718,0.0220125786163522,-0.005010595632147674,0.1743383905459775,26,0.4379587048047721,0.04117530472698444,0.07140025765533643,0.016549400455851748,0.015756614805272025,0.01749083341591517,0.018680011891784757,0.01744128431275394,0.8015062927361015
LA-KAIE-NoLandscape,1,2,18.61521895190237,0.3186533492730708,0.30491128740323703,0.014704632384190395,0.013458794493077783,0.018147086914995225,-0.005107758059051938,0.02025293151798919,31,0.4166353291122719,0.018620141543352384,0.051508155773379256,0.013435264731483935,0.013208189834613783,0.013094652386178707,0.01237558187942323,0.012716194224728456,0.8650418196268402
LA-KAIE-NoLandscape,1,3,18.114367405289492,0.3145371320337779,0.30512249328577873,0.014069217074123931,0.012982400757635546,0.0121580547112462,-0.008195738216127613,0.03195788958943832,31,0.4222735414243175,0.01919653223933741,0.050777923987924765,0.012578372939081973,0.012733183682947596,0.012539670253115566,0.013623345460174937,0.013429832030342906,0.8651211394070748
LA-KAIE-NoLandscape,1,4,10.69328010645376,0.3205574912891986,0.4388963595790342,0.02155359467669608,0.017483822797411647,0.010676156583629894,-0.0018364891393831929,9.693914454092747e-06,31,0.4379435556019804,0.05785802215839146,0.08218535670320652,0.014186060144205405,0.016472243390585613,0.017468784805674424,0.017761885221877015,0.018817046720206343,0.7752506008558532
LA-KAIE-NoLandscape,1,5,15.467595818815331,0.2969453955667688,0.36136253705194643,0.01883162903715703,0.015723553793476303,-0.0028653295128939827,0.0021970979997253627,0.049772603664270484,30,0.42599480979482574,0.02981029810298103,0.06145642101582306,0.015779351341900515,0.015254829967654515,0.016260162601626018,0.015648220998339017,0.014249497333683015,0.8315412186379928
LA-KAIE-NoLandscape,2,1,17.92796005706134,0.2942510443604536,0.3212598538061605,0.01658965896589659,0.013566739606126914,0.020527859237536656,-0.0031459224005807858,0.0060475967902171536,31,0.41781207617476607,0.021184625569531525,0.05354569882004751,0.013123564001713462,0.013279333307371782,0.014681257058296662,0.014330776120565443,0.013902410530005063,0.8559523345924686
LA-KAIE-NoLandscape,2,2,16.722849083215795,0.3299455994602117,0.33078922055229937,0.014677608440797187,0.013072997933622908,0.013978494623655916,-0.0073922146733324786,0.14268867888035286,30,0.42216689419902786,0.024276838250421758,0.057318026581080525,0.014236925482450726,0.012755626877340246,0.01287906842776612,0.01510101633543184,0.013948895198123689,0.8494836028473851
LA-KAIE-NoLandscape,2,3,19.229602888086642,0.2979761949461195,0.29767480708315514,0.013748400148631353,0.014192918559681598,0.03439153439153439,-0.005789373452675681,0.01881109851088783,31,0.4143782362245969,0.016070636914437712,0.049615782473769764,0.012893453524456923,0.01396482931875277,0.01230234963794887,0.013115117481897443,0.01263484557410965,0.8694029850746269
LA-KAIE-NoLandscape,2,4,17.932239657631953,0.33837158426474684,0.317257135106688,0.015794104707435107,0.013086193866592419,0.0243161094224924,-0.024446888218450365,0.015410504505666549,31,0.4193525974643512,0.020340568133109926,0.05381288235981763,0.014105911234072399,0.012820013248645911,0.013989011417215447,0.01375521178350154,0.013209679304835756,0.8579667225188014
LA-KAIE-NoLandscape,2,5,18.382521489971346,0.2956121892292105,0.31444459024911564,0.016772750731119904,0.013794715922375496,0.025423728813559324,-0.00499183393920236,0.05816057152784917,31,0.41451918601369425,0.018849168419040337,0.05207417319824125,0.013840565857388645,0.013534696998661824,0.014911106862932517,0.014031733894092908,0.012693557637163067,0.8600649971324794
LA-KAIE-NoLandscape,3,1,16.505981703026038,0.2732040076742699,0.34655953314664656,0.015149349721309132,0.014240034107866126,0.0029940119760479044,0.0011677695601401323,0.005849943417456339,31,0.4185173636909927,0.025104950330437675,0.05839810465937903,0.014506006068415147,0.01388253875888441,0.013217506962051623,0.018413067874807763,0.015628247225570473,0.8408495781204539
LA-KAIE-NoLandscape,3,2,9.766139657444006,0.34583473861720065,0.4826728975534159,0.023870967741935485,0.019089376053962902,0.014134275618374558,-0.003369550268188695,0.023082454682577695,31,0.44298502545782686,0.06708199609842048,0.0947076961802278,0.01831225221823674,0.01780882260398968,0.01862689572714115,0.019130325341388206,0.021773330816185262,0.7425586810144107
LA-KAIE-NoLandscape,3,3,18.165117941386704,0.31149411718411835,0.32358560806326453,0.015575375244724821,0.013693778774642899,0.031609195402298854,-0.00922933705698517,0.01786251973650685,31,0.41984626693486093,0.020165021591610117,0.05332356570018507,0.012530845157310302,0.013417643429981493,0.013803207896360272,0.0175817396668723,0.014342998149290562,0.8548349784083898
LA-KAIE-NoLandscape,3,4,18.3142448103078,0.32155559898377956,0.32181979904068586,0.013700406258103552,0.013523548954465506,0.0072254335260115606,-0.013642152451138543,0.019870770575679614,31,0.41362166586826915,0.018904823989569754,0.052726436076386225,0.013191195643837717,0.013267888641767006,0.012155840171792316,0.019211595981286907,0.01464836260449421,0.8558938568908658
LA-KAIE-NoLandscape,3,5,18.61880832735104,0.2896745835903763,0.31335094607097524,0.015338076775595415,0.014304441702652684,0.03504043126684636,-0.014544624812569268,0.023917973507602813,31,0.4138349267563601,0.01794774706550549,0.05172283226050738,0.013896251419916699,0.014047709201060205,0.013631200302915562,0.014274895872775464,0.013669064748201438,0.8608102991291178
LA-KAIE-NoLandscape,4,1,12.705563093622795,0.3090559589918838,0.4122951466240594,0.01893636643098678,0.018955574540794533,0.02535211267605634,0.0030479507973656997,0.04318610790406247,30,0.43085757129886304,0.043855618522489405,0.07392658395874815,0.015877878184510134,0.018124266094858836,0.015724715372440905,0.017664777658651147,0.017817940470720377,0.7970082197375811
LA-KAIE-NoLandscape,4,2,19.330202312138727,0.29114491832691664,0.30494318585551233,0.01551440329218107,0.029155608716779427,0.02329059829059829,-0.0016427315545630718,0.03758622895933934,31,0.41585980617495066,0.0171565025716385,0.05044085231447465,0.012747979426891992,0.012637766348273329,0.013850110213078618,0.013409257898603968,0.01429096252755327,0.8654665686994857
LA-KAIE-NoLandscape,4,3,18.700431034482758,0.29772194690945414,0.33012547149347404,0.014894971355824316,0.014444316391994162,0.010638297872340425,-0.005379068407717793,0.019349260266037286,31,0.41433768401397875,0.017846362813160276,0.051728041050407486,0.014148807727135526,0.014186537881074554,0.013243284032598853,0.02429821913673408,0.012979172955025656,0.8515695744038636
LA-KAIE-NoLandscape,4,4,18.393982808022923,0.2743204299400265,0.314953049283333,0.014979983642546598,0.01401978347223304,0.008333333333333333,-0.0012244253100560866,0.018702779463975566,31,0.4158587307052376,0.019324778490681333,0.05262755881454323,0.013787045523984113,0.013748854262144821,0.013290559120073327,0.014321723189734188,0.013290559120073327,0.8596089214787657
LA-KAIE-NoLandscape,4,5,18.85251798561151,0.3460026712459454,0.3117344297003882,0.014686079784548056,0.013623354321694333,0.04201680672268908,-0.013618074899411947,0.01807420188721929,31,0.41511022018398475,0.01853932584269663,0.05112359550561798,0.014719101123595505,0.013370786516853932,0.013071161048689139,0.015243445692883896,0.012209737827715356,0.8617228464419475
LA-KAIE-NoLandscape,5,1,19.561911658218683,0.30157320007403293,0.30870298580143374,0.015158944185666422,0.014436424208772903,0.0735042735042735,-0.029496087636932705,0.012362612946494631,31,0.4233053648416684,0.015667699034432502,0.04973583530697759,0.013991619602842047,0.014210238659136456,0.013517944980870833,0.014355984696666059,0.014647476771725268,0.8638732009473492
LA-KAIE-NoLandscape,5,2,16.695345557122707,0.28698149869054657,0.33150207005593174,0.016324233042499296,0.015122074850046465,0.02746741154562384,-0.011419911934579974,0.15319813319278505,28,0.42873179514955545,0.024154987633965376,0.055812036273701564,0.013973619126133553,0.014385820280296785,0.014344600164880462,0.01471558120362737,0.012943116240725474,0.8496702390766694
LA-KAIE-NoLandscape,5,3,18.625987078248386,0.29993062514453095,0.3235337322389288,0.014279016239716977,0.014067679025668696,0.09041095890410959,-0.024175929183552023,0.048255290177926374,31,0.41995885947036293,0.018201082226510765,0.05206796079766905,0.013584591516252317,0.01381163204298634,0.01267642940931623,0.019828206001437924,0.014568433798766413,0.855261664207061
LA-KAIE-NoLandscape,5,4,19.409255242227044,0.28793353947025296,0.30073975272062925,0.014788415058784974,0.011660395633871027,0.07987220447284345,-0.01473803241613268,0.052084036042722326,31,0.421099970487875,0.015982990578833536,0.05033175702921661,0.01437002822684116,0.011474027640309395,0.013233622933391986,0.01400344587411562,0.012977015286484109,0.8676271124308076
LA-KAIE-NoLandscape,5,5,19.314306358381504,0.2762335864726348,0.3082099737721304,0.016070694615700782,0.013205641390146272,0.043248347497639276,-0.009673465261455252,0.059379021927305584,30,0.4210706389860504,0.015831523139796033,0.049740436655498696,0.012959758477228378,0.012996575972902323,0.014395640808512205,0.01737785795810169,0.01270203600751077,0.8639961709804499
LA-KAIE-NoLandscape,6,1,18.240343347639485,0.323921568627451,0.3271918605823878,0.016561617039773963,0.01384313725490196,0.0113314447592068,-0.01167137233069551,0.023934488226181272,31,0.417114943480912,0.019343921855170556,0.05307079952313195,0.012075529746567703,0.013575356689612737,0.014652155520516864,0.01695958158673999,0.017228781294466023,0.8530938737837942
LA-KAIE-NoLandscape,6,2,18.716750539180445,0.29579412329556365,0.3064806324466817,0.015354680428069879,0.014173228346456693,0.015808491418247514,-0.012578248785682745,0.04094182971524161,31,0.41956857283244864,0.017398852657004832,0.04849788647342995,0.01362469806763285,0.013926630434782608,0.01370018115942029,0.013247282608695652,0.014304045893719806,0.865300422705314
LA-KAIE-NoLandscape,6,3,18.461648745519714,0.2898578861536072,0.31145189541381113,0.014015086576375792,0.014444358157956045,0.0017665130568356383,-0.009573713655346308,0.05840957305735009,30,0.4210890129673265,0.01867093430879439,0.05197378448407255,0.013222069806431947,0.013641213229690596,0.012459990855052583,0.014974851394604482,0.013450693491845755,0.8616064624295077
LA-KAIE-NoLandscape,6,4,19.171717171717173,0.2839455065482463,0.3082357566113877,0.014915451410528064,0.013962065331928345,0.018867924528301886,-0.002022823556352811,0.07617051799985813,29,0.4203657284733129,0.016725873297809356,0.05076968620485495,0.013839550029603315,0.013728537596210776,0.013284487862640616,0.013617525162818236,0.014283599763173475,0.8637507400828893
LA-KAIE-NoLandscape,6,5,18.22532188841202,0.32799560422308566,0.3147000533176552,0.01469631941734946,0.01412928293889085,0.05185185185185186,-0.008950727868678425,0.01862912295524743,31,0.41795367358524693,0.01871750433275563,0.05233968804159445,0.013094550356248796,0.01386481802426343,0.013056036972848064,0.015482380127094166,0.013595224340458309,0.8598497978047371
LA-KAIE-NoLandscape,7,1,19.47973950795948,0.2673377660562386,0.3111781842346289,0.014329580348004094,0.01422681178262323,0.03568320278503046,-0.025297058306328033,0.03191249681816242,31,0.4230226879079319,0.01611724289160149,0.04974051604414882,0.013997514801549595,0.013997514801549595,0.012791462612382136,0.017359842116804327,0.01348585629705431,0.8625100504349097
LA-KAIE-NoLandscape,7,2,18.389684813753583,0.2524150825802431,0.324397054427945,0.015064282931474828,0.014918977874727329,0.07049608355091384,-0.018499479352023937,0.03895869353328128,31,0.4263228895434368,0.01947903139561531,0.05240241387212589,0.014131846306622871,0.014628370636315025,0.013291574364066916,0.014208234665037048,0.01703460392636162,0.8548239248338553
LA-KAIE-NoLandscape,7,3,17.371185237757274,0.25751756823010297,0.3228303215277592,0.016016650076916116,0.0474342212779866,0.015167548500881839,-0.008678247194224033,0.06397175241275982,30,0.43093391672132897,0.02240683787993769,0.053760434556855856,0.015097655469904542,0.012301793345848145,0.014139074170228062,0.013699724407876344,0.013659783520389823,0.8549346966489595
LA-KAIE-NoLandscape,7,4,18.89704823614111,0.25906735751295334,0.32083781158469005,0.014941798941798942,0.017677537336177995,0.01645114942528736,-0.019631037335815494,0.0434462917931352,31,0.42789159155883677,0.01718650541056652,0.049350357584153966,0.014602913093945407,0.014752686561575617,0.013217508518365971,0.013816602388886809,0.019507994158834762,0.857565432283671
LA-KAIE-NoLandscape,7,5,17.76923076923077,0.278699695366362,0.31262772260478655,0.013307900456904583,0.04866121532788199,-0.08755262676185246,-0.012682228027302603,0.0531829111608174,30,0.42721167705104046,0.02034084661902144,0.05371868373517631,0.011937485274483624,0.013390402890128014,0.011780413099819366,0.013194062671797692,0.015393073117097306,0.8602450325924762
LA-KAIE-NoLandscape,8,1,18.54447632711621,0.23859811999535802,0.33092404053604313,0.014886089057645841,0.015047773780511392,0.02056555269922879,-0.00988793758018485,0.005486100261625752,31,0.4232367940376814,0.018639435122617874,0.052046162022625464,0.013666388277275834,0.01476729177738972,0.01309695543238934,0.015336724622276213,0.021069015260800242,0.8513780274846253
LA-KAIE-NoLandscape,8,2,14.452035886818496,0.2284036101427821,0.375964316546838,0.018538536374446007,0.016618117568406476,0.034482758620689655,0.0046374981789928625,0.07444810190086065,30,0.43544698195966436,0.03430943048189993,0.06506801936822688,0.014895088771039889,0.016047959418953192,0.015817385289370534,0.015586811159787871,0.016462992852201982,0.8218123126585197
LA-KAIE-NoLandscape,8,3,17.177053824362606,0.24317638327698524,0.34831332554195016,0.015666636037857208,0.06770017316731261,0.004027134051494589,-0.011568235997742453,0.026535024966607774,31,0.4233664427077047,0.022804190169218374,0.056164383561643834,0.014141821112006446,0.015551974214343272,0.013738920225624496,0.022562449637389202,0.014383561643835616,0.8406526994359388
LA-KAIE-NoLandscape,8,4,12.055293324342548,0.21842487974046315,0.42595867988028513,0.01989501652517659,0.018738113882984672,0.03880597014925373,0.009975488798951148,0.06504070243803618,30,0.4461841869973322,0.04833386564462898,0.07494943042691365,0.015277334185031407,0.017779197274566165,0.016341956776322792,0.017193654849355904,0.022250612157989992,0.7878739486851911
LA-KAIE-NoLandscape,8,5,11.92996632996633,0.21737412508466922,0.4364758458754726,0.01889649723465894,0.032964551817566044,-0.02381767775603392,0.013794847848081564,0.013310559039636164,31,0.4377748025943421,0.04870321645277345,0.0765719808838533,0.017666326585405144,0.01852547924609354,0.015411050851098104,0.018793964452558664,0.022982333673414596,0.7813456478548032
LA-KAIE-RandomExchange,1,1,6.392583120204604,0.3133626725345069,0.9925279203184693,0.33040807371654235,0.15653130626125225,0.047284345047923323,-0.025257915332621842,0.0391974176171139,31,0.43363762625603464,0.13174120712114634,0.0710377768128528,0.13434650455927052,0.13590968302214504,0.13078593139383413,0.1312201476335215,0.13113330438558402,0.13382544507164568
LA-KAIE-RandomExchange,1,2,5.986624203821656,0.2965209064794127,0.9917376958149856,0.3221814848762603,0.14842004468560485,0.06308243727598567,-0.03446193569881726,0.04634133354508284,30,0.4474812000040319,0.13960087879897473,0.06948004393994874,0.12705968509703405,0.12770047601611131,0.1287074331746613,0.1305382643720249,0.13667154888319297,0.140241669718052
LA-KAIE-RandomExchange,1,3,6.388746803069053,0.2849279423538831,0.9922800138716787,0.34087481146304677,0.15032025620496398,0.03706169551708832,-0.036847271299568114,0.03567751305200534,31,0.43723138098471154,0.13196073321171053,0.07054122144036139,0.13630440448266876,0.13048388497958474,0.13743375901311788,0.13065763183042306,0.12753018851533315,0.13508817652680044
LA-KAIE-RandomExchange,1,4,6.3868286445012785,0.32555811392531786,0.992302701112223,0.33441418071768264,0.15156672339573532,0.04953764861294584,-0.02359882005899705,0.01986495992854119,31,0.43572325749726754,0.13199513381995134,0.07029892248870351,0.13399374348279458,0.13156065345846368,0.13442822384428224,0.13590545707334029,0.13017031630170317,0.13164754953076122
LA-KAIE-RandomExchange,1,5,6.4433781190019195,0.2849766656737166,0.9918963549040226,0.3222462203023758,0.15450302849766656,0.04809340188517566,-0.0324212174593854,0.0423614334670766,31,0.44285187466018217,0.13091128753883327,0.06912323092854677,0.1309975837072834,0.13427683810838797,0.12875388332758025,0.13660683465654125,0.1351397997928892,0.13419054193993787
LA-KAIE-RandomExchange,2,1,6.419705694177863,0.27705800279051224,0.990878719427507,0.3183496199782845,0.1571656368347618,0.039737898964278165,-0.029344527216112887,0.0710002625656572,30,0.4341120812917944,0.13095444309717652,0.06617010219989607,0.1324268144812056,0.1365840983890525,0.1269703793521566,0.1345920665165425,0.1350251169236099,0.1372769790403603
LA-KAIE-RandomExchange,2,2,6.312460063897763,0.2896042109525256,0.9919260098749983,0.33296727432462114,0.15750582042716874,0.05334190231362468,-0.033121070126957426,0.030183029658931663,31,0.4303795504655158,0.13342105263157894,0.06921052631578947,0.12771929824561404,0.13649122807017544,0.13298245614035087,0.13166666666666665,0.1337719298245614,0.13473684210526315
LA-KAIE-RandomExchange,2,3,6.431861804222649,0.28041380682383366,0.991409057977023,0.3315960912052117,0.1574654332040187,0.06738260686460308,-0.050334513970877605,0.04581690987578525,30,0.4345686751470655,0.1313401883694807,0.06765747861401539,0.13445087704138944,0.136783893545321,0.13194504450012962,0.12874794780955673,0.13185863648146548,0.13721593363864168
LA-KAIE-RandomExchange,2,4,6.1020408163265305,0.2915969899665552,0.9913580657341972,0.3353156450137237,0.15311454849498327,0.08054607508532423,-0.05524702784976757,0.01416524441391583,31,0.437142144466217,0.13739632167327803,0.06743598990263253,0.1358636855391273,0.1320771727371078,0.13216732780382257,0.1289217454020916,0.13306887847097007,0.13306887847097007
LA-KAIE-RandomExchange,2,5,6.374040920716112,0.30303942220884744,0.9918246339493892,0.3323216995447648,0.15377670779416192,0.0620321187835865,-0.045499446815236294,0.01716854684854338,31,0.4382925506127348,0.13199825859817152,0.06869830213321725,0.13391380060949065,0.13347845015237267,0.13347845015237267,0.13443622115803222,0.1302568567696996,0.13373966042664345
LA-KAIE-RandomExchange,3,1,6.311182108626198,0.31001316189126255,0.9917756456084268,0.3487044356609574,0.15399412777159058,0.08174446635985098,-0.05792245093346099,0.019664128745628957,31,0.4356010803489424,0.13367248486974828,0.06902903254100518,0.13191825278484343,0.13340935005701254,0.13928602754144373,0.13446188930795544,0.13253223401456013,0.12569072888343127
LA-KAIE-RandomExchange,3,2,6.566944266495836,0.2931421324748805,0.9913159745608306,0.3204855195911414,0.16066725197541704,0.025824731835660798,-0.04053153571982024,0.04844690223183026,31,0.4375208910068401,0.12787136294027565,0.0681470137825421,0.1339118597924111,0.14012251148545177,0.12804151778118086,0.1296579887697805,0.130423685553854,0.141824059894504
LA-KAIE-RandomExchange,3,3,6.066284257488847,0.29375919310779575,0.9924868693159767,0.3344007319304666,0.15496953141416264,0.0551412429378531,-0.03790045173857184,0.06724210320267268,30,0.44069521009503343,0.1383306174180699,0.07133804091978997,0.13018287162773856,0.13353250045265255,0.13235560383849357,0.12665218178526164,0.13081658518920877,0.13679159876878508
LA-KAIE-RandomExchange,3,4,6.503841229193342,0.29018604193326114,0.9915644360968721,0.3331876775180249,0.1585786002559307,0.040968342644320296,-0.02573701450631727,0.055701656294044825,30,0.42755940524926034,0.12910415773681955,0.068495499357051,0.13107586798114015,0.13810544363480498,0.13073296185169309,0.1302186026575225,0.14084869267038147,0.13141877411058722
LA-KAIE-RandomExchange,3,5,6.318210862619808,0.3083535598705502,0.9921977525374153,0.337216970762805,0.1622168284789644,0.02447007481296758,-0.019726782552712055,0.08087323839118546,31,0.43285417289309835,0.134074787634644,0.06988352745424292,0.13284876083720115,0.13337420089324808,0.13433750766266747,0.1334617742359226,0.1314475873544093,0.1305718539276644
LA-KAIE-RandomExchange,4,1,6.375319693094629,0.2784073814060776,0.99165447341168,0.332759362892811,0.151338882760004,0.032471835652750164,-0.04242495863861971,0.023282311936333348,31,0.4353713981719701,0.1323529411764706,0.06883049077619213,0.1257396449704142,0.13130873651235642,0.13452836756004177,0.1301775147928994,0.13748694744169856,0.1395753567699269
LA-KAIE-RandomExchange,4,2,6.197830248883216,0.29962932454695224,0.992364478223849,0.32030178326474623,0.15928747940691929,0.05774617539323422,-0.03496631965707287,0.022136139312147963,31,0.4411238656318679,0.13563545745817016,0.07137771448914204,0.12922748309006765,0.13768244927020293,0.12468850124599501,0.1368814524741901,0.13679245283018868,0.12771448914204342
LA-KAIE-RandomExchange,4,3,6.377237851662404,0.2862442350110287,0.9919392653994041,0.3385290889132821,0.15480248646480851,0.05958549222797927,-0.0635033610122578,0.004674667601833395,31,0.44071658332423386,0.1320163606300583,0.06909755460795405,0.1353232964929075,0.13436602558524063,0.1341919763293012,0.13210338525802803,0.13279958228178573,0.13010181881472457
LA-KAIE-RandomExchange,4,4,6.3143769968051116,0.29295689131754704,0.9919904953186781,0.3274067649609714,0.15492815219591177,0.06727629000653168,-0.06083103819901808,0.01262219763370307,31,0.4449977485329826,0.13361388742766964,0.06943713834823777,0.12914255654918463,0.13422759950903035,0.13238646326494827,0.1363317552165527,0.12923022970366474,0.1356303699807119
LA-KAIE-RandomExchange,4,5,6.361892583120205,0.2855276381909548,0.9911472889745078,0.3266923736075407,0.15185929648241206,0.056695345245973965,-0.043923055654303426,0.01683405482157374,31,0.4376768803508459,0.13259524017086566,0.06712579548426467,0.1352977072617906,0.13172347659314793,0.13294394560195275,0.13364135646412692,0.12631854241129806,0.1403539360125534
LA-KAIE-RandomExchange,5,1,6.23690932311622,0.22821746698064913,0.9914339876087959,0.3363974611512366,0.18859424593017304,0.13266635644485808,-0.190138500826198,0.0737704556003715,30,0.46477330496035635,0.13505136379737867,0.06792419411973079,0.12849805171803047,0.1365568544102019,0.1361140630534892,0.13637973786751684,0.1273467941905774,0.13212894084307475
LA-KAIE-RandomExchange,5,2,6.2592592592592595,0.22719853091205877,0.9924774914522577,0.3324432576769025,0.15098959396041625,0.09774774774774776,-0.1712208603701033,0.0346769637040605,31,0.4626863360491715,0.13463406021011742,0.07080427297607486,0.13251522909861393,0.13066125187604838,0.13189723669109207,0.13242694446896797,0.13463406021011742,0.13242694446896797
LA-KAIE-RandomExchange,5,3,6.302875399361023,0.23489456609894566,0.9915254800182112,0.32299628739899544,0.16098945660989455,0.051217464315701094,-0.22642983728048977,0.08442033741730491,29,0.4604147697322752,0.13336847654190828,0.0680021085925145,0.13099630996309963,0.13292918643472149,0.12994201370585134,0.1394306800210859,0.13240203830609734,0.13292918643472149
LA-KAIE-RandomExchange,5,4,6.558616271620756,0.24086735690564565,0.9911113070185648,0.3284124946512623,0.16555967962492674,0.09500491642084562,-0.1734402434741894,0.02357597541219967,31,0.44740560436106985,0.12860668993105795,0.06706953783300706,0.1299685079581241,0.13694782534683803,0.13064941697165716,0.13694782534683803,0.13958634777427867,0.13022384883819899
LA-KAIE-RandomExchange,5,5,6.447216890595009,0.23280738314974694,0.9919949521653133,0.3206806282722513,0.16115907512156397,0.09936371100164204,-0.18107406218136138,0.04998992576273877,30,0.4561765874254233,0.13114330056906362,0.06958096223486808,0.13657527159855148,0.13166063114330057,0.12674599068804968,0.13295395757889292,0.13579927573719608,0.1355406104500776
LA-KAIE-RandomExchange,6,1,6.4267434420985285,0.24449975111996017,0.9911745519692641,0.33355176933158587,0.1545047287207566,0.11658689248895435,-0.12774778108582419,0.02460951302975624,31,0.44238938616182244,0.13135593220338984,0.06701833275683154,0.13092355586302318,0.13420961604980974,0.13204773434797648,0.13075060532687652,0.14060878588723624,0.13308543756485644
LA-KAIE-RandomExchange,6,2,6.68505452212957,0.2540779121090002,0.9909313466008909,0.329321435982569,0.14939550949913644,0.09319203596660244,-0.12846023688663283,0.06466650260493864,30,0.45208816779262473,0.12589113478151473,0.0664262350079678,0.13587184433447957,0.13058793927702758,0.13310408454248093,0.13436215717520758,0.1370460454583578,0.136710559422964
LA-KAIE-RandomExchange,6,3,6.384271099744246,0.2769153730595894,0.9920971691181477,0.3299298021697511,0.15092638958437657,0.09721300597213006,-0.1372021703231894,0.0262655941401533,31,0.45301964558271796,0.13219189987832436,0.06996349730575352,0.13167043281766036,0.13097514340344169,0.13479923518164436,0.13705892577785503,0.12662958456457502,0.1367112810707457
LA-KAIE-RandomExchange,6,4,6.374040920716112,0.2783629250677099,0.9916451529716154,0.33625795130511077,0.1609990972013241,0.07904465212876427,-0.14067431850789094,0.03144951605362665,31,0.45279620214305966,0.13320580819059213,0.06860273019737415,0.13537953221459004,0.13955308234066602,0.13329275715155203,0.13007564559603513,0.12685853404051822,0.13303191026867228
LA-KAIE-RandomExchange,6,5,6.036328871892925,0.25372188786822936,0.9910871689013743,0.34495246717971934,0.15880054904445148,0.08326684397163121,-0.08366595539935567,0.01716652222728863,31,0.44320354187167793,0.14001634432034868,0.06728411876872786,0.12675928448197585,0.13656587669118314,0.1383819122854808,0.1291201307545628,0.12821211295741397,0.13366021974030692
LA-KAIE-RandomExchange,7,1,6.310543130990415,0.19876468205751316,0.9917400993753215,0.3156059285091543,0.23086269744835966,0.15983500417710944,-0.12158498207076407,0.07160557295233645,31,0.460239580787367,0.13307584269662923,0.06899578651685394,0.13237359550561797,0.13377808988764045,0.1271067415730337,0.13518258426966293,0.1290379213483146,0.1404494382022472
LA-KAIE-RandomExchange,7,2,6.817597944765575,0.1951012717852096,0.9908436251289933,0.34112624517178286,0.18492699010833727,0.10482255051791475,-0.15632498954274265,0.02831914969019634,31,0.45779929471072817,0.12388577088147903,0.06644106965995378,0.13568834598877516,0.13742159128425221,0.1384945526576428,0.1339551006932981,0.13057114559260483,0.13354242324199406
LA-KAIE-RandomExchange,7,3,6.444657709532949,0.20698898044276778,0.9918870420095616,0.33587122036110506,0.17095205003474634,0.011613019191416406,-0.17945486304964212,0.016997011417928514,31,0.45868997417809954,0.13036346369679702,0.06932573599240266,0.13381680048346714,0.12924112924112924,0.13329879996546662,0.129672796339463,0.14037814037814036,0.1339031339031339
LA-KAIE-RandomExchange,7,4,6.426103646833013,0.19434488251692553,0.991117982523,0.3460526315789474,0.19076065312624452,0.032452582791831226,-0.13772555774278217,0.020727586594313376,31,0.460762206124416,0.13099152102439868,0.06696660321854993,0.13384668627790275,0.13410624675549404,0.13652881121301264,0.12934763799965393,0.1395570167849109,0.1286554767260772
LA-KAIE-RandomExchange,7,5,6.313099041533547,0.2069838056680162,0.9918925199238339,0.3434998918451222,0.14665991902834008,0.06759560506972515,-0.17154360419690748,0.020786545123269416,31,0.4586827577056385,0.1335613435060949,0.06928001403139525,0.13303516618433744,0.1270718232044199,0.13926159782513373,0.13312286240463037,0.13163202665965096,0.13303516618433744
LA-KAIE-RandomExchange,8,1,6.48719590268886,0.17635448534491266,0.9910134446132054,0.34178023850085176,0.19776966347577224,0.09584442226657795,-0.11315859684662734,0.049042806036574925,31,0.4552290437051913,0.12954213555536465,0.0664032299630616,0.13461042865733183,0.1317756206511468,0.13787475302809038,0.13452452538441714,0.13426681556567305,0.13100249119491453
LA-KAIE-RandomExchange,8,2,6.195915762603701,0.1719023586363168,0.9924740359240222,0.3402777777777778,0.16592851992996188,0.056250184741804855,-0.09226910818661868,0.03161752108591751,31,0.45350388098720334,0.13567168165227456,0.07112970711297072,0.13478144752069796,0.12641324668387785,0.13522656458648624,0.13113148758123386,0.13460340069438262,0.13104246416807622
LA-KAIE-RandomExchange,8,3,6.120535714285714,0.18516202980097948,0.9919608418954564,0.32221711131554737,0.15306866729186205,0.006300582406777095,-0.10668617594675667,0.028673649710671312,31,0.4489154240115498,0.13781331416763992,0.06980504896235738,0.13179408858143923,0.13197376695714672,0.12586470218309226,0.128739556194412,0.1379929925433474,0.13601653041056508
LA-KAIE-RandomExchange,8,4,6.368286445012788,0.16857429718875502,0.9915646371003949,0.32857142857142857,0.1602409638554217,0.07502386919680153,-0.09760879961740795,0.02479673737514669,31,0.4467820386320781,0.13270637408568442,0.06792058516196448,0.13549285963079066,0.13375130616509928,0.1301811215604319,0.13418669453152213,0.1339254615116684,0.13183559735283873
LA-KAIE-RandomExchange,8,5,6.255427841634738,0.18027766435279707,0.9923263228089325,0.33734671125975474,0.1912004899959167,0.07981062954367812,-0.11819622241810805,0.023107694644923904,31,0.45965863577225385,0.13462897526501766,0.07031802120141342,0.1318904593639576,0.134452296819788,0.1336572438162544,0.13224381625441697,0.13250883392226148,0.13030035335689047
