fid,D,run,bin,pop,group,n,floor,null_ref,dx_pop_rmse,dx_pop_cs,dx_pop_sub,dx_land_rmse,dx_land_sub,pop_land_rmse,pop_land_sub,white_land_rmse,white_iso_rmse,E_pop,E_land,chance_k_over_D,gap_dx,n_target,b,cos_med,norm_ratio_med,tgt_dx_rmse,tgt_dx_sub,floor_t,dxep_land_rmse,tgt_land_rmse,res2_land_rmse,res1_land_rmse,res2_pop_rmse,R2_target,wb_dx,wb_chance,wb_pop,wb_white,ari_dx,ari_white,wb_res2,ari_res2
1,10,1,0,H,all,1387,0.026851080677052736,0.0,0.09350338543317162,0.9176064825236376,0.9645615069119963,0.221567655626586,0.5869271015779365,0.17190502757659804,0.6268571995119682,0.15269218151797675,0.15269218151797675,0.4845668416364996,0.4075586207585352,0.2,1.4293006908470645,272,0.8366019556046715,0.9411627206864959,0.7058866585441009,0.10569733363795503,0.9541122931495637,0.06063390625908324,0.3295198933994608,0.3295091379952938,0.2527356562836649,0.14794324725506197,0.1331823629781597,0.6106456022266737,,,,,,,,
1,10,1,0,M,all,1198,0.028891599832849384,0.0,0.0752785242220541,0.7444513086655676,0.7802978449836436,0.07742374962202084,0.6047442161264984,0.11236099176244489,0.8403745266577027,0.06371371125070655,0.06371371125070655,0.45055523751530663,0.41584549953825284,0.2,1.2986686961640925,60,0.164385311433093,0.447440098104518,0.3000076709964846,0.2419885911131635,0.5967725375503503,0.12909944487358055,0.13914251157378338,0.24384022751899354,0.14653050074939747,0.15765707677564983,0.16844773878713096,0.17066899991743334,,,,,,,,
1,10,1,0,M,MPA,302,0.0575435337648436,0.0,0.12147036950676267,0.13947893562914424,0.532948820593852,0.0644128318768901,0.4807714625745228,0.11236099176244489,0.8403745266577027,0.13897263451735944,0.13897263451735944,0.31261709319259434,0.29851197733728485,0.2,1.4561742019928887,60,0.164385311433093,0.447440098104518,0.3000076709964846,0.2419885911131635,0.5967725375503503,0.12909944487358055,0.13914251157378338,0.24384022751899354,0.14653050074939747,0.15765707677564983,0.16844773878713096,0.17066899991743334,,,,,,,,
1,10,1,0,M,FAD,896,0.03340765523905305,0.0,0.07890648635175825,0.7821317518591842,0.8742321208899033,0.12427242710794219,0.6876541303141307,0.11236099176244489,0.8403745266577027,0.06246821194463153,0.06246821194463153,0.5261962882172704,0.4802822648379103,0.2,1.3383304165131977,0,,,,,,,,,,,,,,,,,,,,
1,10,1,1,H,all,2014,0.02228282589107932,0.0,0.12620902966418693,0.7671322331321428,0.9967279813659874,0.18506594713115193,0.9917393089717985,0.18480474035408673,0.9931060343912905,0.06294973349629022,0.06294973349629022,0.8978439690958137,0.8981635816734671,0.2,3.681654949718612,388,0.565534032521941,0.9676994617275274,0.7713207248489291,0.17185672715218592,0.9937941008791266,0.05076730825668096,0.2083876507307804,0.19465528883855823,0.19084076353989057,0.17418679420149147,0.18731292970485075,0.3885379135463223,,,,,,,,
1,10,1,1,M,all,758,0.0363216356146074,0.0,0.11799160541374495,0.4790947380307148,0.998082100775584,0.11799128792545954,0.996289552570088,0.11305867303784133,0.9979477070051044,0.07740023060711665,0.07740023060711665,0.8491025379633967,0.8477405687445138,0.2,2.7152712380180604,0,,,,,,,,,,,,,,,,,,,,
1,10,1,1,M,FAD,758,0.0363216356146074,0.0,0.11799160541374495,0.4790947380307148,0.998082100775584,0.11799128792545954,0.996289552570088,0.11305867303784133,0.9979477070051044,0.07740023060711665,0.07740023060711665,0.8491025379633967,0.8477405687445138,0.2,2.7152712380180604,0,,,,,,,,,,,,,,,,,,,,
1,10,1,2,H,all,2531,0.019877141411466247,0.0,0.11119076227570601,0.8726505951017935,0.9968748948165862,0.19323426857464174,0.9879497420383957,0.22743612410161237,0.9751370905758294,0.09512711815734987,0.09512711815734987,0.9348794384403751,0.9267491486683149,0.2,12.52290267595229,516,0.7069647270205038,0.9803313206488256,0.8451234234120832,0.3190805780600821,0.9818309724632815,0.04402254531628119,0.2547610909280158,0.34247915266788337,0.2405428617886236,0.29400386554104496,0.21178812765871072,0.5797722518693518,,,,,,,,
1,10,1,2,M,all,690,0.03806934938134405,0.0,0.11595908429905724,0.5066283551999172,0.9899744914313594,0.12185711742793677,0.9978293686889188,0.11081497630476221,0.99618912411072,0.07310469776580175,0.07310469776580175,0.8552264193681615,0.8585775062090748,0.2,2.6310712061209234,0,,,,,,,,,,,,,,,,,,,,
1,10,1,2,M,FAD,690,0.03806934938134405,0.0,0.11595908429905724,0.5066283551999172,0.9899744914313594,0.12185711742793677,0.9978293686889188,0.11081497630476221,0.99618912411072,0.07310469776580175,0.07310469776580175,0.8552264193681615,0.8585775062090748,0.2,2.6310712061209234,0,,,,,,,,,,,,,,,,,,,,
1,10,1,3,H,all,1123,0.02984077663422269,0.0,0.3242326147711576,0.3763194164129137,0.998175089878428,0.21954975248522107,0.5041855040806008,0.3351102344990265,0.5081223206380313,0.6832331543750183,0.6832331543750183,0.8737930209294632,0.547565925267107,0.2,3.1371087721846287,222,0.9000317643579159,0.993611249659675,1.0000813647587496,0.10176218545241195,0.9982738199146154,0.06711560552140243,0.3401990802222689,0.33856908682406156,0.2930854324900014,0.21275648149397045,0.35417360092936206,0.6704598978845318,,,,,,,,
1,10,1,3,M,all,811,0.03511474936103118,0.0,0.13845219536232797,0.5432482424628262,0.9840245886073596,0.1326805019520621,0.9326934028106162,0.15429887082607444,0.9772780213303829,0.06726173541429262,0.06726173541429262,0.8555148793970219,0.8374471558129031,0.2,2.2936038299992485,0,,,,,,,,,,,,,,,,,,,,
1,10,1,3,M,FAD,811,0.03511474936103118,0.0,0.13845219536232797,0.5432482424628262,0.9840245886073596,0.1326805019520621,0.9326934028106162,0.15429887082607444,0.9772780213303829,0.06726173541429262,0.06726173541429262,0.8555148793970219,0.8374471558129031,0.2,2.2936038299992485,0,,,,,,,,,,,,,,,,,,,,
1,10,1,4,M,all,809,0.035158127696731496,0.0,0.15458864683305767,0.4446337402452912,0.984298955178819,0.153838587732501,0.9493679125465473,0.13847427876418333,0.9818953274061895,0.06675120353610237,0.06675120353610237,0.8603036878585991,0.8463807021872465,0.2,2.444933118339756,0,,,,,,,,,,,,,,,,,,,,
1,10,1,4,M,FAD,809,0.035158127696731496,0.0,0.15458864683305767,0.4446337402452912,0.984298955178819,0.153838587732501,0.9493679125465473,0.13847427876418333,0.9818953274061895,0.06675120353610237,0.06675120353610237,0.8603036878585991,0.8463807021872465,0.2,2.444933118339756,0,,,,,,,,,,,,,,,,,,,,
1,10,2,0,H,all,1431,0.02643505285727147,0.0,0.12036175493226403,0.8131480091656158,0.9248564410141313,0.20471803725848248,0.5893147498300254,0.14948289981551113,0.6209257240347107,0.05892511154234102,0.05892511154234102,0.47651155762608477,0.34893060699925404,0.2,1.6681589374340586,303,0.834486975842133,0.933950861654336,0.7522968440723776,0.12394348981827909,0.850426789662314,0.0574484989621426,0.2935933752446963,0.27967380822796,0.2354038564707609,0.18417874470933254,0.13542313334480005,0.5846699632908743,,,,,,,,
1,10,2,0,M,all,1212,0.0287242494810713,0.0,0.06946974071747523,0.8413938428588856,0.9501881722741028,0.08825638080427596,0.49027837514789263,0.12476740865309364,0.5352740365518833,0.06836697310801923,0.06836697310801923,0.4180612673795443,0.3572989730983648,0.2,1.3757612172099944,61,0.1314556369027035,0.4233031252539636,0.2503166608307123,0.3187469508893638,0.059304669556214246,0.12803687993289598,0.13609465065736012,0.28344750323492607,0.1388074519321349,0.15846904735916498,0.17311719842240342,0.12339758097280851,,,,,,,,
1,10,2,0,M,MPA,290,0.058722021951470346,0.0,0.1275606390318832,0.21142845804044133,0.3954959603241802,0.06380506854017028,0.012518444234106448,0.12476740865309364,0.5352740365518833,0.15240169785979638,0.15240169785979638,0.2907801928323779,0.22315385163643023,0.2,1.1027113581052328,61,0.1314556369027035,0.4233031252539636,0.2503166608307123,0.3187469508893638,0.059304669556214246,0.12803687993289598,0.13609465065736012,0.28344750323492607,0.1388074519321349,0.15846904735916498,0.17311719842240342,0.12339758097280851,,,,,,,,
1,10,2,0,M,FAD,922,0.03293324609693921,0.0,0.06160985730513192,0.885024467363357,0.9562242405966611,0.13096320695748895,0.5477658545450488,0.12476740865309364,0.5352740365518833,0.050471735065925394,0.050471735065925394,0.4823745727196329,0.4255598293688079,0.2,1.3953627774145516,0,,,,,,,,,,,,,,,,,,,,
1,10,2,1,H,all,1955,0.02261656365159503,0.0,0.14273972871935806,0.8521210090362916,0.9461057870391805,0.27265295122073674,0.8412573838337004,0.2286232795637741,0.959670894964191,0.04100416228117998,0.04100416228117998,0.9296997890191281,0.9096017899818056,0.2,3.029030607403261,387,0.7929880976321604,0.9562339864994818,0.7249645257952663,0.22061984934965534,0.9225796158822568,0.05083285677753489,0.39293348953527696,0.2723757124493136,0.30253238312524006,0.1704744234107332,0.19504793570744533,0.46727480830551704,,,,,,,,
1,10,2,1,M,all,767,0.036107907233705945,0.0,0.10835704348199234,0.6739163377380228,0.9892716332318152,0.12707904197033876,0.9973905330850912,0.13973764455048748,0.980809560066117,0.06682437403447483,0.06682437403447483,0.8659585784200081,0.8677492300061977,0.2,2.0241754781891954,0,,,,,,,,,,,,,,,,,,,,
1,10,2,1,M,FAD,767,0.036107907233705945,0.0,0.10835704348199234,0.6739163377380228,0.9892716332318152,0.12707904197033876,0.9973905330850912,0.13973764455048748,0.980809560066117,0.06682437403447483,0.06682437403447483,0.8659585784200081,0.8677492300061977,0.2,2.0241754781891954,0,,,,,,,,,,,,,,,,,,,,
1,10,2,2,H,all,2584,0.019672236884115842,0.0,0.10939447757304412,0.8930807298208212,0.9925635776817071,0.2430828760085126,0.9609195098005091,0.21443215879562877,0.9831083182224165,0.099708286198073,0.099708286198073,0.8571438824873828,0.8363606242784947,0.2,3.2349603624834136,542,0.8286684656716198,0.981135508099749,0.8692893229614462,0.1927863522345686,0.9665997594474678,0.04295367795875577,0.32258806381724764,0.25928001802985107,0.2762780021027346,0.2767230679164388,0.19626178156134264,0.6383676035218271,,,,,,,,
1,10,2,2,M,all,754,0.03641785203646149,0.0,0.09853309051622411,0.697711216270232,0.995966906965447,0.09985881262452921,0.9964787815306686,0.13743145477168997,0.9947967915466078,0.07993907910816375,0.07993907910816375,0.8613435742244693,0.8632874876286737,0.2,2.4665585189884562,0,,,,,,,,,,,,,,,,,,,,
1,10,2,2,M,FAD,754,0.03641785203646149,0.0,0.09853309051622411,0.697711216270232,0.995966906965447,0.09985881262452921,0.9964787815306686,0.13743145477168997,0.9947967915466078,0.07993907910816375,0.07993907910816375,0.8613435742244693,0.8632874876286737,0.2,2.4665585189884562,0,,,,,,,,,,,,,,,,,,,,
1,10,2,3,H,all,844,0.034421419541075714,0.0,0.4051370508532017,0.34444330977894405,0.9755239764078031,0.2633592530019974,0.9671564504806272,0.4116588409994104,0.9910453013054107,0.1566820652204861,0.1566820652204861,0.8320064274394255,0.8321985258025969,0.2,1.3185451418218206,157,0.826972616971669,0.9805488401453049,0.886147744673436,0.2563358178998213,0.9814728542817648,0.07980868844676221,0.35111747800495724,0.35457638027328064,0.28866452492329586,0.24793841818569526,0.43523451626063064,0.6396123881950343,,,,,,,,
1,10,2,3,M,all,741,0.03673591791853225,0.0,0.14987161641299995,0.5596324283705105,0.9782538841810424,0.15437557129233442,0.9965881228464125,0.1644546694907777,0.9861472733002185,0.07178708997259844,0.07178708997259844,0.8295385540096151,0.8381300761568202,0.2,2.255931394054281,0,,,,,,,,,,,,,,,,,,,,
1,10,2,3,M,FAD,741,0.03673591791853225,0.0,0.14987161641299995,0.5596324283705105,0.9782538841810424,0.15437557129233442,0.9965881228464125,0.1644546694907777,0.9861472733002185,0.07178708997259844,0.07178708997259844,0.8295385540096151,0.8381300761568202,0.2,2.255931394054281,0,,,,,,,,,,,,,,,,,,,,
1,10,2,4,M,all,745,0.03663716527236558,0.0,0.12270454952775771,0.6062882392435064,0.9838242174613602,0.1433292161573135,0.9821183527358116,0.13233610297380283,0.9966826780876673,0.0693697048520419,0.0693697048520419,0.8479144518706284,0.8474583224987483,0.2,2.7974198963352057,0,,,,,,,,,,,,,,,,,,,,
1,10,2,4,M,FAD,745,0.03663716527236558,0.0,0.12270454952775771,0.6062882392435064,0.9838242174613602,0.1433292161573135,0.9821183527358116,0.13233610297380283,0.9966826780876673,0.0693697048520419,0.0693697048520419,0.8479144518706284,0.8474583224987483,0.2,2.7974198963352057,0,,,,,,,,,,,,,,,,,,,,
1,10,3,0,H,all,1396,0.02676438637860946,0.0,0.12059992868981961,0.7379524887090647,0.9379106843317412,0.16699636631865242,0.6087824807793301,0.16617157327270174,0.7064647911731168,0.05946926908173435,0.05946926908173435,0.4855535763342695,0.39706360555603737,0.2,1.7525770851820794,304,0.72583047986458,0.9289990601975571,0.7323309863235696,0.1469023892122558,0.9269725229988861,0.057353933467640436,0.25976283819131923,0.3023769751406698,0.18043278417044675,0.20323566546730057,0.10002144378447819,0.5365115484737435,,,,,,,,
1,10,3,0,M,all,1257,0.028205406366325913,0.0,0.05990080757535011,0.8688836882592091,0.8418436776381811,0.082603418307112,0.7820482276120349,0.11554617371584947,0.9489084375978514,0.04616776658290702,0.04616776658290702,0.4232184800181861,0.4019846908893871,0.2,1.1566807181614238,59,0.14303040262500122,,0.2896508832618622,0.2535694976336032,0.24268197164584251,0.13018891098082389,0.13434200206050945,0.2090084472462362,0.14073407543884794,0.0,0.20112976583783593,0.13516158641618636,,,,,,,,
1,10,3,0,M,MPA,288,0.05892556509887897,0.0,0.12073365842782771,0.2081537218336324,0.429963767960047,0.06652684406805684,0.4555604077142247,0.11554617371584947,0.9489084375978514,0.13513662797596396,0.13513662797596396,0.23607764016754326,0.2330039873410663,0.2,1.2515953464624512,59,0.14303040262500122,,0.2896508832618622,0.2535694976336032,0.24268197164584251,0.13018891098082389,0.13434200206050945,0.2090084472462362,0.14073407543884794,0.0,0.20112976583783593,0.13516158641618636,,,,,,,,
1,10,3,0,M,FAD,969,0.03212462831016178,0.0,0.06907024169364401,0.8530558198710442,0.9915863520444161,0.1322615453054715,0.9120469294398796,0.11554617371584947,0.9489084375978514,0.047554523760770406,0.047554523760770406,0.5273769251598908,0.49590900045297553,0.2,1.3096431633414845,0,,,,,,,,,,,,,,,,,,,,
1,10,3,1,H,all,1965,0.022558941739747075,0.0,0.13931986122169146,0.7583408865009429,0.9816687483984057,0.21072908424453474,0.9636049334733413,0.18305848646090053,0.9889742607057757,0.04929345722035341,0.04929345722035341,0.8464972915192368,0.8445119378442882,0.2,2.2490029304692487,378,0.7709406765033161,0.9602680623655789,0.688348152737795,0.20888535086885562,0.9807093997780357,0.05143444998736397,0.33558837683880666,0.2601739830396054,0.27394506835648336,0.21009326464615433,0.2178827790940635,0.5746107765166003,,,,,,,,
1,10,3,1,M,all,799,0.03537745688386125,0.0,0.11140428822322099,0.5950452268598814,0.999149572717653,0.11264637998336541,0.9928871902300843,0.13195031881608327,0.9905554228884639,0.0652461205178413,0.0652461205178413,0.8969115940646181,0.895266704402678,0.2,3.4974669158260663,0,,,,,,,,,,,,,,,,,,,,
1,10,3,1,M,FAD,799,0.03537745688386125,0.0,0.11140428822322099,0.5950452268598814,0.999149572717653,0.11264637998336541,0.9928871902300843,0.13195031881608327,0.9905554228884639,0.0652461205178413,0.0652461205178413,0.8969115940646181,0.895266704402678,0.2,3.4974669158260663,0,,,,,,,,,,,,,,,,,,,,
1,10,3,2,H,all,2559,0.019768096709561138,0.0,0.1146561420527323,0.8928169532286818,0.9749071308606119,0.21869227221228002,0.9778672559131928,0.253930359695938,0.9790579548242366,0.07830980107804121,0.07830980107804121,0.8804527768143442,0.8792403240272227,0.2,2.258872476009194,521,0.7424188127882618,0.9782869869319629,0.7665779668313911,0.19318151702871655,0.6383379067119972,0.04381079543383235,0.3738651511264819,0.4047398778676778,0.29878161220706645,0.2700375514452471,0.2024111148757055,0.6404634882965762,,,,,,,,
1,10,3,2,M,all,703,0.03771571432023571,0.0,0.07992201251511051,0.844277122431376,0.9939085418469069,0.14876955904028608,0.9935471286066059,0.13118784757778515,0.9860002695387656,0.04345921099268007,0.04345921099268007,0.829396266821255,0.8275894587361481,0.2,2.0705800966430483,0,,,,,,,,,,,,,,,,,,,,
1,10,3,2,M,FAD,703,0.03771571432023571,0.0,0.07992201251511051,0.844277122431376,0.9939085418469069,0.14876955904028608,0.9935471286066059,0.13118784757778515,0.9860002695387656,0.04345921099268007,0.04345921099268007,0.829396266821255,0.8275894587361481,0.2,2.0705800966430483,0,,,,,,,,,,,,,,,,,,,,
1,10,3,3,H,all,417,0.048970210687439175,0.0,0.7947715764016204,0.09590757874692662,0.5434194479942687,0.33618247281353836,0.48400809658296956,0.7531327153449089,0.20165790456067254,0.5069776797248642,0.5069776797248642,0.5789841525497516,0.28638908765503474,0.2,2.7543474081176575,84,1.1864579040886345,,1.0025341187825365,0.13691508115717735,0.9924138536452127,0.1091089451179962,0.2382765462738526,0.29776688926548883,0.328338146183891,0.0,0.804131953423389,0.8224593402320137,,,,,,,,
1,10,3,3,M,all,797,0.03542181734879073,0.0,0.11612592834921764,0.72928004136341,0.9959089901184907,0.16525232723718314,0.9962727189589757,0.14698820656815687,0.994572576152287,0.06645026334428886,0.06645026334428886,0.8838069536653068,0.8844443280695988,0.2,2.6491461513613155,0,,,,,,,,,,,,,,,,,,,,
1,10,3,3,M,FAD,797,0.03542181734879073,0.0,0.11612592834921764,0.72928004136341,0.9959089901184907,0.16525232723718314,0.9962727189589757,0.14698820656815687,0.994572576152287,0.06645026334428886,0.06645026334428886,0.8838069536653068,0.8844443280695988,0.2,2.6491461513613155,0,,,,,,,,,,,,,,,,,,,,
1,10,3,4,M,all,754,0.03641785203646149,0.0,0.08450205739575013,0.7896962429386771,0.9982246418614292,0.1273456274410226,0.9853452187173981,0.13276498606905135,0.9793075592861044,0.05024586882332304,0.05024586882332304,0.849634765336648,0.8454789203154117,0.2,2.293033548455254,0,,,,,,,,,,,,,,,,,,,,
1,10,3,4,M,FAD,754,0.03641785203646149,0.0,0.08450205739575013,0.7896962429386771,0.9982246418614292,0.1273456274410226,0.9853452187173981,0.13276498606905135,0.9793075592861044,0.05024586882332304,0.05024586882332304,0.849634765336648,0.8454789203154117,0.2,2.293033548455254,0,,,,,,,,,,,,,,,,,,,,
1,10,4,0,H,all,1471,0.02607315963394304,0.0,0.0877090642787964,0.8592694917870484,0.9522604433758022,0.16294292614035752,0.7457114317939026,0.16732142235989855,0.8936191139412101,0.06562795869575216,0.06562795869575216,0.4380564840796663,0.3958038918637994,0.2,1.2581373088081522,299,1.0250974667571884,0.9418846241052975,0.7461947731721007,0.08968004124735468,0.9264773907900814,0.05783149319662402,0.196370432540747,0.20459734099683424,0.16943283744426912,0.14103515057010937,0.09520743697158614,0.6939609386727592,,,,,,,,
1,10,4,0,M,all,1211,0.02873610675690391,0.0,0.0889864111880133,0.7149168868055837,0.8932674316137517,0.09139558735315274,0.8964435385843653,0.1272658178019303,0.9446653761769438,0.05833841086480066,0.05833841086480066,0.3931558590227348,0.3908303095232037,0.2,1.2139776886249245,70,0.13467614836793512,,0.31073035192816323,0.2975814094631006,0.41685259587515683,0.11952286093343936,0.1508903110761498,0.27371566279400655,0.15413848434227065,0.0,0.20434299548375917,0.12204749111432756,,,,,,,,
1,10,4,0,M,MPA,287,0.059028133610095526,0.0,0.12771916222441212,0.2227500580735096,0.4351652136391726,0.058667301954835896,0.4983631985654432,0.1272658178019303,0.9446653761769438,0.13608865060108744,0.13608865060108744,0.29785289877239185,0.3052066567139206,0.2,1.140586123637778,70,0.13467614836793512,,0.31073035192816323,0.2975814094631006,0.41685259587515683,0.11952286093343936,0.1508903110761498,0.27371566279400655,0.15413848434227065,0.0,0.20434299548375917,0.12204749111432756,,,,,,,,
1,10,4,0,M,FAD,924,0.03289758474798845,0.0,0.09202582876269387,0.748923324894589,0.8746380265455783,0.13214448329870676,0.8685536644280463,0.1272658178019303,0.9446653761769438,0.05645420164054528,0.05645420164054528,0.4408977965723765,0.4340681414344203,0.2,1.1879066528422033,0,,,,,,,,,,,,,,,,,,,,
1,10,4,1,H,all,1849,0.023255813953488372,0.0,0.14505619753184354,0.5878062299881357,0.9687597058434548,0.1627202258261025,0.9530974987828066,0.15657382954684715,0.9904815706659921,0.06288342675141348,0.06288342675141348,0.7731870738527623,0.7691144232116216,0.2,1.8704511934789978,385,0.5670405378896756,0.9720810906824795,0.7379271815675412,0.18579217207722026,0.9651750938808528,0.050964719143762556,0.17958933647044423,0.19993958003756765,0.17877683941140757,0.16089481931977373,0.20464689238233535,0.455069088663673,,,,,,,,
1,10,4,1,M,all,757,0.0363456182092407,0.0,0.14920098661705075,0.38727759602781303,0.9956405854999758,0.12258664247527616,0.9969443129744644,0.1448779905254651,0.9946594253506789,0.0650767967103608,0.0650767967103608,0.883816271028317,0.8828498617211632,0.2,3.4599297845108605,0,,,,,,,,,,,,,,,,,,,,
1,10,4,1,M,FAD,757,0.0363456182092407,0.0,0.14920098661705075,0.38727759602781303,0.9956405854999758,0.12258664247527616,0.9969443129744644,0.1448779905254651,0.9946594253506789,0.0650767967103608,0.0650767967103608,0.883816271028317,0.8828498617211632,0.2,3.4599297845108605,0,,,,,,,,,,,,,,,,,,,,
1,10,4,2,H,all,2603,0.019600308903302492,0.0,0.09633886956590106,0.8979354824066594,0.8319486412767055,0.21854289605569194,0.9948680366083653,0.20165089413763654,0.821752667779376,0.08463741177075283,0.08463741177075283,0.8563823890557674,0.8712512240737567,0.2,1.4843474419416582,525,1.1740739220269905,0.9811832757290665,0.7978750763431119,0.32865150632838264,0.7078671425779508,0.04364357804719848,0.26868850343309403,0.2977075448957426,0.33069982603595643,0.219373909877696,0.18458779411786752,0.676654504097147,,,,,,,,
1,10,4,2,M,all,694,0.037959480900056165,0.0,0.08928434612363705,0.773482243642563,0.9935448778478067,0.13624422580398124,0.9968779510180332,0.12806892774649747,0.9932155021574777,0.05474522568960227,0.05474522568960227,0.8564108219061527,0.8585177448414146,0.2,3.86305930894471,0,,,,,,,,,,,,,,,,,,,,
1,10,4,2,M,FAD,694,0.037959480900056165,0.0,0.08928434612363705,0.773482243642563,0.9935448778478067,0.13624422580398124,0.9968779510180332,0.12806892774649747,0.9932155021574777,0.05474522568960227,0.05474522568960227,0.8564108219061527,0.8585177448414146,0.2,3.86305930894471,0,,,,,,,,,,,,,,,,,,,,
1,10,4,3,H,all,1243,0.02836380138986998,0.0,0.35470214699471525,0.3860190604973266,0.9918672350567144,0.1441950667411155,0.9706151666978436,0.38447758362654283,0.9762040143469133,0.7890076243807458,0.7890076243807458,0.8402024596533557,0.8295405384436515,0.2,3.9735806535454476,254,1.0877276596012992,0.9902602272104132,0.9994979601306424,0.0796156794688789,0.9940518313573192,0.06274558051381586,0.17961040967450795,0.18642768251984343,0.14213999982072906,0.16234695514974087,0.3498736338042287,0.750098487979503,,,,,,,,
1,10,4,3,M,all,826,0.03479445003196105,0.0,0.13927292075714742,0.5314157664036603,0.9940739540980805,0.14787396619305973,0.9964704892032277,0.13945500449731812,0.9906585132484794,0.06583062139455556,0.06583062139455556,0.8763993688613054,0.880205956338933,0.2,3.5945900292563997,0,,,,,,,,,,,,,,,,,,,,
1,10,4,3,M,FAD,826,0.03479445003196105,0.0,0.13927292075714742,0.5314157664036603,0.9940739540980805,0.14787396619305973,0.9964704892032277,0.13945500449731812,0.9906585132484794,0.06583062139455556,0.06583062139455556,0.8763993688613054,0.880205956338933,0.2,3.5945900292563997,0,,,,,,,,,,,,,,,,,,,,
1,10,4,4,M,all,731,0.036986336072765455,0.0,0.1540998950901195,0.4112465987646535,0.9980041854103621,0.1396252618863079,0.991232857805098,0.14430348409429963,0.9939254149241131,0.0758090149846984,0.0758090149846984,0.8647362188290018,0.861267687986915,0.2,2.9288522312447522,0,,,,,,,,,,,,,,,,,,,,
1,10,4,4,M,FAD,731,0.036986336072765455,0.0,0.1540998950901195,0.4112465987646535,0.9980041854103621,0.1396252618863079,0.991232857805098,0.14430348409429963,0.9939254149241131,0.0758090149846984,0.0758090149846984,0.8647362188290018,0.861267687986915,0.2,2.9288522312447522,0,,,,,,,,,,,,,,,,,,,,
1,10,5,0,H,all,1422,0.026518576139190998,0.0,0.07006603741637407,0.9563321422727848,0.9066169605906254,0.23018467327524025,0.5425469426002372,0.20056761822464458,0.7349774375812812,0.045797979948778315,0.045797979948778315,0.42418239773834476,0.3178959646185476,0.2,1.514888615774674,286,0.9578865796569749,0.9541746400329234,0.8108762353705394,0.08987505096646509,0.8604282242302905,0.05913123959890826,0.3166859397525801,0.306107829389581,0.21597264557871765,0.16342117066621067,0.10151877573854436,0.7061369208899239,,,,,,,,
1,10,5,0,M,all,1236,0.028444006199428714,0.0,0.053797136665359326,0.8958872588262919,0.987539199688941,0.10408998751601391,0.5358271555759225,0.12073940982045632,0.5877082330056018,0.05932482963851895,0.05932482963851895,0.40739980833935296,0.33895083363558304,0.2,1.2228626285399684,71,0.17034754738667687,,0.31084546653484346,0.2733762949628954,0.39414410062217725,0.11867816581938533,0.1687858313043719,0.25272012716880826,0.16572205543080393,0.0,0.18273161809388697,0.20567993687218855,,,,,,,,
1,10,5,0,M,MPA,327,0.0553001263609331,0.0,0.10063157848088063,0.5533519981111729,0.4596455194806443,0.07034294128832136,0.09776979288371344,0.12073940982045632,0.5877082330056018,0.14725800045464466,0.14725800045464466,0.3015172596180001,0.2563365886313528,0.2,1.2975717437938754,71,0.17034754738667687,,0.31084546653484346,0.2733762949628954,0.39414410062217725,0.11867816581938533,0.1687858313043719,0.25272012716880826,0.16572205543080393,0.0,0.18273161809388697,0.20567993687218855,,,,,,,,
1,10,5,0,M,FAD,909,0.033167906340332974,0.0,0.07263220837265955,0.8699485828658247,0.9793804417088502,0.1466329972917205,0.5504414326272785,0.12073940982045632,0.5877082330056018,0.05447720682079033,0.05447720682079033,0.46269792061274434,0.38232242486865414,0.2,1.2696959428848489,0,,,,,,,,,,,,,,,,,,,,
1,10,5,1,H,all,2010,0.022304986837273527,0.0,0.10515086446370171,0.8242656362805917,0.9968339148962214,0.17137504517182212,0.9696991563856802,0.1817712641780751,0.9807750244403248,0.05452601596129363,0.05452601596129363,0.8692676506206194,0.8550750762045445,0.2,3.9939273272814986,407,0.895516475752077,0.9647897520505696,0.7717759188191732,0.17641907660550227,0.9922964963912762,0.04956815970966096,0.300386970949194,0.22685866584754766,0.2293141053244271,0.30183179440914887,0.15626045491274526,0.6801791729398544,,,,,,,,
1,10,5,1,M,all,866,0.03398138330152924,0.0,0.11235594695050398,0.5830245208853104,0.9986694385760142,0.1239964958069127,0.990375742227561,0.12204242307211842,0.9933686681304407,0.05922732995325259,0.05922732995325259,0.8925062478822572,0.8897055439141816,0.2,3.2348458773475035,0,,,,,,,,,,,,,,,,,,,,
1,10,5,1,M,FAD,866,0.03398138330152924,0.0,0.11235594695050398,0.5830245208853104,0.9986694385760142,0.1239964958069127,0.990375742227561,0.12204242307211842,0.9933686681304407,0.05922732995325259,0.05922732995325259,0.8925062478822572,0.8897055439141816,0.2,3.2348458773475035,0,,,,,,,,,,,,,,,,,,,,
1,10,5,2,H,all,2577,0.0196989369755484,0.0,0.09243511423342768,0.9272403857574107,0.933396234782964,0.2268111479059842,0.5049231174764692,0.24678585080066634,0.5995017184822778,0.07002424293811978,0.07002424293811978,0.8052715604243615,0.5909610901612473,0.2,2.8858852336651206,537,1.226229572969693,0.9793408813583679,0.8050795302026996,0.09389032371269644,0.9988897752841788,0.04315318520021031,0.29155839220644253,0.28294968502555745,0.23487858090826505,0.14857010882765315,0.18004308783998554,0.7839110500388222,,,,,,,,
1,10,5,2,M,all,759,0.036297700432031385,0.0,0.22861361933334493,0.2492493916462154,0.8045844414867712,0.16705194937720555,0.9880204956772797,0.20316630199879215,0.8132519153754304,0.08530878758717649,0.08530878758717649,0.8268922551383748,0.877618812411437,0.2,2.6186266241367826,0,,,,,,,,,,,,,,,,,,,,
1,10,5,2,M,FAD,759,0.036297700432031385,0.0,0.22861361933334493,0.2492493916462154,0.8045844414867712,0.16705194937720555,0.9880204956772797,0.20316630199879215,0.8132519153754304,0.08530878758717649,0.08530878758717649,0.8268922551383748,0.877618812411437,0.2,2.6186266241367826,0,,,,,,,,,,,,,,,,,,,,
1,10,5,3,H,all,785,0.03569153051241249,0.0,0.5181461346769658,0.07024529852419219,0.68307829982513,0.20273276054272207,0.9828239064179399,0.49129201786269644,0.6500781657433916,0.1525832347077802,0.1525832347077802,0.6206872576589001,0.839130628570462,0.2,3.6044384976005595,168,1.1141121801350624,0.9826684855908137,0.9937274067085203,0.10584568596724643,0.9895742862613806,0.07715167498104596,0.255529839991901,0.25219430875804166,0.21834635958111234,0.1549330289425129,0.5011709029525223,0.7680191542402882,,,,,,,,
1,10,5,3,M,all,719,0.03729370703141007,0.0,0.21511438938909322,0.6250001344404219,0.9805907107197671,0.18081379567019856,0.9731642867006789,0.27534017781112946,0.9886930810744277,0.10671877866728745,0.10671877866728745,0.8463681274628101,0.8458386568504747,0.2,2.7034949094224263,0,,,,,,,,,,,,,,,,,,,,
1,10,5,3,M,FAD,719,0.03729370703141007,0.0,0.21511438938909322,0.6250001344404219,0.9805907107197671,0.18081379567019856,0.9731642867006789,0.27534017781112946,0.9886930810744277,0.10671877866728745,0.10671877866728745,0.8463681274628101,0.8458386568504747,0.2,2.7034949094224263,0,,,,,,,,,,,,,,,,,,,,
1,10,5,4,M,all,746,0.03661260129691062,0.0,0.10910276590282396,0.887472226571482,0.9911259314999309,0.23250920133613096,0.9789622812000455,0.18581905829337514,0.9915370739038842,0.061723478915964206,0.061723478915964206,0.9021569765097642,0.8943120855859191,0.2,2.4816525467951727,0,,,,,,,,,,,,,,,,,,,,
1,10,5,4,M,FAD,746,0.03661260129691062,0.0,0.10910276590282396,0.887472226571482,0.9911259314999309,0.23250920133613096,0.9789622812000455,0.18581905829337514,0.9915370739038842,0.061723478915964206,0.061723478915964206,0.9021569765097642,0.8943120855859191,0.2,2.4816525467951727,0,,,,,,,,,,,,,,,,,,,,
1,20,1,0,H,all,2320,0.020761369963434993,0.0,0.14790463912070645,0.8755328301230377,0.8559064180397071,0.2737895852939264,0.48805379021044065,0.17355454743216467,0.5973834616326679,0.05213873904196651,0.05213873904196651,0.49695242520401667,0.34292242836982206,0.2,1.274180113494189,452,0.7637595095688796,0.8379920689091194,0.6650127982266381,0.11352456521601009,0.7664604619491371,0.047036043419179864,0.3146246377032777,0.3121412862441712,0.28952536867166867,0.14746522300890358,0.16154147339402206,0.5560560722094576,,,,,,,,
1,20,1,0,M,all,2000,0.022360679774997897,0.0,0.07202333314957374,0.7737298816048646,0.9280594748664946,0.08385759343583171,0.5982211270048641,0.11351526089564455,0.5847972481097132,0.16010889140335957,0.16010889140335957,0.40078020709638934,0.3429204983428026,0.2,1.1559439204884854,91,0.1401868016293324,,0.35301609723365435,0.2660630349587614,0.2893580010622995,0.10482848367219183,0.12113714570967328,0.24987355769960612,0.12712502464010855,0.0,0.1592165849858164,0.12612714960856009,,,,,,,,
1,20,1,0,M,MPA,376,0.05157106231293967,0.0,0.11195872717443282,0.3047761124790222,0.4337457390475415,0.06368241590945706,0.38866949267860373,0.11351526089564455,0.5847972481097132,0.15411383366117837,0.15411383366117837,0.28761074132814773,0.26725119296334926,0.2,1.069655667735926,91,0.1401868016293324,,0.35301609723365435,0.2660630349587614,0.2893580010622995,0.10482848367219183,0.12113714570967328,0.24987355769960612,0.12712502464010855,0.0,0.1592165849858164,0.12612714960856009,,,,,,,,
1,20,1,0,M,FAD,1624,0.024814583349273254,0.0,0.08008049978424482,0.7834400582291552,0.9465574313257396,0.12682889614774034,0.5789507819323286,0.11351526089564455,0.5847972481097132,0.19080652764512812,0.19080652764512812,0.47364644664300637,0.3923098662949034,0.2,1.2518775788182053,0,,,,,,,,,,,,,,,,,,,,
1,20,1,1,H,all,3691,0.016459929752461706,0.0,0.08415113732804569,0.78025554650133,0.9559749699826092,0.12232861271221541,0.8554458935718363,0.13048134341128484,0.9455323047491376,0.0851911076371245,0.0851911076371245,0.7837437172933063,0.7661016802004916,0.2,1.215380064175753,706,0.34566608690123735,0.9304334437021955,0.6703807867171103,0.16489474385492833,0.834373746236418,0.03763549647474907,0.18513875045121103,0.18531468353023547,0.18075668463675024,0.1414766870543012,0.15909011055408545,0.1962397691169997,,,,,,,,
1,20,1,1,M,all,1984,0.022450662753346864,0.0,0.05143992505703463,0.9399164413280445,0.9773113520466818,0.14973792988420467,0.901287095673119,0.14645842724491034,0.9565459436059062,0.7486776465150091,0.7486776465150091,0.864251513310074,0.8499713869856078,0.2,1.366200531570548,1,,,,,,,,,,,,,,,,,,,,
1,20,1,1,M,FAD,1980,0.022473328748774737,0.0,0.048804826198300885,0.9460236287821453,0.97645803472629,0.14990261561964077,0.899809539155949,0.14645842724491034,0.9565459436059062,0.6650507737761824,0.6650507737761824,0.8645104498743473,0.8502991547737077,0.2,1.3578697174572765,0,,,,,,,,,,,,,,,,,,,,
1,20,1,2,H,all,5418,0.013585652432320372,0.0,0.09717807223778917,0.8516203031522451,0.9858642919242924,0.1540821231595085,0.9715876574882809,0.1852641209079863,0.9423594295155789,0.10332385590825827,0.10332385590825827,0.9125512051549733,0.9062024378297002,0.2,1.9903542450956577,1109,1.0331214999455998,0.9744700189802862,0.8289369464057227,0.10221924955037938,0.9929428941916328,0.03002854067691021,0.1820832989677317,0.18866932007154943,0.15287434369872932,0.1390429286685746,0.14005733607134468,0.683692555817786,,,,,,,,
1,20,1,2,M,all,1755,0.02387049580131443,0.0,0.04563076525195463,0.9669758153398533,0.9856010629084208,0.1769013531761867,0.8716440328125595,0.16403277786684492,0.9165579193794947,0.5278138467230954,0.5278138467230954,0.9027140274211348,0.8363314825177378,0.2,3.411897801023283,0,,,,,,,,,,,,,,,,,,,,
1,20,1,2,M,FAD,1755,0.02387049580131443,0.0,0.04563076525195463,0.9669758153398533,0.9856010629084208,0.1769013531761867,0.8716440328125595,0.16403277786684492,0.9165579193794947,0.5278138467230954,0.5278138467230954,0.9027140274211348,0.8363314825177378,0.2,3.411897801023283,0,,,,,,,,,,,,,,,,,,,,
1,20,1,3,H,all,6051,0.012855424542782616,0.0,0.061278712398557714,0.9574201470495483,0.9960969329742467,0.21181755684492398,0.48804715497192686,0.20674716798622766,0.49314179934014235,0.23470346557373367,0.23470346557373367,0.924637637975981,0.5556892234706502,0.2,1.8297879545335132,1216,0.9539221898883116,0.987434008841167,0.8990681801967009,0.0722690564683751,0.9964127844638937,0.028676966733820218,0.22518510769000064,0.23453168776364544,0.19612006803149873,0.12458666036162969,0.06333507294494065,0.7139864986837152,,,,,,,,
1,20,1,3,M,all,2048,0.022097086912079608,0.0,0.06370082304456046,0.9351826452589869,0.9955660036091938,0.17977341837321878,0.8686313776356972,0.1661267052083059,0.8855283231866337,0.7989005730804647,0.7989005730804647,0.8574314630935302,0.8327923734341522,0.2,1.4135880610835938,1,,,,,,,,,,,,,,,,,,,,
1,20,1,3,M,FAD,2046,0.022107884414269093,0.0,0.057205028340398985,0.9461784577045018,0.9959504363383301,0.1767205436109368,0.8788898395246936,0.1661267052083059,0.8855283231866337,0.8016250664949051,0.8016250664949051,0.8588293324606194,0.835182997767729,0.2,1.429330734128491,0,,,,,,,,,,,,,,,,,,,,
1,20,1,4,H,all,6283,0.012615848648268866,0.0,0.05178958589551561,0.992927359004091,0.9961642018079275,0.3917015820333708,0.49884133756364396,0.3661381552270629,0.49547141821663804,0.7018002697890716,0.7018002697890716,0.9999992244169225,0.9999924363830917,0.2,2.712843681773602,1246,1.0852013637304072,0.9963253902728346,1.0182626337127871,0.051026111490074015,0.9981672723832761,0.028329634983503674,0.45263731870087465,0.4412286793320799,0.3392168897512448,0.19053493123819942,0.06844355243506799,0.8071544401682562,,,,,,,,
1,20,1,4,M,all,2881,0.018630665602665245,0.0,0.05279134127708376,0.9402605628019192,0.9882979335875038,0.13925580623459213,0.945504970260115,0.1541569224173775,0.9156823384433442,0.5875928687148001,0.5875928687148001,0.8486440152196044,0.8265756908150269,0.2,1.5696427462509868,198,1.0108155668052181,,1.0053434000484485,0.1647953442063084,0.9941623744131504,0.07106690545187015,0.23148851228121628,0.2399631289819262,0.2027888180180523,0.0,0.2528314227055861,0.9440560707304035,,,,,,,,
1,20,1,4,M,MPA,978,0.03197647396955397,0.0,0.19465595240784972,0.2572763856478985,0.8406677078662892,0.16495887239293805,0.9057377873767327,0.1541569224173775,0.9156823384433442,0.5710479644718609,0.5710479644718609,0.8206731538283446,0.8617350235700783,0.2,2.3716828076030962,198,1.0108155668052181,,1.0053434000484485,0.1647953442063084,0.9941623744131504,0.07106690545187015,0.23148851228121628,0.2399631289819262,0.2027888180180523,0.0,0.2528314227055861,0.9440560707304035,,,,,,,,
1,20,1,4,M,FAD,1903,0.022923483038557266,0.0,0.046292065996014,0.9562076517127387,0.996793096729736,0.15775667927486803,0.9251991917538648,0.1541569224173775,0.9156823384433442,0.7777326418294136,0.7777326418294136,0.8525767100618022,0.8221569589633766,0.2,1.6264675183253305,0,,,,,,,,,,,,,,,,,,,,
1,20,2,0,H,all,2233,0.021161947784524245,0.0,0.09423706463290074,0.8576035488377822,0.842387654120041,0.18193364624187403,0.49521083311205777,0.14483860162391202,0.6923095841671266,0.04974374828917902,0.04974374828917902,0.4791601498061093,0.361485352570676,0.2,1.1884274045136562,454,0.773235529678739,0.8587933568150254,0.6642290542464475,0.1182679063363265,0.8154002374956282,0.04693232544639321,0.2815148605989966,0.29259180818017144,0.20821183699553256,0.14169125396977786,0.1126517428356015,0.5609264711683368,,,,,,,,
1,20,2,0,M,all,1960,0.022587697572631283,0.0,0.06182982455782618,0.7553552387520512,0.8135638168135395,0.07149177149438644,0.6750500803186531,0.09435060854636992,0.8099542541370691,0.11517568516791357,0.11517568516791357,0.40408664960910734,0.3739932313934293,0.2,1.0360660757570597,75,0.13064910349538075,,0.3018445684233921,0.3110094588195896,0.3152875338787708,0.11547005383792514,0.132237655210789,0.2826993098317659,0.1328666516966766,0.0,0.15306307937798033,0.1303994109612986,,,,,,,,
1,20,2,0,M,MPA,365,0.052342392259021375,0.0,0.09928343388174622,0.25112698719376236,0.29614115616613274,0.06263711941702929,0.25583675870524575,0.09435060854636992,0.8099542541370691,0.1556570014397961,0.1556570014397961,0.26975866742622484,0.267111971893614,0.2,1.2710323488318112,75,0.13064910349538075,,0.3018445684233921,0.3110094588195896,0.3152875338787708,0.11547005383792514,0.132237655210789,0.2826993098317659,0.1328666516966766,0.0,0.15306307937798033,0.1303994109612986,,,,,,,,
1,20,2,0,M,FAD,1595,0.02503915429180672,0.0,0.07300651297818171,0.7477611856339733,0.9630948008201566,0.10804117756257497,0.7678486482678888,0.09435060854636992,0.8099542541370691,0.1299008168828285,0.1299008168828285,0.4894570593715198,0.44224122279741857,0.2,1.2816087086679864,0,,,,,,,,,,,,,,,,,,,,
1,20,2,1,H,all,3675,0.016495721976846452,0.0,0.11420050713802052,0.8309114161646844,0.990634631707604,0.1853292786363658,0.9510472139988569,0.2030678293997224,0.9361487416515746,0.11101972869049619,0.11101972869049619,0.8965343036379189,0.8874800871942583,0.2,1.4625656522407413,712,0.580243717182262,0.9016271064608303,0.6058322910943466,0.16517123152668026,0.9699489223744018,0.03747658444979307,0.21248259260820704,0.25111284957151986,0.20283562818008846,0.16823465495406079,0.16424167739613368,0.42240013216252636,,,,,,,,
1,20,2,1,M,all,1947,0.022662980454966827,0.0,0.05473044333903797,0.9533125037955872,0.9979927208803988,0.17356293651762347,0.9384466031160515,0.18121556209236292,0.9260706323968189,0.8158082893448942,0.8158082893448942,0.9217144843988637,0.9084510966817444,0.2,2.2771350615135577,0,,,,,,,,,,,,,,,,,,,,
1,20,2,1,M,FAD,1947,0.022662980454966827,0.0,0.05473044333903797,0.9533125037955872,0.9979927208803988,0.17356293651762347,0.9384466031160515,0.18121556209236292,0.9260706323968189,0.8158082893448942,0.8158082893448942,0.9217144843988637,0.9084510966817444,0.2,2.2771350615135577,0,,,,,,,,,,,,,,,,,,,,
1,20,2,2,H,all,5215,0.01384754686472162,0.0,0.06327546853030555,0.8951895199057567,0.9957673442992637,0.12384016860370939,0.9878428673756304,0.14180279524929704,0.9826885604397088,0.08337313437933278,0.08337313437933278,0.8973285576351278,0.8949580118713094,0.2,2.3777820419875444,1056,0.7050880851643612,0.9749748593857259,0.7800764245009346,0.10859353290839202,0.9852111169959555,0.03077287274483318,0.16068556415543514,0.15395063191435368,0.1377033496674254,0.1031966460851704,0.08693475235461741,0.5301507134327756,,,,,,,,
1,20,2,2,M,all,1769,0.0237758517182737,0.0,0.08060393150008308,0.9113748500171481,0.9929264840343993,0.18561029001994717,0.7486258124554043,0.1948725273134469,0.7463441757509894,0.19474010858496274,0.19474010858496274,0.8831471186826495,0.8540073311974347,0.2,1.3814078577066455,0,,,,,,,,,,,,,,,,,,,,
1,20,2,2,M,FAD,1769,0.0237758517182737,0.0,0.08060393150008308,0.9113748500171481,0.9929264840343993,0.18561029001994717,0.7486258124554043,0.1948725273134469,0.7463441757509894,0.19474010858496274,0.19474010858496274,0.8831471186826495,0.8540073311974347,0.2,1.3814078577066455,0,,,,,,,,,,,,,,,,,,,,
1,20,2,3,H,all,6029,0.01287885809773041,0.0,0.06359053254408494,0.9681182270867673,0.9904931437204441,0.2520038720753108,0.260732477777653,0.2516468877503226,0.26681558087385265,0.10839004445310936,0.10839004445310936,0.9948015106893299,0.1844556264956951,0.2,1.876949343728742,1243,0.9678538863064303,0.9931504199300984,0.9747076319236473,0.057785010161819,0.9979825386573423,0.02836380138986998,0.2705351280789622,0.30069175423459005,0.2430714771653637,0.21781959942689888,0.08885321296647727,0.7077168993755583,,,,,,,,
1,20,2,3,M,all,2198,0.021329769189683427,0.0,0.07018592847946667,0.9449836905273187,0.8924382750979486,0.21232408684747311,0.8097600126611441,0.19053935607668712,0.9362535906893952,0.9072451728970519,0.9072451728970519,0.9170326954125028,0.904815677384329,0.2,1.2051844720780365,1,,,,,,,,,,,,,,,,,,,,
1,20,2,3,M,FAD,2191,0.021363815131845643,0.0,0.06217390224362432,0.9555742236763419,0.8619053072066549,0.20874790086208145,0.7817137982738075,0.19053935607668712,0.9362535906893952,0.9322407112323402,0.9322407112323402,0.9176326209930575,0.905984721033485,0.2,1.1578015759279854,0,,,,,,,,,,,,,,,,,,,,
1,20,2,4,H,all,6244,0.012655186588813844,0.0,0.06186051650346436,0.9909152508359061,0.9936583552999375,0.3895740522573114,0.2886213566666051,0.3531456322132084,0.27546006357487024,0.6376721053002723,0.6376721053002723,0.9992967215794964,0.9931271034404071,0.2,1.9483570893797573,1245,1.2041608862922957,0.9944654171385462,1.0294947471529559,0.05423264179315806,0.8485828231306636,0.028341010063256785,0.3154159290235254,0.30886614503156573,0.26363232673977194,0.27320011757846785,0.12800788458278506,0.8253327022841143,,,,,,,,
1,20,2,4,M,all,2812,0.018857857160117855,0.0,0.060275884224200174,0.913448064910204,0.9952906433085951,0.14596027931976774,0.9398554761467647,0.14356939649882025,0.9487713235185526,0.4515825625478326,0.4515825625478326,0.8424190819042451,0.823151962044568,0.2,1.7806253106842633,210,0.9636944295913051,,1.0212327040529618,0.23366889956275147,0.9813137389034307,0.06900655593423542,0.3413509268046291,0.3251034290967758,0.36216837007790004,0.0,0.38246625104841286,0.9132676842968818,,,,,,,,
1,20,2,4,M,MPA,1031,0.03114373299321498,0.0,0.17947680301107763,0.4713953718678286,0.8939643239672544,0.19487879808884165,0.9223198313450944,0.14356939649882025,0.9487713235185526,0.4121943538672328,0.4121943538672328,0.8019610595420287,0.8127953872551611,0.2,1.609451871928987,210,0.9636944295913051,,1.0212327040529618,0.23366889956275147,0.9813137389034307,0.06900655593423542,0.3413509268046291,0.3251034290967758,0.36216837007790004,0.0,0.38246625104841286,0.9132676842968818,,,,,,,,
1,20,2,4,M,FAD,1781,0.023695618019100723,0.0,0.062081496971804734,0.9146151934524526,0.9938310336653746,0.1533210688427075,0.9286091887922738,0.14356939649882025,0.9487713235185526,0.584949531793932,0.584949531793932,0.8465183635484,0.8245146091174551,0.2,1.755079192704338,0,,,,,,,,,,,,,,,,,,,,
1,20,3,0,H,all,2276,0.020961090407515925,0.0,0.09431454033562936,0.8484867000141473,0.7168848421404743,0.17539445833145734,0.2943656245747935,0.1321055369040681,0.36059430355180094,0.07392602737158895,0.07392602737158895,0.4560642685631459,0.30406881324143287,0.2,1.0430262916391702,481,0.8720756919811433,0.8732266749456156,0.6922801747279576,0.10243753577741234,0.9307107119828602,0.04559607525875532,0.25997951323388363,0.2592376059212642,0.18872879732248932,0.14738018275170703,0.10810285012564873,0.6363932817970337,,,,,,,,
1,20,3,0,M,all,1977,0.022490373369161064,0.0,0.07660936356782043,0.770497046266103,0.6984089369118165,0.07909943038158483,0.5811052040324822,0.11862320993471076,0.5803916939482153,0.10655254392056886,0.10655254392056886,0.37460075517897695,0.3439962859781315,0.2,1.0670433922796945,85,0.17070935125550618,,0.3440885917827197,0.19480094107093168,0.2514655841265893,0.10846522890932808,0.12420377865129006,0.1759459088039837,0.12861016394017966,0.0,0.1646818197210084,0.16504532333021782,,,,,,,,
1,20,3,0,M,MPA,333,0.0547996624351191,0.0,0.12087367726745367,0.2262979905931884,0.3796642661261227,0.06233490656228765,0.5099379696965609,0.11862320993471076,0.5803916939482153,0.18069735880861612,0.18069735880861612,0.2635132845479376,0.2847338201961516,0.2,1.133348046680409,85,0.17070935125550618,,0.3440885917827197,0.19480094107093168,0.2514655841265893,0.10846522890932808,0.12420377865129006,0.1759459088039837,0.12861016394017966,0.0,0.1646818197210084,0.16504532333021782,,,,,,,,
1,20,3,0,M,FAD,1644,0.0246631811833495,0.0,0.0799570070945586,0.7704874384599946,0.759369168347082,0.1173822147898123,0.5759355487673753,0.11862320993471076,0.5803916939482153,0.10174873050493159,0.10174873050493159,0.44053263139349,0.37784442981349736,0.2,1.1006168814870891,0,,,,,,,,,,,,,,,,,,,,
1,20,3,1,H,all,3557,0.016767104359008654,0.0,0.08851118671867517,0.8657358460200227,0.9622916272009218,0.1755937983296554,0.7189675195033586,0.1625284844023347,0.7129828015256527,0.057871065093828125,0.057871065093828125,0.8091572246821812,0.733709068546687,0.2,1.4233646128366564,693,0.8848809836436329,0.9040989833777195,0.6458089998779719,0.13753460257976702,0.9809215069331135,0.037986858819879316,0.21277463660396054,0.1975154300778866,0.17737247304369322,0.11235430254012997,0.1002511630164608,0.5626397333926476,,,,,,,,
1,20,3,1,M,all,1858,0.023199420949679552,0.0,0.07801558409434066,0.8994959721391147,0.9878521107434758,0.16721440777574945,0.9159118735127741,0.17776825684535022,0.876824890129022,0.9979896142942996,0.9979896142942996,0.8880559609295752,0.8813296423713988,0.2,1.289467436054017,0,,,,,,,,,,,,,,,,,,,,
1,20,3,1,M,FAD,1857,0.02320566658741545,0.0,0.07616414735416811,0.9043015298882292,0.9877532002325075,0.1672329900982406,0.9161241308405447,0.17776825684535022,0.876824890129022,0.9959113389708837,0.9959113389708837,0.888283880877465,0.8815646366006646,0.2,1.289495337189189,0,,,,,,,,,,,,,,,,,,,,
1,20,3,2,H,all,5415,0.013589415249850587,0.0,0.0559253504095332,0.9261479053777144,0.9113348468024598,0.14781448660429258,0.8014477885728333,0.14132593177355146,0.7391577818963554,0.09785753873069596,0.09785753873069596,0.8040404016056002,0.7715569347103263,0.2,1.199618776180971,1065,0.8979962413971495,0.9751852549933087,0.7797134835609747,0.07027200504188486,0.9955316729699272,0.03064257065179478,0.17689115501660843,0.1742735188329396,0.1409195772300711,0.15185012486418012,0.08295341360549147,0.593950380221461,,,,,,,,
1,20,3,2,M,all,2134,0.021647252975540952,0.0,0.04408144410571253,0.9734805343486157,0.9684118208371687,0.1863378797138909,0.7367286247037326,0.1926206243076715,0.7391550660026456,0.07474373140019075,0.07474373140019075,0.8776274508967504,0.8320556214213122,0.2,1.184038879477614,0,,,,,,,,,,,,,,,,,,,,
1,20,3,2,M,FAD,2134,0.021647252975540952,0.0,0.04408144410571253,0.9734805343486157,0.9684118208371687,0.1863378797138909,0.7367286247037326,0.1926206243076715,0.7391550660026456,0.07474373140019075,0.07474373140019075,0.8776274508967504,0.8320556214213122,0.2,1.184038879477614,0,,,,,,,,,,,,,,,,,,,,
1,20,3,3,H,all,5978,0.012933678006074076,0.0,0.050535240756013636,0.9692418189632561,0.9977151448382761,0.20532975771560594,0.5066519877322166,0.19939905474995853,0.5040554810586173,0.4961313508988952,0.4961313508988952,0.9731981042528915,0.5087981761645195,0.2,3.4444921024113655,1218,1.0373405920944936,0.9936319218407272,0.9050186572583607,0.042128420727806905,0.9988606299788239,0.02865341275306264,0.21363940578781282,0.23930800425329318,0.19023182912395833,0.11268992582819204,0.06532886211651802,0.750565768125655,,,,,,,,
1,20,3,3,M,all,2152,0.021556530677961344,0.0,0.052589876557965265,0.9600040322802097,0.9929851554522986,0.18741837553257032,0.8057656190531035,0.17644154921971456,0.8069882728420316,0.07079265654364866,0.07079265654364866,0.8887991272778533,0.8565359093191036,0.2,1.3471586336071328,1,,,,,,,,,,,,,,,,,,,,
1,20,3,3,M,FAD,2151,0.021561540911771697,0.0,0.048318115198425375,0.9652551705647878,0.9934862172504421,0.18476437936017576,0.8044984414066222,0.17644154921971456,0.8069882728420316,0.07093327746097007,0.07093327746097007,0.8891041475826278,0.8566459306265646,0.2,1.347150550407345,0,,,,,,,,,,,,,,,,,,,,
1,20,3,4,H,all,6239,0.012660256572827508,0.0,0.07306331806594596,0.9626088445700551,0.9997724076325928,0.2562927706878938,0.4987528558463054,0.2694678561916164,0.4987922591001236,0.6855372836763596,0.6855372836763596,0.980749523473416,0.7441249892234971,0.2,6.769172959377052,1247,1.178884275971451,0.9941463547934974,0.8838915543442406,0.047420606485691415,0.9997726977604521,0.02831827358942995,0.31132913402151385,0.3252153681066398,0.2562445148594078,0.17130546224443458,0.06815256832627851,0.8389221288815134,,,,,,,,
1,20,3,4,M,all,3445,0.017037481092399637,0.0,0.06611192829860696,0.893438247503588,0.9716548560755903,0.1248881580069188,0.9603927488018151,0.14656270348327932,0.9091838740878355,0.633688306368921,0.633688306368921,0.847789819283564,0.8333686281410309,0.2,1.567379230892602,262,1.0077639840858452,,1.0094580105215205,0.1532434584329782,0.9754051277207286,0.06178020632152154,0.23003061917215867,0.25479263914740874,0.20359453045274603,0.0,0.2546067007703508,0.6905037896367654,,,,,,,,
1,20,3,4,M,MPA,1341,0.027307730683968016,0.0,0.17793669771268555,0.29362548917415515,0.9110915252909939,0.152728731528595,0.941748420596411,0.14656270348327932,0.9091838740878355,0.6323759076082389,0.6323759076082389,0.7961142817239089,0.7973234876858495,0.2,2.7543295543825104,262,1.0077639840858452,,1.0094580105215205,0.1532434584329782,0.9754051277207286,0.06178020632152154,0.23003061917215867,0.25479263914740874,0.20359453045274603,0.0,0.2546067007703508,0.6905037896367654,,,,,,,,
1,20,3,4,M,FAD,2104,0.02180103600984737,0.0,0.05360349564355892,0.9339405079365302,0.9763672239187515,0.1482419470119525,0.9573601157617835,0.14656270348327932,0.9091838740878355,0.6704639045420145,0.6704639045420145,0.857490821799905,0.8399500935756067,0.2,1.3641295636738366,0,,,,,,,,,,,,,,,,,,,,
1,20,4,0,H,all,2321,0.020756896976210092,0.0,0.08510255044056644,0.879002431188111,0.7770832620309819,0.17848012777985864,0.5101232866749126,0.15673011039963528,0.5252456198780076,0.21741576859757167,0.21741576859757167,0.4599402917576826,0.3423916945471824,0.2,1.2470765369015655,470,0.9425637184865502,0.8653350144660572,0.6833989431160354,0.10137206634963002,0.7479927058401588,0.04612656040144425,0.2259117288668674,0.24613562299142927,0.2118256740607713,0.16261045670024624,0.1132940291579162,0.6260714092804427,,,,,,,,
1,20,4,0,M,all,1983,0.022456322822201027,0.0,0.058705155916105346,0.8057029986015151,0.8416272649188609,0.07493023584617961,0.7969881444176364,0.09879644245992128,0.8776281215607279,0.5567297537637409,0.5567297537637409,0.4451854214423769,0.42964053307216793,0.2,1.1997736704097488,86,0.1330171447032412,0.40892407417721277,0.28991085527315186,0.2991147858191169,0.3704124870664274,0.10783277320343841,0.1243484502973856,0.28670726021780407,0.12398195557927404,0.12876282716244059,0.1564479569317971,0.13011020729571143,,,,,,,,
1,20,4,0,M,MPA,386,0.050898659855928764,0.0,0.10174956508064201,0.25971030675014656,0.6044939815911406,0.061022182014096836,0.6581766904153358,0.09879644245992128,0.8776281215607279,0.1641100542534972,0.1641100542534972,0.32685855406449155,0.34090153045744226,0.2,1.230982496359021,86,0.1330171447032412,0.40892407417721277,0.28991085527315186,0.2991147858191169,0.3704124870664274,0.10783277320343841,0.1243484502973856,0.28670726021780407,0.12398195557927404,0.12876282716244059,0.1564479569317971,0.13011020729571143,,,,,,,,
1,20,4,0,M,FAD,1597,0.02502347051056742,0.0,0.06063148339714141,0.8436610009025561,0.842531010460114,0.11272381991806232,0.7657695064683792,0.09879644245992128,0.8776281215607279,0.60208023207621,0.60208023207621,0.5196206695490946,0.48539566230529574,0.2,1.1734654660366513,0,,,,,,,,,,,,,,,,,,,,
1,20,4,1,H,all,3629,0.016599939908326297,0.0,0.09649683706556553,0.7663741607084138,0.9772437007483529,0.13987323505847984,0.7495792650570697,0.14237954329634273,0.7468590618223933,0.06326988704313903,0.06326988704313903,0.9199087491296505,0.8901623379369318,0.2,2.0151461565799806,724,0.8040905920621781,0.9273301117365694,0.6492654681475734,0.15833384458173422,0.8642667229070444,0.03716470731235832,0.20100027759712072,0.1927115881862164,0.14987007850051742,0.13494552395363016,0.10561705121975389,0.5031514977034851,,,,,,,,
1,20,4,1,M,all,1871,0.02311868386304882,0.0,0.043843798089890335,0.9656323019496021,0.9900920002043468,0.1655572990348108,0.7404028992528215,0.16827397187932738,0.7446252004860602,0.5334006816204734,0.5334006816204734,0.9115763643060942,0.8831042994337471,0.2,1.4760898717362476,1,,,,,,,,,,,,,,,,,,,,
1,20,4,1,M,FAD,1869,0.02313105010296125,0.0,0.043645934656707894,0.965993737354506,0.9900263145498553,0.16599567563113488,0.7403784348670142,0.16827397187932738,0.7446252004860602,0.48523411054002663,0.48523411054002663,0.9116363633390284,0.8831661951607959,0.2,1.4763064668077668,0,,,,,,,,,,,,,,,,,,,,
1,20,4,2,H,all,5304,0.013730875909527243,0.0,0.079493268128147,0.8843165468192864,0.8522004168736322,0.16985023951972547,0.8552007207227206,0.15572673267539777,0.986936484209211,0.08069258317564566,0.08069258317564566,0.9603856311499573,0.9529163668880192,0.2,1.083842298993457,1069,0.9960827776807549,0.9730117403962134,0.7659223373342775,0.09263620603417352,0.9936573871108384,0.0305851875103308,0.2206824169655857,0.18436832077262852,0.15639780794251923,0.14261972424304864,0.0918278696493973,0.6411112481530588,,,,,,,,
1,20,4,2,M,all,1714,0.024154307519818494,0.0,0.07184269502789954,0.941424660255526,0.9898327092826666,0.211858598074654,0.9257615166328876,0.1918875306539942,0.9416482390370606,0.06739686348412051,0.06739686348412051,0.8921264977564073,0.8688867870667943,0.2,2.1459967280357204,0,,,,,,,,,,,,,,,,,,,,
1,20,4,2,M,FAD,1714,0.024154307519818494,0.0,0.07184269502789954,0.941424660255526,0.9898327092826666,0.211858598074654,0.9257615166328876,0.1918875306539942,0.9416482390370606,0.06739686348412051,0.06739686348412051,0.8921264977564073,0.8688867870667943,0.2,2.1459967280357204,0,,,,,,,,,,,,,,,,,,,,
1,20,4,3,H,all,6115,0.01278797472740628,0.0,0.06012789451698973,0.9813172558615327,0.8817056113537461,0.27138576894469874,0.625374335977058,0.23649785998387307,0.5045012560233199,0.8568934162976632,0.8568934162976632,0.8350225047562985,0.6483011170542499,0.2,1.1841218657402772,1263,0.842227154711236,0.9867546807715606,0.9533143869727674,0.048014798083270124,0.9861542581800428,0.028138330394167636,0.2875906039753792,0.28019990648246373,0.23760353550284785,0.11588157012390894,0.05213836866498616,0.7202070358191766,,,,,,,,
1,20,4,3,M,all,1965,0.022558941739747075,0.0,0.07899121625214406,0.9289516314065303,0.9805450680898126,0.2131846832140342,0.775756438850847,0.19471332021494714,0.8223331182545495,0.703171994537019,0.703171994537019,0.9181512176592105,0.8973781729986197,0.2,1.1860286165500995,0,,,,,,,,,,,,,,,,,,,,
1,20,4,3,M,FAD,1962,0.022576182049286544,0.0,0.06497600056469569,0.9501391150327815,0.9885134117228975,0.20814254743584548,0.7875857579440094,0.19471332021494714,0.8223331182545495,0.7038285536654877,0.7038285536654877,0.9196876425254968,0.8986529174297168,0.2,1.247112619225549,0,,,,,,,,,,,,,,,,,,,,
1,20,4,4,H,all,6054,0.012852238958656698,0.0,0.07274688409079558,0.9620966648703448,0.996115247366378,0.22843446477010307,0.5811642432123207,0.18220862054590903,0.5743329306985048,0.7227194394723925,0.7227194394723925,0.8846723501209816,0.5572457423720023,0.2,3.60410472087119,1234,0.947328749915819,0.993608727871869,0.9762396330903029,0.045482618866727095,0.9934769569720054,0.028467047115478598,0.19246333129351967,0.20441979608808622,0.16530267345398536,0.10818889000452737,0.07223584122748063,0.7774139867129309,,,,,,,,
1,20,4,4,M,all,2822,0.018824415287446387,0.0,0.0543845345134131,0.9037314813353813,0.9915992271511348,0.12188656644176694,0.9143972142642297,0.12548132257739605,0.8953595237707358,0.6417832659064618,0.6417832659064618,0.8694191220873101,0.8519429332881174,0.2,1.6738362639988322,188,1.0440247385121064,,1.0260465963699406,0.318012569046004,0.9763366713313734,0.07293249574894728,0.3900579779440471,0.4118293755486168,0.39231425315653257,0.0,0.4094878472314626,0.9571445913970276,,,,,,,,
1,20,4,4,M,MPA,947,0.032495633692564134,0.0,0.16078064101455847,0.3823229832273612,0.8809496613742953,0.15935838996598437,0.9441687722049101,0.12548132257739605,0.8953595237707358,0.65613344615028,0.65613344615028,0.8384135076702114,0.8515566328968961,0.2,2.168223926132058,188,1.0440247385121064,,1.0260465963699406,0.318012569046004,0.9763366713313734,0.07293249574894728,0.3900579779440471,0.4118293755486168,0.39231425315653257,0.0,0.4094878472314626,0.9571445913970276,,,,,,,,
1,20,4,4,M,FAD,1875,0.023094010767585032,0.0,0.0503129357823636,0.9267090227640863,0.9928891225740404,0.1338333078670525,0.8914676200752792,0.12548132257739605,0.8953595237707358,0.17044423510299142,0.17044423510299142,0.8756638665091586,0.8520655107564916,0.2,1.6269074233877907,0,,,,,,,,,,,,,,,,,,,,
1,20,5,0,H,all,2216,0.021242964433104368,0.0,0.09073054682312463,0.8751174236943255,0.895283376172593,0.18379607123256228,0.5563271403715347,0.14291123400956157,0.7158112377289245,0.05718272985614278,0.05718272985614278,0.4865484969426662,0.35389328672494497,0.2,1.1609907047820525,471,0.6875496882515315,0.8545849563062332,0.6425500141707994,0.16318680818957412,0.8938218867150176,0.04607756775840914,0.21586399148090932,0.26280129928112206,0.2068383644302028,0.1440708255653393,0.12420810114288346,0.5102649654130743,,,,,,,,
1,20,5,0,M,all,1912,0.022869467687317412,0.0,0.06291798709240161,0.805555853671763,0.9002162395919151,0.07572487058410511,0.45376983796117376,0.1051083426207104,0.4797347029543272,0.11377976132407723,0.11377976132407723,0.4454550547839583,0.326133415867969,0.2,1.1438190459366375,79,0.14533094210357317,,0.32408265436561784,0.2480253343965502,0.44875064839562345,0.1125087900926024,0.12870919192269475,0.24594943978139086,0.13519472771851637,0.0,0.17141591242100226,0.11939689991726765,,,,,,,,
1,20,5,0,M,MPA,374,0.051708768999501914,0.0,0.11179740868752164,0.18828927821006633,0.6439458028716032,0.06271596045288784,0.24790614114137835,0.1051083426207104,0.4797347029543272,0.1645439749894761,0.1645439749894761,0.3306119937301431,0.2443666369410497,0.2,1.2847205331896066,79,0.14533094210357317,,0.32408265436561784,0.2480253343965502,0.44875064839562345,0.1125087900926024,0.12870919192269475,0.24594943978139086,0.13519472771851637,0.0,0.17141591242100226,0.11939689991726765,,,,,,,,
1,20,5,0,M,FAD,1538,0.02549892269327383,0.0,0.06772559893024759,0.8065614420802777,0.9268511078675693,0.11172109980835493,0.4786758625314147,0.1051083426207104,0.4797347029543272,0.11870048420113818,0.11870048420113818,0.5124533104902531,0.3747342199117319,0.2,1.2624781492250665,0,,,,,,,,,,,,,,,,,,,,
1,20,5,1,H,all,3742,0.016347378131669827,0.0,0.08892907562362831,0.8208745610196808,0.817844299193955,0.12854641212787882,0.8287682320464261,0.15570784896195253,0.7243562755495012,0.058382185340214485,0.058382185340214485,0.8633830965059536,0.8585122903583382,0.2,1.0847953117394071,769,0.739561249960455,0.9225772911111357,0.6440168752029547,0.15783311130519262,0.8958739344755688,0.036060922298730945,0.17883771115309857,0.19598452038764477,0.1646451088653045,0.14173909329804735,0.1381199585067746,0.5929944801618855,,,,,,,,
1,20,5,1,M,all,1692,0.024310831916315757,0.0,0.05284512203931123,0.9561568983537492,0.9962708964425414,0.1797764120381587,0.9666421459843042,0.17644997892973763,0.9653556490612573,0.6568763539046643,0.6568763539046643,0.8564036817899583,0.8382940775739357,0.2,1.6688828073859372,0,,,,,,,,,,,,,,,,,,,,
1,20,5,1,M,FAD,1691,0.024318019154289876,0.0,0.05107445278609116,0.9591811135466071,0.9962710537500097,0.1801432025810977,0.9666407451513354,0.17644997892973763,0.9653556490612573,0.6271403298937327,0.6271403298937327,0.8564408019255609,0.838328983924309,0.2,1.668884719760805,0,,,,,,,,,,,,,,,,,,,,
1,20,5,2,H,all,5212,0.013851531579263273,0.0,0.12264068557874959,0.7257836304757291,0.9836855078805568,0.16422954821477262,0.7536142849076868,0.16691166983340613,0.7535978827815367,0.1021134296898544,0.1021134296898544,0.9060516251682268,0.5257276877585426,0.2,1.3686777250858608,1044,0.8336700727133687,0.9751154679288041,0.8320646861817698,0.08735958571276832,0.983614808144323,0.030949223029508647,0.19472208547184566,0.16023054484320187,0.15737356004617412,0.12174987653955761,0.12140854552427986,0.6433824649155188,,,,,,,,
1,20,5,2,M,all,1879,0.02306941649993959,0.0,0.07447392755897662,0.9295269378349598,0.9992674836606799,0.20185180181553009,0.9575735962522781,0.19007408459280506,0.9550257776080397,0.7608368341105715,0.7608368341105715,0.8884543928113346,0.8589436111760249,0.2,2.2032957255872447,1,,,,,,,,,,,,,,,,,,,,
1,20,5,2,M,FAD,1877,0.023081703806536465,0.0,0.06565408090970506,0.9433852811109728,0.9992586962946145,0.1976293784937865,0.958138044456453,0.19007408459280506,0.9550257776080397,0.7528956462468065,0.7528956462468065,0.8900146594086381,0.8607577540070575,0.2,2.2001524827343433,0,,,,,,,,,,,,,,,,,,,,
1,20,5,3,H,all,6147,0.012754645529889683,0.0,0.09277687955298902,0.9568115931735681,0.991673399231231,0.317423385022895,0.7137873363136535,0.31332506880109534,0.7148442714690562,0.12478622585715965,0.12478622585715965,0.9996421500821162,0.9978210618284725,0.2,1.2912453772638846,1181,1.0826897446851185,0.9877588959568017,0.9215982797246823,0.05200505208214529,0.9636833729790656,0.029098798098966275,0.38377203368937984,0.3516562371213984,0.2663919130804135,0.1689707687847538,0.11400958356310142,0.7945714312833798,,,,,,,,
1,20,5,3,M,all,1972,0.022518867455552247,0.0,0.05581224404768845,0.9523681213249965,0.9949969681190667,0.1798368253159561,0.818469147081927,0.1816357111307138,0.8277169590387274,0.9990523329664229,0.9990523329664229,0.8902515300367827,0.8719604981027849,0.2,1.2996595126177837,0,,,,,,,,,,,,,,,,,,,,
1,20,5,3,M,FAD,1971,0.022524579279982866,0.0,0.05196727397906257,0.9587667119926679,0.9950009081466963,0.18014548975311792,0.8184096329624958,0.1816357111307138,0.8277169590387274,0.9984563904044317,0.9984563904044317,0.8903837961078799,0.8720700634049832,0.2,1.3005902667078437,0,,,,,,,,,,,,,,,,,,,,
1,20,5,4,H,all,6143,0.012758797432841413,0.0,0.04029801134787701,0.9889129922966529,0.7435122044015218,0.26880084401784765,0.4234575677757499,0.2602841914598581,0.3274538198714899,0.5307402523054098,0.5307402523054098,0.8026633773422319,0.26856420823513333,0.2,1.0978153696198425,1236,0.9133221584033357,0.9953133622507359,0.9121228060623323,0.05061827145831569,0.8703436557637113,0.028444006199428714,0.21528313880700906,0.2414622634080022,0.18165005732809647,0.13399953396109665,0.10515690635400417,0.8078032257501617,,,,,,,,
1,20,5,4,M,all,2736,0.019117977822546813,0.0,0.06531408676111133,0.8919631268856488,0.9943991729250963,0.14446541189904713,0.9614014608878564,0.12897009050537106,0.9681145807372421,0.7557692050841924,0.7557692050841924,0.8715657144313169,0.8506131678810385,0.2,2.1302325224877867,194,0.9967448052626698,,1.020492686670514,0.18841578865942432,0.9838440417828963,0.07179581586177382,0.283556777654682,0.27430684744509326,0.239839919608,0.0,0.264889305493595,0.9315521110417233,,,,,,,,
1,20,5,4,M,MPA,857,0.034159349284257755,0.0,0.13964062288345414,0.6754346102522726,0.9741881375253081,0.18935821845109427,0.9475904454763174,0.12897009050537106,0.9681145807372421,0.7598748463311257,0.7598748463311257,0.840628221169712,0.8204409112288403,0.2,1.7317036443166314,194,0.9967448052626698,,1.020492686670514,0.18841578865942432,0.9838440417828963,0.07179581586177382,0.283556777654682,0.27430684744509326,0.239839919608,0.0,0.264889305493595,0.9315521110417233,,,,,,,,
1,20,5,4,M,FAD,1879,0.02306941649993959,0.0,0.06563943328046669,0.8930004314881533,0.9930924002527501,0.14582095270450726,0.9576976712876047,0.12897009050537106,0.9681145807372421,0.7681339135448031,0.7681339135448031,0.8794661998880648,0.8583814032709076,0.2,2.1511894943339676,0,,,,,,,,,,,,,,,,,,,,
2,10,1,0,H,all,1116,0.02993421700446248,0.29051963094378774,0.09899076317506462,0.8984486632197374,0.5176386221859719,0.3154218139316489,0.25252192572241194,0.2933370548005334,0.5105915101062758,0.3277527339816171,0.08340355831810675,0.3874045817424112,0.2976433966677216,0.2,1.080062187222562,242,0.8852778417679305,0.9559532181361635,0.9575990800946821,0.10428562690384341,0.6778701375794319,0.0642824346533225,0.39486641436729625,0.3756156320881683,0.3549932190557399,0.31645151269042826,0.16230907809618014,0.6674865408437991,0.4977734877105042,0.4444444444444444,0.508128829491497,0.6707863403251321,0.0,0.0,0.4154927044697376,0.0
2,10,1,0,M,all,1285,0.027896417632583534,0.29051963094378774,0.08205606066910114,0.9439109547759605,0.9394451761174762,0.2209144493377941,0.7697096597439237,0.18838393717358906,0.9086065107222826,0.3341856173294876,0.08176584173635794,0.4398234843993714,0.40342695658435546,0.2,1.4669094802510025,58,0.15977395706830383,,0.2773661529385907,0.24871972885894242,0.43140816590476233,0.13130643285972254,0.3376070193895174,0.33602783447422807,0.30526168743666854,0.29051963094378774,0.24408663084166757,0.1307205208879476,0.7781187005840636,0.4444444444444444,0.8662670058440187,0.7629227726474936,0.0,0.14736842105263157,0.5494263469923432,0.0
2,10,1,0,M,MPA,258,0.062257280636469035,0.29051963094378774,0.19855337654584326,0.45421378482213204,0.4510740755079514,0.2819432579655525,0.42134367385582366,0.18838393717358906,0.9086065107222826,0.42377052989627056,0.20394979192373197,0.3247369699130157,0.31741644796169965,0.2,1.2994487662525152,58,0.15977395706830383,,0.2773661529385907,0.24871972885894242,0.43140816590476233,0.13130643285972254,0.3376070193895174,0.33602783447422807,0.30526168743666854,0.29051963094378774,0.24408663084166757,0.1307205208879476,0.5865945632134332,0.4444444444444444,0.8662670058440187,0.8705668458999644,0.0,0.5759162303664921,0.5494263469923432,0.0
2,10,1,0,M,FAD,1027,0.031204323970714827,0.29051963094378774,0.08049496711466365,0.9428799482290768,0.9193454438798503,0.21980975086180404,0.7325985997830542,0.18838393717358906,0.9086065107222826,0.3023659983488234,0.051863277116100004,0.4827953678848568,0.43587379170983037,0.2,1.6052733044584206,0,,,,,,,,,,,,,0.7808057150623758,0.4444444444444444,0.8662670058440187,0.3293958582671809,0.0,-0.04419889502762431,,
2,10,1,1,H,all,1731,0.024035406196088644,0.29051963094378774,0.09566440492025222,0.923016045274891,0.9953439760763692,0.23940446280771885,0.8492679498777986,0.21807100478441077,0.8852702272747738,0.290434646162848,0.0699217417497681,0.8615443843570101,0.8278278120908447,0.2,1.7046975853426958,362,1.173812739289862,0.9570780639711489,0.7498761728827683,0.1718785274746896,0.9852662954026647,0.052558833122763673,0.28874012173947783,0.29233673720876374,0.29211105633902834,0.3516449079595698,0.14421344493422983,0.7648998697299536,0.7743057007404451,0.4444444444444444,0.842858423568407,0.41808368080140695,0.0,-0.03846153846153848,0.6903976703884921,0.0
2,10,1,1,M,all,749,0.03653920476209348,0.29051963094378774,0.11725849623238144,0.9329402093543853,0.9969103407297447,0.13612936812594986,0.9686658150726024,0.09201734273905793,0.9822170665657065,0.29560013710224653,0.052731407981731315,0.8958865703156665,0.8870211974826637,0.2,3.2671488764347267,0,,,,,,,,,,,,,0.8561699838096326,0.4444444444444444,0.9376366468535055,0.494818825478776,0.0,0.0,,
2,10,1,1,M,FAD,749,0.03653920476209348,0.29051963094378774,0.11725849623238144,0.9329402093543853,0.9969103407297447,0.13612936812594986,0.9686658150726024,0.09201734273905793,0.9822170665657065,0.29560013710224653,0.052731407981731315,0.8958865703156665,0.8870211974826637,0.2,3.2671488764347267,0,,,,,,,,,,,,,0.8561699838096326,0.4444444444444444,0.9376366468535055,0.494818825478776,0.0,0.0,,
2,10,1,2,H,all,2360,0.020584674239815456,0.29051963094378774,0.1515635122366902,0.908292133556917,0.9974161287254063,0.25450536432497495,0.8941608218521818,0.3137132449952466,0.8898365009422138,0.29892524910132456,0.10393291971624727,0.8744249934358018,0.8546702442665821,0.2,1.5701975899469653,437,0.8750444867954996,0.9765491181356087,0.8119098430390872,0.141834292227541,0.7375014695134354,0.047836487323493986,0.35258349540986755,0.287244766206375,0.27489085609233915,0.40913354908837024,0.19621139796658277,0.5900749766846172,0.7178373034010436,0.4444444444444444,0.6071807888604537,0.30729000877056484,0.0,0.0,0.6914926740062174,0.0
2,10,1,2,M,all,708,0.037582301400141446,0.29051963094378774,0.10253396363903614,0.9431108481363724,0.9936625710363274,0.0966223499358949,0.9864689471396301,0.10783508596423351,0.9948081819217596,0.2985192339291543,0.06105856695315914,0.8627979514600369,0.8608905486551083,0.2,3.024372183664238,0,,,,,,,,,,,,,0.9350080107272056,0.4444444444444444,0.9282761353219562,0.289994332438733,0.0,0.0,,
2,10,1,2,M,FAD,708,0.037582301400141446,0.29051963094378774,0.10253396363903614,0.9431108481363724,0.9936625710363274,0.0966223499358949,0.9864689471396301,0.10783508596423351,0.9948081819217596,0.2985192339291543,0.06105856695315914,0.8627979514600369,0.8608905486551083,0.2,3.024372183664238,0,,,,,,,,,,,,,0.9350080107272056,0.4444444444444444,0.9282761353219562,0.289994332438733,0.0,0.0,,
2,10,1,3,H,all,2845,0.018748169213489752,0.29051963094378774,0.039933030278909404,0.9957231031592859,0.9972515786536018,0.31928491318725344,0.9252517566916915,0.3095599043837528,0.9230280919481904,0.3112564771089791,0.07841679230187187,0.8886603356315776,0.8715084288213218,0.2,2.6066976812448326,587,0.9357931411733618,0.9874665614063476,0.9192018526352257,0.06981730340780999,0.9953931121570053,0.0412744171706498,0.37234745842218475,0.35694150246783074,0.2840942328022302,0.35708598493103394,0.09300442760286086,0.706457755071891,0.5340011622573588,0.4444444444444444,0.531057223495739,0.5289689381724773,0.0,0.0,0.49386469490645385,0.0
2,10,1,3,M,all,831,0.03468961565679801,0.29051963094378774,0.08824377635479878,0.9588481794937884,0.9845709935140067,0.08616855586737109,0.9547270796373474,0.12101963919988232,0.9899865176414652,0.30762011316880844,0.05487359074310692,0.875944334094877,0.868039200864058,0.2,2.7493006475936084,0,,,,,,,,,,,,,0.9531521218505488,0.4444444444444444,0.8920477263400579,0.44025709365787596,0.0,-0.032786885245901634,,
2,10,1,3,M,FAD,831,0.03468961565679801,0.29051963094378774,0.08824377635479878,0.9588481794937884,0.9845709935140067,0.08616855586737109,0.9547270796373474,0.12101963919988232,0.9899865176414652,0.30762011316880844,0.05487359074310692,0.875944334094877,0.868039200864058,0.2,2.7493006475936084,0,,,,,,,,,,,,,0.9531521218505488,0.4444444444444444,0.8920477263400579,0.44025709365787596,0.0,-0.032786885245901634,,
2,10,1,4,H,all,3123,0.017894270903167298,0.29051963094378774,0.03418339356350496,0.9781367575557065,0.9975817592325928,0.28167994460094775,0.015196464524329469,0.2746624566460141,0.01983319413203817,0.30544291619475206,0.10159487585039684,0.75483655182286,0.08549756623189216,0.2,4.965864337352715,606,0.8656237886795894,0.9955932252995785,0.962709220918992,0.021709365390598295,0.999160890666942,0.04062222318511938,0.28909355474247184,0.2882605929650374,0.2835620211560649,0.3498240307016522,0.044253209625819405,0.7745302577371224,0.5123219503608574,0.4444444444444444,0.5871235094861145,0.32597114606694305,0.0,0.0,0.5369615682101917,-0.03846153846153848
2,10,1,4,M,all,718,0.0373196685431038,0.29051963094378774,0.1733922165541562,0.8645743422490686,0.9749458547623711,0.14603671833084644,0.9911873354736669,0.1897749745788401,0.963374441690287,0.3116931389876325,0.07440235053496799,0.877509960042891,0.8893836760030243,0.2,2.545780990980815,0,,,,,,,,,,,,,0.8680647757732718,0.4444444444444444,0.7950585745806144,0.4383387666530462,0.0,-0.0879120879120879,,
2,10,1,4,M,FAD,718,0.0373196685431038,0.29051963094378774,0.1733922165541562,0.8645743422490686,0.9749458547623711,0.14603671833084644,0.9911873354736669,0.1897749745788401,0.963374441690287,0.3116931389876325,0.07440235053496799,0.877509960042891,0.8893836760030243,0.2,2.545780990980815,0,,,,,,,,,,,,,0.8680647757732718,0.4444444444444444,0.7950585745806144,0.4383387666530462,0.0,-0.0879120879120879,,
2,10,2,0,H,all,1074,0.030513909884867668,0.29051963094378774,0.09758291554611612,0.9065857928224553,0.92705759812603,0.3379961875672156,0.38975219933844296,0.3135642712672143,0.4796551648024299,0.3297347325851859,0.08153691811935747,0.5216096309806164,0.3824876546218798,0.2,1.4932638228759687,227,0.8385588097419706,0.9508913611895948,0.7954537233562459,0.15739089833802772,0.9194245508626436,0.0663723311599972,0.3960348049109062,0.42975719618768965,0.39413675989446273,0.30032505926431,0.16143055710482104,0.6453093472049043,0.5999067982266655,0.4444444444444444,0.5786286138873287,0.4788770354289157,0.0,-0.03846153846153848,0.5223451251730473,-0.03846153846153848
2,10,2,0,M,all,1301,0.027724348650071385,0.29051963094378774,0.08777759718629682,0.8779915121463729,0.9591538866740693,0.20072818768544398,0.9206340317810648,0.14799992147061503,0.9492700043897396,0.3482697182724531,0.0847569500621798,0.43697479922327526,0.43183305548441875,0.2,1.110669911763135,58,0.12964976661628988,,0.27258468327822116,0.2478303177481617,0.24574041504847333,0.13130643285972254,0.360502054480436,0.3343584199882471,0.3780651814751543,0.29051963094378774,0.28318875813323086,0.13708896710188667,0.8135455491921618,0.4444444444444444,0.9025612051309212,0.6979610153344141,0.0,0.0,0.4382621587208111,0.0
2,10,2,0,M,MPA,285,0.05923488777590923,0.29051963094378774,0.173022754010067,0.31628732756363515,0.41432371507812854,0.2832166176878994,0.4061852490734318,0.14799992147061503,0.9492700043897396,0.43771131849448863,0.19414049012762236,0.36880116032451266,0.3725720895263406,0.2,1.0898031468283278,58,0.12964976661628988,,0.27258468327822116,0.2478303177481617,0.24574041504847333,0.13130643285972254,0.360502054480436,0.3343584199882471,0.3780651814751543,0.29051963094378774,0.28318875813323086,0.13708896710188667,0.5378339224984884,0.4444444444444444,0.9025612051309212,0.8139662520005866,0.05524861878453039,0.04807692307692306,0.4382621587208111,0.0
2,10,2,0,M,FAD,1016,0.03137279025690793,0.29051963094378774,0.0832138150691029,0.8936866351016518,0.9569529586028253,0.1817657596300382,0.9382317157374511,0.14799992147061503,0.9492700043897396,0.32370406761051806,0.06831067095986794,0.46323344086586843,0.454798838219556,0.2,1.1831762951074514,0,,,,,,,,,,,,,0.8289168448711882,0.4444444444444444,0.9025612051309212,0.4667357630172756,0.0,0.032258064516129045,,
2,10,2,1,H,all,1523,0.025624184243056937,0.29051963094378774,0.21384664537562373,0.851345293346974,0.8933948773502473,0.2169859176286521,0.7671950888558445,0.3112316253494194,0.6175070332094132,0.3188538759320912,0.06409605533891297,0.7715963949228327,0.7463062066801343,0.2,1.4431562273057648,289,1.172581267472163,0.9708175908034004,0.8925592025537346,0.13759475187816947,0.7618183485029765,0.058823529411764705,0.26281125919751863,0.20990660369598768,0.22887851958876873,0.3127453655340976,0.26583248748288685,0.7281397023164985,0.6128345087529089,0.4444444444444444,0.5099916982638545,0.422719083449269,0.0,0.0,0.5697319681068683,0.0
2,10,2,1,M,all,779,0.03582871819500093,0.29051963094378774,0.09431974578588374,0.9529458493330528,0.9942252686094333,0.1242459097954441,0.9955027289565758,0.11338348080040675,0.9895579914810588,0.30490863639580434,0.06314242970739042,0.863664544949012,0.8635923791945287,0.2,2.3466625594819686,0,,,,,,,,,,,,,0.8998640295953164,0.4444444444444444,0.9411742307395089,0.567374016544968,0.0,0.05524861878453039,,
2,10,2,1,M,FAD,779,0.03582871819500093,0.29051963094378774,0.09431974578588374,0.9529458493330528,0.9942252686094333,0.1242459097954441,0.9955027289565758,0.11338348080040675,0.9895579914810588,0.30490863639580434,0.06314242970739042,0.863664544949012,0.8635923791945287,0.2,2.3466625594819686,0,,,,,,,,,,,,,0.8998640295953164,0.4444444444444444,0.9411742307395089,0.567374016544968,0.0,0.05524861878453039,,
2,10,2,2,H,all,2357,0.020597770206089702,0.29051963094378774,0.10384716927438153,0.9118307363059645,0.9846361374412971,0.21100200091092564,0.8471043729451081,0.20353581362800596,0.7991525075864422,0.30857409608011194,0.11406248875399554,0.8575536522018311,0.7764554758028531,0.2,2.8485637291218073,492,1.0401549711640998,0.97908277698078,0.9158095718073945,0.1330644787368262,0.989857938110252,0.045083481733371615,0.30106658272093445,0.23548780693871568,0.2508260364956577,0.3100918265916194,0.16373962791273447,0.7455366577477184,0.7379894550772086,0.4444444444444444,0.7228783238960178,0.22586276177738876,0.0,0.0,0.6560206066364865,0.0
2,10,2,2,M,all,838,0.03454442679267334,0.29051963094378774,0.06342388408691144,0.9774768619637741,0.9974223046952213,0.10789469075442483,0.9920361472396986,0.13982917756398397,0.99475107989096,0.30516727252355175,0.04948007958269129,0.8270755595158084,0.8244295818556509,0.2,1.6488418816900292,0,,,,,,,,,,,,,0.9313808558628844,0.4444444444444444,0.8510008396848467,0.5052427008404456,0.0,0.0,,
2,10,2,2,M,FAD,838,0.03454442679267334,0.29051963094378774,0.06342388408691144,0.9774768619637741,0.9974223046952213,0.10789469075442483,0.9920361472396986,0.13982917756398397,0.99475107989096,0.30516727252355175,0.04948007958269129,0.8270755595158084,0.8244295818556509,0.2,1.6488418816900292,0,,,,,,,,,,,,,0.9313808558628844,0.4444444444444444,0.8510008396848467,0.5052427008404456,0.0,0.0,,
2,10,2,3,H,all,2914,0.018524872445114315,0.29051963094378774,0.06236715805079204,0.9613086716597533,0.9983399143308236,0.2767957515322402,0.3921897277597708,0.27210877170348546,0.39151796360209207,0.278949926410996,0.09163895579638204,0.7355183402972995,0.4980184512988436,0.2,1.8707220303571899,578,0.8750408547180246,0.9870050223199882,0.9561757813232586,0.05010745468418187,0.9981602790439066,0.04159451654038515,0.2788472049929106,0.28341551759067596,0.2540055492992722,0.2738676065711174,0.0796012543874266,0.7047581014179123,0.5262687205047026,0.4444444444444444,0.5542294523959813,0.5149870456454598,0.0,0.0,0.6353854267538832,0.0
2,10,2,3,M,all,762,0.03622617780011092,0.29051963094378774,0.12157362679325606,0.934282122661164,0.98416272023076,0.11262519782608049,0.9948248315136008,0.14927107900284756,0.9867940594198732,0.2945409624969071,0.06052228269725933,0.8554620474752002,0.8585282700445969,0.2,2.7640637040805274,0,,,,,,,,,,,,,0.891629887618558,0.4444444444444444,0.8884996126407428,0.5475220324133947,0.0,-0.032786885245901634,,
2,10,2,3,M,FAD,762,0.03622617780011092,0.29051963094378774,0.12157362679325606,0.934282122661164,0.98416272023076,0.11262519782608049,0.9948248315136008,0.14927107900284756,0.9867940594198732,0.2945409624969071,0.06052228269725933,0.8554620474752002,0.8585282700445969,0.2,2.7640637040805274,0,,,,,,,,,,,,,0.891629887618558,0.4444444444444444,0.8884996126407428,0.5475220324133947,0.0,-0.032786885245901634,,
2,10,2,4,H,all,3128,0.01787996349630379,0.29051963094378774,0.08462338431996345,0.9903708038275237,0.9666572360915126,0.42050411802091603,0.4528769027193092,0.4669995383775425,0.46486660911750954,0.29396672434294996,0.11088762158784773,0.8174859126011228,0.425066612982587,0.2,1.7671320672763888,655,0.9389659270740108,0.9950372554421947,0.9728314709649246,0.06889763569993719,0.9866128220344939,0.03907323325822818,0.4320496372058006,0.47436833284957697,0.38253854258619113,0.34362446846416,0.16846899722920364,0.8016149979040982,0.4889487143469399,0.4444444444444444,0.48940105175558235,0.6798228218831028,0.0,0.0,0.5267530964801126,0.0
2,10,2,4,M,all,727,0.0370879470776142,0.29051963094378774,0.18467524395613288,0.867248730414755,0.9901675113293579,0.16234960482400548,0.9908296996327766,0.26087019375083154,0.9865155758233758,0.28571105115743806,0.07165013356170331,0.8580473735127497,0.8570070811965249,0.2,4.354023457383986,0,,,,,,,,,,,,,0.8150566835637357,0.4444444444444444,0.6391388276898375,0.4746657974717051,0.0,0.0655737704918033,,
2,10,2,4,M,FAD,727,0.0370879470776142,0.29051963094378774,0.18467524395613288,0.867248730414755,0.9901675113293579,0.16234960482400548,0.9908296996327766,0.26087019375083154,0.9865155758233758,0.28571105115743806,0.07165013356170331,0.8580473735127497,0.8570070811965249,0.2,4.354023457383986,0,,,,,,,,,,,,,0.8150566835637357,0.4444444444444444,0.6391388276898375,0.4746657974717051,0.0,0.0655737704918033,,
2,10,3,0,H,all,1095,0.03021989426077497,0.29051963094378774,0.1468842865553878,0.8014925607015974,0.5649702306753039,0.38737107170307683,0.3996967446254516,0.2965005521138082,0.5050882204504493,0.33022478818916556,0.07236064822709586,0.4461402089928167,0.27274943806418156,0.2,1.0775565228224413,240,0.82162456965188,0.9380338706161072,0.7487356453095968,0.14842314759039113,0.8851972111613612,0.06454972243679027,0.464306488869861,0.43677255585425084,0.4382451528115562,0.3300773595825477,0.19948982512403715,0.6219506581454439,0.3926280625639658,0.4444444444444444,0.5369633314728414,0.5260238699582824,0.0,0.030769230769230747,0.4410767073986637,0.0
2,10,3,0,M,all,1299,0.02774568328089315,0.29051963094378774,0.0946792743065171,0.8909770943362783,0.943601181590911,0.22597017665812966,0.5096136746892521,0.20906206271897843,0.5301152245704982,0.3433386941141214,0.08536876121102498,0.4167448719158888,0.3489163132334924,0.2,1.3602824834859821,53,0.13468261825849337,0.5491575305691412,0.24751998005091866,0.25764649937469514,0.07211493203575513,0.13736056394868904,0.3203937705831786,0.32654213691953626,0.32725945915819543,0.32934931275126156,0.2373378872131707,0.17414509434456948,0.8668957335040852,0.4444444444444444,0.8796204718966836,0.8199001386480514,0.0,0.35714285714285715,0.6339876147495894,0.0
2,10,3,0,M,MPA,265,0.06142951168339512,0.29051963094378774,0.18766658526778152,0.2349231302691086,0.6116802201046949,0.29892574550059076,0.46382528677366297,0.20906206271897843,0.5301152245704982,0.4209909280106884,0.18756764145123858,0.3330761138239919,0.3295788328499683,0.2,1.1600320955770946,53,0.13468261825849337,0.5491575305691412,0.24751998005091866,0.25764649937469514,0.07211493203575513,0.13736056394868904,0.3203937705831786,0.32654213691953626,0.32725945915819543,0.32934931275126156,0.2373378872131707,0.17414509434456948,0.569431166973536,0.4444444444444444,0.8796204718966836,0.8526416392086157,0.0,0.5759162303664921,0.6339876147495894,0.0
2,10,3,0,M,FAD,1034,0.031098520678556146,0.29051963094378774,0.08304936224668422,0.8989959411937697,0.952824131935493,0.20876889782519722,0.5091675257791511,0.20906206271897843,0.5301152245704982,0.3191380607868111,0.0626310810899031,0.4495069718618822,0.3568718460323867,0.2,1.549067395874306,0,,,,,,,,,,,,,0.8770331493864769,0.4444444444444444,0.8796204718966836,0.619021910169465,0.0,0.0655737704918033,,
2,10,3,1,H,all,1638,0.024708310555370042,0.29051963094378774,0.14364345033790196,0.9489048336482684,0.9915588759560265,0.4039960147767743,0.8943073481900775,0.3372753155561798,0.9189725030548337,0.29507715085375735,0.06743112491948404,0.905904335557764,0.7923018264202308,0.2,4.3472572326790315,341,0.9170798293143047,0.9608448186002407,0.698604139823339,0.1578793859577343,0.9599776540861973,0.05415303610738823,0.4219626722977156,0.364205676160488,0.3861506320114095,0.38796573597468387,0.40579680258664536,0.5885814035742738,0.4831952887714244,0.4444444444444444,0.5758167488222382,0.4949595038027149,0.0,0.0,0.5037283063067126,0.0
2,10,3,1,M,all,726,0.037113480951260276,0.29051963094378774,0.10779670016770948,0.9400868931225667,0.9823996773257534,0.12768616995040855,0.9332414213966193,0.16312432778372488,0.9786215659395741,0.30087712583372245,0.053026625247600045,0.8920253412561965,0.879072173780546,0.2,2.6545667261924444,0,,,,,,,,,,,,,0.8937888673062545,0.4444444444444444,0.781685535497827,0.5443004175146893,0.0,0.0,,
2,10,3,1,M,FAD,726,0.037113480951260276,0.29051963094378774,0.10779670016770948,0.9400868931225667,0.9823996773257534,0.12768616995040855,0.9332414213966193,0.16312432778372488,0.9786215659395741,0.30087712583372245,0.053026625247600045,0.8920253412561965,0.879072173780546,0.2,2.6545667261924444,0,,,,,,,,,,,,,0.8937888673062545,0.4444444444444444,0.781685535497827,0.5443004175146893,0.0,0.0,,
2,10,3,2,H,all,2288,0.02090605025017727,0.29051963094378774,0.0455898271560656,0.9886814772792392,0.9924157123039333,0.2523078561183491,0.5313813989904584,0.2402373535793032,0.5393745087537335,0.293703729110185,0.08095540136367155,0.7125592571122628,0.6527713467132945,0.2,1.3304707916291527,478,1.118820203757358,0.9726172883912398,0.7566028371460434,0.05904575929313802,0.9927998094897247,0.045738935374634825,0.2580354792186305,0.2508424352521519,0.2301180207356397,0.33043998243325057,0.14185155205227373,0.7363848191520834,0.8399990268532394,0.4444444444444444,0.8447612425807294,0.3828432709822273,0.0,0.0,0.7238539628126102,0.0
2,10,3,2,M,all,836,0.03458572319330373,0.29051963094378774,0.07368208593561329,0.9724078930714161,0.9984725254084432,0.14322541828134602,0.989156398318,0.1243612569948979,0.9894935027148769,0.301990699427302,0.05809842955576046,0.8646101999372535,0.858815006679553,0.2,4.191099340646498,0,,,,,,,,,,,,,0.8354403380360965,0.4444444444444444,0.886497535795296,0.2717018132183552,0.0,-0.0879120879120879,,
2,10,3,2,M,FAD,836,0.03458572319330373,0.29051963094378774,0.07368208593561329,0.9724078930714161,0.9984725254084432,0.14322541828134602,0.989156398318,0.1243612569948979,0.9894935027148769,0.301990699427302,0.05809842955576046,0.8646101999372535,0.858815006679553,0.2,4.191099340646498,0,,,,,,,,,,,,,0.8354403380360965,0.4444444444444444,0.886497535795296,0.2717018132183552,0.0,-0.0879120879120879,,
2,10,3,3,H,all,2909,0.01854078591978247,0.29051963094378774,0.09911816811212508,0.9760680083008999,0.9996562127654046,0.3546181254234641,0.5404448160283258,0.3894917083297219,0.5453987268198561,0.33218311924130745,0.1428319085622396,0.9742496886750434,0.9259862027564368,0.2,2.8790923237372192,579,0.7552043208361009,0.9905087944100669,0.917987240635233,0.12148995708643907,0.9749915063542772,0.04155858174616913,0.32573068405713307,0.36182124166472523,0.2942525098421092,0.39008056904084576,0.2613203420386152,0.7136401634726021,0.5596072819997412,0.4444444444444444,0.539173590127005,0.2808747419376904,0.0,0.0,0.652168994157922,0.0
2,10,3,3,M,all,715,0.03739787960033829,0.29051963094378774,0.09255905155314148,0.9546352875350921,0.9965975168584419,0.10854491741377542,0.9775639567388906,0.10972526891150187,0.9860295557481094,0.31013044114078675,0.056784918878579664,0.8694038751607032,0.8642449958972556,0.2,2.5187049959496086,0,,,,,,,,,,,,,0.9066870114287836,0.4444444444444444,0.9160767811566419,0.581380605979676,0.0,0.05524861878453039,,
2,10,3,3,M,FAD,715,0.03739787960033829,0.29051963094378774,0.09255905155314148,0.9546352875350921,0.9965975168584419,0.10854491741377542,0.9775639567388906,0.10972526891150187,0.9860295557481094,0.31013044114078675,0.056784918878579664,0.8694038751607032,0.8642449958972556,0.2,2.5187049959496086,0,,,,,,,,,,,,,0.9066870114287836,0.4444444444444444,0.9160767811566419,0.581380605979676,0.0,0.05524861878453039,,
2,10,3,4,H,all,3135,0.017859990659227328,0.29051963094378774,0.06387749271455005,0.8910628152059811,0.9999801483829214,0.3258074711979627,0.5308179963544124,0.31508548171245465,0.5303342260620896,0.32091624371172633,0.13588879614319896,0.998037657497894,0.4368413897024907,0.2,269.3416762389014,637,1.0425601828461035,0.9990654971370311,0.9454723019014618,0.03518121936430864,0.9999972707863486,0.03962144258751637,0.33079205799253897,0.326670570770544,0.31387993014356536,0.32285478788171673,0.06524341839680456,0.7786367898761719,0.5562412941998197,0.4444444444444444,0.44106329918929144,0.3831640677782423,0.0,0.0,0.5064227273967702,-0.08376963350785345
2,10,3,4,M,all,712,0.03747658444979307,0.29051963094378774,0.078472577883483,0.9680365884317671,0.9892403388283356,0.1251048724439182,0.9954828633175785,0.11060761571421195,0.9860871628502563,0.30427198460407584,0.06317079191379449,0.8212296875859765,0.822184587431158,0.2,2.704866195729033,0,,,,,,,,,,,,,0.9039883999343149,0.4444444444444444,0.9290555585509069,0.32257535218109246,0.0,-0.032786885245901634,,
2,10,3,4,M,FAD,712,0.03747658444979307,0.29051963094378774,0.078472577883483,0.9680365884317671,0.9892403388283356,0.1251048724439182,0.9954828633175785,0.11060761571421195,0.9860871628502563,0.30427198460407584,0.06317079191379449,0.8212296875859765,0.822184587431158,0.2,2.704866195729033,0,,,,,,,,,,,,,0.9039883999343149,0.4444444444444444,0.9290555585509069,0.32257535218109246,0.0,-0.032786885245901634,,
2,10,4,0,H,all,1078,0.03045724519365863,0.29051963094378774,0.09681451966771433,0.9115943934784855,0.7907329694813636,0.3354519415395998,0.4063047514674282,0.2942172381423572,0.45829065718820094,0.3444665772477209,0.10344574055414306,0.44933916646370725,0.31096912248610714,0.2,2.1434195252598025,233,0.7891375216554172,0.9431710046821244,0.8543265225865925,0.1012016903013415,0.6874120059195467,0.06551217820804184,0.4157410589986629,0.43142924467303195,0.3388089762025598,0.31517900660886977,0.14843156308024538,0.610929509780624,0.37025995565289294,0.4444444444444444,0.4664941699119452,0.4675470123921719,0.0,0.0,0.44891664038322016,0.0
2,10,4,0,M,all,1249,0.028295591748714637,0.29051963094378774,0.0831093579046132,0.9256347630193883,0.9677769177556609,0.19107038320477787,0.889125643418213,0.16549777464101034,0.9290188256996523,0.3348330002817495,0.0762306208891986,0.5025573613620224,0.4771149290268156,0.2,1.5415232017748217,60,0.12947106452012191,,0.2755122596138726,0.22683896247233232,0.38746846884523495,0.12909944487358055,0.2941960665140526,0.31849989781449556,0.2813722577805258,0.29051963094378774,0.2229950326976615,0.09518762967473249,0.8195225528022217,0.4444444444444444,0.9087345205165128,0.6621152589752453,0.0,-0.03846153846153848,0.45940490220148067,0.0
2,10,4,0,M,MPA,271,0.0607456739230787,0.29051963094378774,0.18952851494462572,0.370120343158002,0.4225520315948758,0.2785450722983034,0.2600107025442635,0.16549777464101034,0.9290188256996523,0.45303764017806464,0.21219433897861023,0.3137936996168676,0.2820334509582981,0.2,1.4019344599547865,60,0.12947106452012191,,0.2755122596138726,0.22683896247233232,0.38746846884523495,0.12909944487358055,0.2941960665140526,0.31849989781449556,0.2813722577805258,0.29051963094378774,0.2229950326976615,0.09518762967473249,0.6233032964110228,0.4444444444444444,0.9087345205165128,0.803416881093725,0.0,0.0,0.45940490220148067,0.0
2,10,4,0,M,FAD,978,0.03197647396955397,0.29051963094378774,0.08688429158439827,0.9215685132208015,0.989089281530889,0.1773158933714121,0.9339047479189501,0.16549777464101034,0.9290188256996523,0.3037033919562006,0.0540820187042286,0.5685459402928226,0.5451903961809424,0.2,1.8689826095478943,0,,,,,,,,,,,,,0.809323218214059,0.4444444444444444,0.9087345205165128,0.27873818921825944,0.0,-0.04419889502762431,,
2,10,4,1,H,all,1608,0.024937733402690822,0.29051963094378774,0.13080208381006406,0.8827804478893614,0.9814518377532858,0.2163270921098988,0.9727906942842744,0.20300268780126404,0.984851746254699,0.32269333199264066,0.0714125663851214,0.73345104821184,0.7322596664657167,0.2,2.015582365265524,342,0.6708675337940866,0.9562644836022803,0.6663591703235442,0.24361840970238618,0.9648616693668722,0.05407380704358752,0.250691180300397,0.2559397318796232,0.23049046708311483,0.3259087035809858,0.16845130107979084,0.5080106591706137,0.7407719968473109,0.4444444444444444,0.8606038572887277,0.5766972619252678,0.0,0.019801980198019733,0.7015110752022453,0.0
2,10,4,1,M,all,789,0.03560094272544522,0.29051963094378774,0.0778626300374194,0.9656800359556652,0.9770391004381457,0.10125714127671444,0.9964721953819415,0.09713608521022243,0.988009551483473,0.3247033621970394,0.06727149907574635,0.8289641177163457,0.8348163469949242,0.2,2.2793859139584907,0,,,,,,,,,,,,,0.9294662754091382,0.4444444444444444,0.9246781222734315,0.4349298911034504,0.0,-0.06451612903225805,,
2,10,4,1,M,FAD,789,0.03560094272544522,0.29051963094378774,0.0778626300374194,0.9656800359556652,0.9770391004381457,0.10125714127671444,0.9964721953819415,0.09713608521022243,0.988009551483473,0.3247033621970394,0.06727149907574635,0.8289641177163457,0.8348163469949242,0.2,2.2793859139584907,0,,,,,,,,,,,,,0.9294662754091382,0.4444444444444444,0.9246781222734315,0.4349298911034504,0.0,-0.06451612903225805,,
2,10,4,2,H,all,2296,0.020869596778242055,0.29051963094378774,0.16493493855725455,0.8650768175371375,0.8345421916203862,0.22109677183531343,0.9347727087672001,0.2567902633979829,0.9384247837117383,0.3029911916758732,0.12318228598145592,0.7415381436127092,0.7559276779622938,0.2,1.4385611122283075,482,0.8992934626650916,0.9789693050280555,0.9124415463936819,0.1705529367823675,0.9703217712418297,0.04554875186742769,0.31559214972809746,0.2914737752675488,0.2639624662253814,0.3520475540560365,0.17923802041086556,0.6406105283203511,0.7277962260836499,0.4444444444444444,0.7380785564933069,0.48468975221578386,0.0,0.0,0.6074449032222028,0.0
2,10,4,2,M,all,703,0.03771571432023571,0.29051963094378774,0.11358298573887986,0.9325632466717755,0.9966713257704177,0.11116911992339586,0.9832816951432807,0.15908753740371726,0.9868556571797386,0.2931654420666488,0.060733120962610035,0.8819913502675443,0.8758080471374025,0.2,3.497752222522845,0,,,,,,,,,,,,,0.9274441790184005,0.4444444444444444,0.8290250276120618,0.391876548421907,0.0,0.0,,
2,10,4,2,M,FAD,703,0.03771571432023571,0.29051963094378774,0.11358298573887986,0.9325632466717755,0.9966713257704177,0.11116911992339586,0.9832816951432807,0.15908753740371726,0.9868556571797386,0.2931654420666488,0.060733120962610035,0.8819913502675443,0.8758080471374025,0.2,3.497752222522845,0,,,,,,,,,,,,,0.9274441790184005,0.4444444444444444,0.8290250276120618,0.391876548421907,0.0,0.0,,
2,10,4,3,H,all,2932,0.018467921378827943,0.29051963094378774,0.0672741440435159,0.9725549624319612,0.9990243496568214,0.24899894809307668,0.8839079170042503,0.2539518053649896,0.882221073103884,0.2946661536728366,0.10622243458115764,0.9172961542616792,0.8245180896842754,0.2,2.8368616292501616,549,0.7485959641871339,0.9903035574722137,0.8137928084447464,0.04153438159264813,0.9991731116927158,0.04267895997763199,0.23903234632145756,0.2430007739543923,0.236081338624899,0.3464783526165699,0.09269761924586874,0.6110246126061856,0.8763529927908127,0.4444444444444444,0.8700583407519807,0.41439623136205656,0.0,0.0,0.867468598878902,0.0
2,10,4,3,M,all,759,0.036297700432031385,0.29051963094378774,0.0682961574896601,0.9752000826261146,0.9970209100085277,0.10088407481628199,0.9855670733707256,0.08946586371500305,0.9949102436330716,0.3063542425049761,0.06460612042413438,0.8751394327754257,0.867542916598376,0.2,2.0486684625413054,0,,,,,,,,,,,,,0.9271313744885635,0.4444444444444444,0.9344014471798603,0.4179375177389859,0.0,0.010989010989010995,,
2,10,4,3,M,FAD,759,0.036297700432031385,0.29051963094378774,0.0682961574896601,0.9752000826261146,0.9970209100085277,0.10088407481628199,0.9855670733707256,0.08946586371500305,0.9949102436330716,0.3063542425049761,0.06460612042413438,0.8751394327754257,0.867542916598376,0.2,2.0486684625413054,0,,,,,,,,,,,,,0.9271313744885635,0.4444444444444444,0.9344014471798603,0.4179375177389859,0.0,0.010989010989010995,,
2,10,4,4,H,all,3149,0.017820244962334964,0.29051963094378774,0.09286389872719929,0.8925844747319509,0.984736935468798,0.3364294204431684,0.6770880379039815,0.30688521227804905,0.6058398431612252,0.33373461448535735,0.10135366920849484,0.9101261662226137,0.7752276297235481,0.2,1.446394049945325,619,1.0341580328436382,0.9969965376573867,0.9111675821737235,0.03054994625915936,0.9991893397024348,0.04019339355290704,0.3897476418583833,0.3784767612801404,0.31756380052161387,0.35424601301134073,0.12110688913834013,0.8430572931851905,0.3926510468641031,0.4444444444444444,0.5720694621639963,0.44298090425018855,0.0,0.0,0.603349554915123,-0.010204081632653024
2,10,4,4,M,all,762,0.03622617780011092,0.29051963094378774,0.2204483339943304,0.7957966496083263,0.9745986112181022,0.13204011275794633,0.9808228127758726,0.2414341881959226,0.9876498574030547,0.3047365684007696,0.07870819733771027,0.8803586495008041,0.8786333077640823,0.2,2.43337904737639,0,,,,,,,,,,,,,0.886687675831636,0.4444444444444444,0.7441696734332685,0.2038477467091452,0.0,-0.10695187165775401,,
2,10,4,4,M,FAD,762,0.03622617780011092,0.29051963094378774,0.2204483339943304,0.7957966496083263,0.9745986112181022,0.13204011275794633,0.9808228127758726,0.2414341881959226,0.9876498574030547,0.3047365684007696,0.07870819733771027,0.8803586495008041,0.8786333077640823,0.2,2.43337904737639,0,,,,,,,,,,,,,0.886687675831636,0.4444444444444444,0.7441696734332685,0.2038477467091452,0.0,-0.10695187165775401,,
2,10,5,0,H,all,1079,0.03044312827739915,0.29051963094378774,0.13372746489074788,0.8633799705356223,0.9508490526374398,0.36817575258013,0.5140124911412638,0.2905107536722616,0.514904655013611,0.32813603005757064,0.07110540945595523,0.5129966817311182,0.32708981024983713,0.2,2.0466782291390824,234,0.7761328884181474,0.9261115876885204,0.7475866778701481,0.10109040433360973,0.8934885676125088,0.06537204504606134,0.42622894910357884,0.45647930278865323,0.3734776722420397,0.328423678778995,0.13975301269211224,0.5730637049940508,0.4155348507978582,0.4444444444444444,0.4768010487726795,0.48830137292408987,0.0,-0.06930693069306938,0.48505359598262593,0.0
2,10,5,0,M,all,1155,0.029424494316824982,0.29051963094378774,0.08994540779034418,0.8896253955739394,0.9339131184716837,0.2395353522128228,0.8489839409550657,0.19562220229739705,0.9539572598658352,0.34308727422034935,0.07586603947834443,0.45919889480720255,0.4435741916779964,0.2,1.1651298121793636,51,0.16097184855056743,,0.2771547227552306,0.29234486903950424,0.4685488608567248,0.14002800840280097,0.33780184463893526,0.38043912742963193,0.33814215381069607,0.29051963094378774,0.2550190303077945,0.15487115458325862,0.8151779458650936,0.4444444444444444,0.7397364728276954,0.7411817437218285,0.0,0.030769230769230747,0.5761023920798761,0.0
2,10,5,0,M,MPA,226,0.06651901052377393,0.29051963094378774,0.19306529184146656,0.12289575405991719,0.5786129870591767,0.296509012075425,0.5668089075811323,0.19562220229739705,0.9539572598658352,0.44982661218981723,0.2102556794262461,0.3594888764338838,0.3563270070481136,0.2,1.3771984428229571,51,0.16097184855056743,,0.2771547227552306,0.29234486903950424,0.4685488608567248,0.14002800840280097,0.33780184463893526,0.38043912742963193,0.33814215381069607,0.29051963094378774,0.2550190303077945,0.15487115458325862,0.7095335340843071,0.4444444444444444,0.7397364728276954,0.7125878130843742,0.05524861878453039,0.14925373134328354,0.5761023920798761,0.0
2,10,5,0,M,FAD,929,0.03280893574623933,0.29051963094378774,0.08550276127434517,0.8842669344433485,0.9242940422538063,0.23807751426252063,0.838611286570321,0.19562220229739705,0.9539572598658352,0.3115409791006982,0.051320159067631536,0.4944694768134109,0.47450896344817556,0.2,1.3701458147230612,0,,,,,,,,,,,,,0.8135458779014013,0.4444444444444444,0.7397364728276954,0.5253365437269271,0.0,-0.04419889502762431,,
2,10,5,1,H,all,1724,0.0240841525429544,0.29051963094378774,0.07073112621663181,0.9840901462310278,0.996752034015972,0.2650573672743345,0.9775683456300529,0.2833484736383167,0.9708936303047286,0.3223493314985395,0.07748068039432622,0.8925039270896429,0.8885392688305144,0.2,2.7259056803169757,339,0.9648354644664413,0.9621131492375147,0.7148014629479587,0.271328699329254,0.9762907199286467,0.054312544659356844,0.26238684215971436,0.3051217666134991,0.22742364491857223,0.40586273348112406,0.2592297655980187,0.6202327399831837,0.5766365834825743,0.4444444444444444,0.5667435372701891,0.5600074634410577,0.0,0.0,0.7394472020073561,0.0
2,10,5,1,M,all,711,0.037502930030867465,0.29051963094378774,0.16971139183146017,0.8664504786579534,0.9971745087540393,0.09660553887344073,0.9950083278783577,0.14433077617048812,0.9873115261278564,0.32836984862540314,0.0718925759286859,0.8772656716193324,0.8757527620851121,0.2,2.5932202970010456,0,,,,,,,,,,,,,0.9575819058834637,0.4444444444444444,0.9174545141567869,0.5317129623176382,0.0,0.010989010989010995,,
2,10,5,1,M,FAD,711,0.037502930030867465,0.29051963094378774,0.16971139183146017,0.8664504786579534,0.9971745087540393,0.09660553887344073,0.9950083278783577,0.14433077617048812,0.9873115261278564,0.32836984862540314,0.0718925759286859,0.8772656716193324,0.8757527620851121,0.2,2.5932202970010456,0,,,,,,,,,,,,,0.9575819058834637,0.4444444444444444,0.9174545141567869,0.5317129623176382,0.0,0.010989010989010995,,
2,10,5,2,H,all,2269,0.02099339861404064,0.29051963094378774,0.13804525336965232,0.970988461191883,0.9566909525902815,0.33943915435445793,0.7108596930337303,0.4206544615686558,0.7875093537692069,0.33756641636470625,0.11071159904018038,0.7870866583245096,0.7313927907003825,0.2,1.5476870580618483,434,1.0575133634335088,0.9714537814819078,0.7437699629737058,0.10594113902313433,0.9908926998814747,0.04800153607373193,0.3454147059286155,0.33778368325354174,0.31923536587939577,0.3413662964867107,0.19282082976111378,0.7273350022541858,0.5031613789946024,0.4444444444444444,0.4504262843532718,0.47511554224554486,0.0,0.0,0.5068443136753136,0.0
2,10,5,2,M,all,717,0.03734568434866355,0.29051963094378774,0.10441968193712585,0.9513608675851823,0.9743022331931324,0.1365419564078869,0.9896925778327118,0.08275325986392176,0.9897806160085101,0.29944437401787155,0.06814515863926636,0.898562093970088,0.8974543257359323,0.2,2.7296497587415796,0,,,,,,,,,,,,,0.8857018395278909,0.4444444444444444,0.9404543003414416,0.520436282739368,0.0,0.05524861878453039,,
2,10,5,2,M,FAD,717,0.03734568434866355,0.29051963094378774,0.10441968193712585,0.9513608675851823,0.9743022331931324,0.1365419564078869,0.9896925778327118,0.08275325986392176,0.9897806160085101,0.29944437401787155,0.06814515863926636,0.898562093970088,0.8974543257359323,0.2,2.7296497587415796,0,,,,,,,,,,,,,0.8857018395278909,0.4444444444444444,0.9404543003414416,0.520436282739368,0.0,0.05524861878453039,,
2,10,5,3,H,all,2907,0.018547162802488575,0.29051963094378774,0.0799008297060027,0.965818706619302,0.997750299628797,0.3073813580922987,0.9067221895154323,0.29728948588918863,0.9106449515445991,0.3184140607813503,0.10651728341171701,0.914782193214735,0.8796226759039293,0.2,3.5014577444647332,584,0.9338140507977897,0.9895072188891632,1.1186807986884948,0.059412328608806124,0.973692972750262,0.0413802944301184,0.35162269459222145,0.37530360515114536,0.3576029818163548,0.34081220253740657,0.18683304705372694,0.6898632689562572,0.5942610599921513,0.4444444444444444,0.5961646592929873,0.5223600387317364,0.0,0.0,0.6682830882826628,0.0
2,10,5,3,M,all,882,0.033671751485073696,0.29051963094378774,0.12440737903186752,0.9354474645408283,0.9990515199354544,0.14747832808916608,0.9866015705362899,0.13991795447699631,0.9871006763715953,0.3028008958111638,0.06995076459020676,0.8959637747816916,0.8903069792472262,0.2,3.33210520452279,0,,,,,,,,,,,,,0.8782251628240223,0.4444444444444444,0.895483993216007,0.310693689501624,0.0,-0.08376963350785345,,
2,10,5,3,M,FAD,882,0.033671751485073696,0.29051963094378774,0.12440737903186752,0.9354474645408283,0.9990515199354544,0.14747832808916608,0.9866015705362899,0.13991795447699631,0.9871006763715953,0.3028008958111638,0.06995076459020676,0.8959637747816916,0.8903069792472262,0.2,3.33210520452279,0,,,,,,,,,,,,,0.8782251628240223,0.4444444444444444,0.895483993216007,0.310693689501624,0.0,-0.08376963350785345,,
2,10,5,4,H,all,3131,0.017871395507553855,0.29051963094378774,0.2332640029552742,0.7361885762675914,0.9928614406864147,0.3500957305647083,0.4455838344210771,0.43335867369348324,0.45313858724594674,0.32552688741595565,0.13132644164621676,0.9129306102551671,0.4227449852653158,0.2,6.161982545689075,639,1.0797460015201261,0.9968858965797511,0.8978887583851175,0.05077016251308356,0.9995613668498473,0.03955938860646178,0.38273528614076613,0.36156018749095953,0.34399564371596725,0.37384161855560627,0.33094780249685457,0.8190429774956308,0.3018224925020249,0.4444444444444444,0.4258099173566365,0.31375164942673645,0.0,0.0,0.32073049152780986,0.0
2,10,5,4,M,all,780,0.03580574370197165,0.29051963094378774,0.21192342825588137,0.8173500792038491,0.9893801221518933,0.18715158460591808,0.9958969725675549,0.1618379071194534,0.9875680589909454,0.30213770273653223,0.07684178422128188,0.8843001897838286,0.8866206952213704,0.2,2.565948488721098,0,,,,,,,,,,,,,0.7779945782552009,0.4444444444444444,0.8577311003377639,0.4412657789979649,0.0,-0.04210526315789476,,
2,10,5,4,M,FAD,780,0.03580574370197165,0.29051963094378774,0.21192342825588137,0.8173500792038491,0.9893801221518933,0.18715158460591808,0.9958969725675549,0.1618379071194534,0.9875680589909454,0.30213770273653223,0.07684178422128188,0.8843001897838286,0.8866206952213704,0.2,2.565948488721098,0,,,,,,,,,,,,,0.7779945782552009,0.4444444444444444,0.8577311003377639,0.4412657789979649,0.0,-0.04210526315789476,,
2,20,1,0,H,all,2162,0.021506619680967013,0.12034277170318336,0.08456123586426,0.8757914363089324,0.7639886551027767,0.2106059558020988,0.6060535081121184,0.1758074583751706,0.7541147928814782,0.14340138709926112,0.060897514757456125,0.48273176855912014,0.39832968546427844,0.2,1.2786290414399697,441,0.7370791168025228,0.7788335518732463,0.6165379216559659,0.11986811115361529,0.6994803989468867,0.047619047619047616,0.2640327559914651,0.27920744990256213,0.22001947635868693,0.16859923354916984,0.1090127885287293,0.5487434774828459,0.2838603612027796,0.21052631578947367,0.3477870263238624,0.2600325856453384,0.0,0.0,0.26242798589351607,0.0
2,20,1,0,M,all,2092,0.021863473472331304,0.12034277170318336,0.06874772900524014,0.8268927086110968,0.8987315946321406,0.12623737785664502,0.746436751357621,0.1229943626483888,0.6618604638117758,0.3909729432351883,0.3532164944565677,0.4496259933531981,0.4103479758432515,0.2,1.080324723376956,82,0.1463196856708251,,0.3308255223826746,0.245224916289864,0.42958825876671997,0.11043152607484653,0.1804198818775038,0.25115887892520594,0.175108227305222,0.12034277170318336,0.16985267206456747,0.12400391331983762,0.30844133213770375,0.21052631578947367,0.4080369913671395,0.4114919613977331,0.0,0.0,0.30487646274517205,0.0
2,20,1,0,M,MPA,343,0.05399492471560388,0.12034277170318336,0.12542153763091385,0.1773850593743491,0.570456941008549,0.13129572019392602,0.6720910679274107,0.1229943626483888,0.6618604638117758,0.21853989203949184,0.1631555801789041,0.3142137019794313,0.3369951575299014,0.2,1.0572987072931939,82,0.1463196856708251,,0.3308255223826746,0.245224916289864,0.42958825876671997,0.11043152607484653,0.1804198818775038,0.25115887892520594,0.175108227305222,0.12034277170318336,0.16985267206456747,0.12400391331983762,0.19812355113252408,0.21052631578947367,0.4080369913671395,0.251762119825661,0.0,0.0,0.30487646274517205,0.0
2,20,1,0,M,FAD,1749,0.023911404992940522,0.12034277170318336,0.07722335695053961,0.8080992138826218,0.9064625163259507,0.14797669764055468,0.6983644143705181,0.1229943626483888,0.6618604638117758,0.41692097766229175,0.38128780858391287,0.5126301570310465,0.4447436411399802,0.2,1.1085973849249267,0,,,,,,,,,,,,,0.3109614850033244,0.21052631578947367,0.4080369913671395,0.3890539531870738,0.0,-0.003274662300450249,,
2,20,1,1,H,all,3683,0.016477796709963355,0.12034277170318336,0.08201523118314488,0.8171009303275418,0.9888893915343924,0.14142764029885518,0.9435864020616532,0.14560642465036275,0.9676792995680203,0.14237662720842711,0.07837489313599105,0.8504621863267459,0.8253375711762413,0.2,1.9549903749859052,739,0.5492182968265893,0.9371684434025286,0.7032120034611644,0.1603678066964558,0.983179368489718,0.036785594638885484,0.1585828211284368,0.18259637183441624,0.1400984221792342,0.18932249797336326,0.12995179798160456,0.41619635469578264,0.32103143459778816,0.21052631578947367,0.34451113562052593,0.26576656538510685,0.0,0.0,0.22025693465087612,0.0
2,20,1,1,M,all,1827,0.02339541354478655,0.12034277170318336,0.039233921765608824,0.9810141368821165,0.9966850683450847,0.15951564184675932,0.7506631729142157,0.15633506826576793,0.7581594219240926,0.8780966050598261,0.8675411368309617,0.8871256904075944,0.8493831154677653,0.2,1.3767301028026173,1,,,,,,,,,,,,,0.4706690127800008,0.21052631578947367,0.4888766342153021,0.21476774991139183,0.0,0.0,,
2,20,1,1,M,FAD,1826,0.02340181886004545,0.12034277170318336,0.03852271108438881,0.9817332630227078,0.9966878782050081,0.15963691849880338,0.7506710543318613,0.15633506826576793,0.7581594219240926,0.8781043163474537,0.8675489484832838,0.887180687165784,0.849434337688304,0.2,1.377308770485181,0,,,,,,,,,,,,,0.4711856286477844,0.21052631578947367,0.4888766342153021,0.21476731052105288,0.0,0.0,,
2,20,1,2,H,all,5153,0.013930603419245577,0.12034277170318336,0.05000312711806011,0.9472056002344863,0.9985671349687103,0.1774006480151555,0.7452988364688917,0.1742807528569446,0.7453727735301049,0.1316297137068309,0.0698611200044494,0.9277296507292245,0.8001248188523518,0.2,2.3506313720887255,1062,0.9525095136233459,0.9686637865734881,0.779515262749151,0.06666211357237213,0.9980335309629528,0.030685820596610777,0.20423612901548066,0.20041904734436256,0.18164936447484117,0.14719914437906945,0.08521483562007955,0.6644453384843945,0.21471953684742265,0.21052631578947367,0.2329556853097803,0.17415335432613333,0.0,0.0,0.20409222446704503,0.0
2,20,1,2,M,all,1776,0.023728949893812475,0.12034277170318336,0.05557946252461691,0.9733367718252826,0.9908338761595626,0.2084168790667016,0.727919705788098,0.2014911077619239,0.737756903242826,0.1293572409112378,0.053267578348926585,0.8551963499655802,0.7800599846102677,0.2,1.4689778983645818,0,,,,,,,,,,,,,0.4219219313404913,0.21052631578947367,0.41927496304662165,0.43908728537146313,0.0,0.21958925750394945,,
2,20,1,2,M,FAD,1776,0.023728949893812475,0.12034277170318336,0.05557946252461691,0.9733367718252826,0.9908338761595626,0.2084168790667016,0.727919705788098,0.2014911077619239,0.737756903242826,0.1293572409112378,0.053267578348926585,0.8551963499655802,0.7800599846102677,0.2,1.4689778983645818,0,,,,,,,,,,,,,0.4219219313404913,0.21052631578947367,0.41927496304662165,0.43908728537146313,0.0,0.21958925750394945,,
2,20,1,3,H,all,6109,0.012794253088668606,0.12034277170318336,0.05081320330082084,0.9415417376661391,0.9930993628420267,0.1916562216354841,0.9330683014442703,0.1845122874361548,0.9558150242944305,0.15268567793830426,0.09871887416558894,0.920512610130128,0.9029430513903581,0.2,1.926867475554381,1253,1.0884514978652668,0.9917909471621724,0.9671754017027296,0.04753846775197524,0.9984875507991859,0.02825039109405883,0.1906731885942264,0.1965400718640209,0.18210169804808232,0.1593300078555646,0.08088596869801729,0.8009074825419092,0.16653218335859885,0.21052631578947367,0.1499921541600931,0.23676161814964136,0.0,0.0,0.14446138357950383,-0.003274662300450249
2,20,1,3,M,all,2272,0.020979533957417227,0.12034277170318336,0.051711524456137865,0.9723548254518812,0.9894212228068013,0.20325599497127644,0.7217442142204459,0.19422688722326278,0.7200580989256254,0.8612789828205,0.8412995426169364,0.8464828380452478,0.7390273109668934,0.2,1.1561145712364018,2,,,,,,,,,,,,,0.36327274181340136,0.21052631578947367,0.370025851606946,0.20587025487003266,0.0,0.0,,
2,20,1,3,M,FAD,2267,0.021002657004177173,0.12034277170318336,0.04454622982984108,0.9792252281920816,0.9891617317220829,0.2009295672688206,0.7215061553210881,0.19422688722326278,0.7200580989256254,0.7009975035964066,0.670169576254807,0.8496685637871998,0.7414691256666313,0.2,1.1672910005714596,0,,,,,,,,,,,,,0.36395106286691004,0.21052631578947367,0.370025851606946,0.27456986081138335,0.0,0.0,,
2,20,1,4,H,all,6209,0.012690804972196431,0.12034277170318336,0.03206272849275242,0.9935296937976974,0.9929036493157716,0.3058751071362217,0.49901474468346835,0.3016921855713724,0.508569230130339,0.8174221708281163,0.7950314187014595,0.966873178428528,0.13408354623876265,0.2,1.252206974792424,1249,1.1521926898480248,0.9956829364893122,0.9957082510048776,0.03883312093819839,0.999122272553221,0.028295591748714637,0.3173099997118435,0.3153420593100138,0.24361427879258005,0.17621737107777766,0.1202160549416769,0.8737227361554107,0.19225086972385627,0.21052631578947367,0.19117051402445942,0.2342906038131355,0.0,0.0,0.22964163937607338,0.0
2,20,1,4,M,all,2901,0.018566333001716968,0.12034277170318336,0.06660005922622278,0.9300631911386151,0.908702810140485,0.15328944994392996,0.7281630064816812,0.16130308995260376,0.7065511455769429,0.7601702146201609,0.7300387301048066,0.7547533618604546,0.7020908232616246,0.2,1.2513397876017434,231,1.0428380414758875,,1.0166164741543966,0.2511206717077146,0.9481769999566213,0.0657951694959769,0.32146365432532426,0.25996878569262466,0.3550433987060318,0.12034277170318336,0.3636645066196391,0.9071773327211806,0.3502917584626121,0.21052631578947367,0.3592475236123128,0.24703234348576744,0.0,0.0,0.21349445123654084,0.0
2,20,1,4,M,MPA,1066,0.03062819459158444,0.12034277170318336,0.1919838342140972,0.43474118652356014,0.8512259021059049,0.18372517280530232,0.7007604391504876,0.16130308995260376,0.7065511455769429,0.7455238839934543,0.7153066180905058,0.6579234600885356,0.6175885324034988,0.2,1.196604244031628,231,1.0428380414758875,,1.0166164741543966,0.2511206717077146,0.9481769999566213,0.0657951694959769,0.32146365432532426,0.25996878569262466,0.3550433987060318,0.12034277170318336,0.3636645066196391,0.9071773327211806,0.27958544715685335,0.21052631578947367,0.3592475236123128,0.25722078640495205,0.0,0.0,0.21349445123654084,0.0
2,20,1,4,M,FAD,1835,0.023344359662783535,0.12034277170318336,0.06184871302175533,0.9440562667381713,0.8928154179219948,0.17157052645714072,0.7229303063556873,0.16130308995260376,0.7065511455769429,0.78852751249551,0.7572789591040792,0.7736885440231586,0.7188458954852519,0.2,1.2705325904846236,0,,,,,,,,,,,,,0.32172128508923936,0.21052631578947367,0.3592475236123128,0.24269418956773545,0.0,0.0,,
2,20,2,0,H,all,2283,0.02092893090740305,0.12034277170318336,0.09016789264819176,0.8807277566118928,0.8140504656650207,0.20450262622459864,0.5247454948047683,0.17400447187400786,0.663332877464792,0.14291890466534538,0.062129544913166926,0.47447119122318243,0.3577361183252333,0.2,1.0886396217504943,449,0.8441057642687518,0.8494429758717721,0.6417286194578744,0.09994829021491489,0.7478693032704178,0.04719291781830087,0.289566373949336,0.2733934286919487,0.2197543335367469,0.1873171936396945,0.09630925756436609,0.6101969441458963,0.23608192644594153,0.21052631578947367,0.3211742559993846,0.16378157681509936,0.0,0.0,0.24418465665861636,0.0
2,20,2,0,M,all,1915,0.022851547244951503,0.12034277170318336,0.07209981651257052,0.8693040127950487,0.8223312273971177,0.1310455204174595,0.6264501437296339,0.14483324550946955,0.69794183298063,0.45439806314084696,0.42543092431451085,0.46237767307266553,0.38539046920459014,0.2,1.1658261453420407,74,0.11925135415941052,0.36532832868603143,0.2913217914040116,0.2412474215720281,0.37449488884132853,0.11624763874381928,0.1797486750824504,0.25014041988760594,0.17855945206529195,0.18629516279219557,0.1887773743289609,0.09157126605855737,0.3380859215835337,0.21052631578947367,0.4191638328744357,0.27544174966706236,0.0,0.0,0.12252165590854708,-0.020460358056265986
2,20,2,0,M,MPA,321,0.05581455721859476,0.12034277170318336,0.14271199533014678,0.19937908560930942,0.4250341173889259,0.12797322179456316,0.5036557281364629,0.14483324550946955,0.69794183298063,0.21622525538204962,0.1543123625650999,0.30358206381427977,0.33178788802093767,0.2,1.019073821509059,74,0.11925135415941052,0.36532832868603143,0.2913217914040116,0.2412474215720281,0.37449488884132853,0.11624763874381928,0.1797486750824504,0.25014041988760594,0.17855945206529195,0.18629516279219557,0.1887773743289609,0.09157126605855737,0.17909012643635047,0.21052631578947367,0.4191638328744357,0.29279786404125646,0.0,0.0,0.12252165590854708,-0.020460358056265986
2,20,2,0,M,FAD,1594,0.025047007249281213,0.12034277170318336,0.07340769164882131,0.8663566497386757,0.8948301357340003,0.15724831766071612,0.6131435669611344,0.14483324550946955,0.69794183298063,0.4920735521784084,0.46513612053358006,0.532235742909026,0.4092559304684049,0.2,1.1164217293635272,0,,,,,,,,,,,,,0.330436509555848,0.21052631578947367,0.4191638328744357,0.2614153975652141,0.0,0.0,,
2,20,2,1,H,all,3506,0.016888615337236124,0.12034277170318336,0.0690818636314863,0.9235184510378264,0.9867619626539373,0.181742903180644,0.7645297843376817,0.17972385425298304,0.7489244506307839,0.12475639547335671,0.06541693350101731,0.884220588768733,0.8565190050943114,0.2,1.4021892724878517,687,0.7330494110728112,0.9407993402011267,0.6859571554821385,0.14692468229436784,0.9893691851718145,0.038152379685825785,0.2522898018772488,0.2562603297251085,0.22815752551471638,0.19945539770944629,0.1233811865649697,0.4088902276901093,0.3294699811625789,0.21052631578947367,0.2861515742850923,0.1853095471408779,0.0,0.0,0.2704171446479123,0.0
2,20,2,1,M,all,1939,0.022709684225171733,0.12034277170318336,0.059707529489282374,0.9477308877830564,0.9949289873607093,0.15140157215958486,0.9227823706681405,0.1575438318975612,0.9248120438595268,0.531040267226576,0.4991098310353658,0.8662567576678861,0.8220411131108868,0.2,2.109579188102493,0,,,,,,,,,,,,,0.4526498414620546,0.21052631578947367,0.4519503968446522,0.29434658949126447,0.0,0.0,,
2,20,2,1,M,FAD,1936,0.022727272727272728,0.12034277170318336,0.057991301803158,0.950767153605783,0.9949122374251387,0.1517164746612632,0.9228390278722789,0.1575438318975612,0.9248120438595268,0.46092079216465653,0.41796687086765316,0.8665086807387222,0.8222662552747586,0.2,2.11080761728037,0,,,,,,,,,,,,,0.4523328359592609,0.21052631578947367,0.4519503968446522,0.334481252940736,0.0,0.0,,
2,20,2,2,H,all,5290,0.013749033305079912,0.12034277170318336,0.046522777406021336,0.9681788811360648,0.9958827604959233,0.20844221044787872,0.3173995607230259,0.20525009671228317,0.31059077895677084,0.14962462901131326,0.09479485893851854,0.9511592905458606,0.6157257158461283,0.2,1.9388685700847628,1071,1.0053071180097553,0.9816552800625151,0.8824418770124783,0.08331814673133713,0.9869891466413387,0.030556616567607043,0.23741437460269155,0.26234974011563483,0.21649638920247688,0.18314544467644972,0.05956965765671591,0.6620493590029081,0.28042298472023985,0.21052631578947367,0.3123332841826058,0.28864935557087196,0.0,0.0,0.2680656373941098,0.0
2,20,2,2,M,all,2011,0.02229944040256456,0.12034277170318336,0.0576014702352286,0.9612778777689103,0.9944381805043496,0.19542440935143654,0.8073957235554516,0.19208994992912157,0.7935557211678308,0.12968053469646987,0.041249669022638505,0.8644028883683278,0.8055623337006375,0.2,1.3925150541096658,0,,,,,,,,,,,,,0.34860363646380516,0.21052631578947367,0.3653631217683021,0.3248324824699268,0.0,0.05472636815920398,,
2,20,2,2,M,FAD,2011,0.02229944040256456,0.12034277170318336,0.0576014702352286,0.9612778777689103,0.9944381805043496,0.19542440935143654,0.8073957235554516,0.19208994992912157,0.7935557211678308,0.12968053469646987,0.041249669022638505,0.8644028883683278,0.8055623337006375,0.2,1.3925150541096658,0,,,,,,,,,,,,,0.34860363646380516,0.21052631578947367,0.3653631217683021,0.3248324824699268,0.0,0.05472636815920398,,
2,20,2,3,H,all,6072,0.012833175058483633,0.12034277170318336,0.04421106713637471,0.972168052313458,0.9317005734166528,0.21043975944826646,0.7073088391915898,0.22160156323357416,0.6906887039644096,0.16109044765530237,0.114641618735142,0.8441953445652775,0.781218699004374,0.2,1.1208888383026987,1208,0.9270093098967971,0.9872319112411139,0.8894772827331974,0.05997863188714214,0.9826591788790858,0.0287717668824218,0.22646898789775483,0.2471035749090722,0.20578332006662733,0.17817364363075247,0.060456677766133296,0.6441342691983563,0.17890264575442347,0.21052631578947367,0.16922078286232847,0.10497853197607487,0.0,0.0,0.18982875662876258,0.0
2,20,2,3,M,all,2094,0.02185302996876323,0.12034277170318336,0.054829507882318135,0.9730410774377641,0.9985073586084187,0.21774432744021893,0.9464284458481148,0.2156304879123457,0.9524225653354988,1.005767181737547,0.9927125247170947,0.9672063636632544,0.9543725584194666,0.2,3.2762284344683468,0,,,,,,,,,,,,,0.3207536221893438,0.21052631578947367,0.3199273370202277,0.21035046524144432,0.0,0.0,,
2,20,2,3,M,FAD,2094,0.02185302996876323,0.12034277170318336,0.054829507882318135,0.9730410774377641,0.9985073586084187,0.21774432744021893,0.9464284458481148,0.2156304879123457,0.9524225653354988,1.005767181737547,0.9927125247170947,0.9672063636632544,0.9543725584194666,0.2,3.2762284344683468,0,,,,,,,,,,,,,0.3207536221893438,0.21052631578947367,0.3199273370202277,0.21035046524144432,0.0,0.0,,
2,20,2,4,H,all,6373,0.01252645090931557,0.12034277170318336,0.09026528238732248,0.9882998350391344,0.9980482008817847,0.5613130050389452,0.7255915356794604,0.5199094630199342,0.7283940473918775,0.42077355017898366,0.41462546622904894,0.9673748436185962,0.27414997778013594,0.2,1.994449086453544,1286,1.1155944635580408,0.9977568843996635,1.047303952973559,0.09674368764809924,0.9999083238442829,0.027885569326658022,0.4322993464441842,0.4092992172159776,0.494349301113258,0.6181067843648229,0.07777289350703362,0.8761374492915349,0.239820605121191,0.21052631578947367,0.2372000067214347,0.19869541110196529,0.012279983626688517,0.0,0.25715505969279817,0.012279983626688517
2,20,2,4,M,all,2800,0.01889822365046136,0.12034277170318336,0.06784571021498227,0.9358973260399093,0.8755663682809128,0.16383446061592474,0.9546009737857004,0.14560753023697848,0.9445068180073544,0.6764212579012915,0.6430528081575834,0.8374097232554737,0.8347771452999515,0.2,1.1289303704854232,196,1.0026493815500765,,1.004937587875323,0.30019915915010564,0.6713726438445539,0.07142857142857142,0.3502452509077444,0.3655472399708745,0.4295096602673951,0.12034277170318336,0.4271841193432194,0.7440261231018828,0.41557798689674164,0.21052631578947367,0.47724337476894413,0.23855691591856149,0.0,0.0,0.24066732444544395,0.0
2,20,2,4,M,MPA,927,0.0328443092721431,0.12034277170318336,0.1515931287268081,0.7125546565484173,0.7374479611360363,0.1908375843587744,0.7586526950000825,0.14560753023697848,0.9445068180073544,0.6563453890632747,0.6207848182467963,0.7542257355446873,0.755253117904149,0.2,1.3587143650978684,196,1.0026493815500765,,1.004937587875323,0.30019915915010564,0.6713726438445539,0.07142857142857142,0.3502452509077444,0.3655472399708745,0.4295096602673951,0.12034277170318336,0.4271841193432194,0.7440261231018828,0.3385918578770594,0.21052631578947367,0.47724337476894413,0.2516691633441514,0.0,0.0,0.24066732444544395,0.0
2,20,2,4,M,FAD,1873,0.023106337435539137,0.12034277170318336,0.07440796942527596,0.9305715451561634,0.8896474670974098,0.173522266976538,0.9600677930013461,0.14560753023697848,0.9445068180073544,0.8219518064147584,0.800021481926777,0.8496286599830826,0.8465118216514197,0.2,1.1293637899229563,0,,,,,,,,,,,,,0.4018887156405944,0.21052631578947367,0.47724337476894413,0.21908052567525046,0.0,0.0,,
2,20,3,0,H,all,2082,0.021915916515945887,0.12034277170318336,0.11250609132278243,0.8854954995445318,0.6893833040355589,0.2395721824511551,0.40038119600627237,0.18206249994798734,0.6765170832119242,0.15000255012791416,0.08158504794577233,0.5084329886181609,0.321295077980167,0.2,1.2527431694261921,397,0.7714437878863881,0.813335737749783,0.6422243767826056,0.12126628968216144,0.750730099385268,0.05018856132284956,0.28221005288445977,0.28353119287639234,0.24271941222877216,0.18738272881289167,0.12458382217253003,0.5779034138835502,0.2433201920613908,0.21052631578947367,0.26075748372595237,0.24952449050978606,0.0,0.0,0.25104989069303874,0.0
2,20,3,0,M,all,1891,0.022996102490913696,0.12034277170318336,0.07150739942955021,0.8284013027793287,0.9288427634633253,0.11876245508547645,0.8694036890246706,0.12731627913312463,0.7816600733378383,0.186836226509726,0.12170578504993108,0.4726239358982671,0.4490411480192739,0.2,1.1711646628403725,73,0.14625626785290455,0.4152389245593688,0.33566802726982886,0.26152090373118364,0.39462884122909486,0.11704114719613057,0.17307150327107987,0.27628642691959093,0.17214307969660253,0.1824377805027634,0.1600909859139022,0.14077276283735973,0.306072219546749,0.21052631578947367,0.40685922060115964,0.27705259611924526,0.006205673758865245,0.0,0.16052468990292476,-0.010376134889753566
2,20,3,0,M,MPA,367,0.052199575097188054,0.12034277170318336,0.12401159103264996,0.1778202524018064,0.5896365447108575,0.13111220938233759,0.6490482531110622,0.12731627913312463,0.7816600733378383,0.25802293721180347,0.2099480373742038,0.3116123614929755,0.32380544460962096,0.2,1.0459934107445172,73,0.14625626785290455,0.4152389245593688,0.33566802726982886,0.26152090373118364,0.39462884122909486,0.11704114719613057,0.17307150327107987,0.27628642691959093,0.17214307969660253,0.1824377805027634,0.1600909859139022,0.14077276283735973,0.19823650257048558,0.21052631578947367,0.40685922060115964,0.2474436845684498,0.02813299232736573,0.0,0.16052468990292476,-0.010376134889753566
2,20,3,0,M,FAD,1524,0.025615775978927998,0.12034277170318336,0.06688367068746107,0.8346543091614248,0.9641985135881699,0.13119537919956775,0.8373797678895774,0.12731627913312463,0.7816600733378383,0.17413598090586727,0.10589000575623145,0.5523278753001329,0.5110042068150517,0.2,1.2170371984520336,0,,,,,,,,,,,,,0.3545855217243541,0.21052631578947367,0.40685922060115964,0.2774084325558161,0.0,0.0,,
2,20,3,1,H,all,3619,0.016622858516380252,0.12034277170318336,0.1095548231104306,0.7993794242383924,0.9876829255568014,0.1740085126527713,0.805652951049741,0.1926998618107046,0.8082016583121007,0.14361364901954252,0.07776277469561706,0.8927210959725582,0.8469004150458418,0.2,1.8746993439033048,762,0.7022120373552535,0.9379024568371598,0.6795942579481471,0.12988675499716437,0.9802578734827013,0.03622617780011092,0.2086666420882204,0.18959395212908622,0.18775322253207566,0.17286838769473076,0.13215276021445818,0.5139021063992342,0.24971075811438956,0.21052631578947367,0.2519707309299405,0.19197105618353627,0.0,0.0,0.22624807268775557,0.0
2,20,3,1,M,all,1920,0.02282177322938192,0.12034277170318336,0.044314288389695346,0.9723517367264858,0.9931772327510714,0.1452019467712969,0.7482197741899871,0.1405139562180765,0.7756947853811152,0.7945324851666945,0.7702938368712218,0.8485657633611589,0.7991998481332582,0.2,1.4390449879669622,0,,,,,,,,,,,,,0.5593741138624092,0.21052631578947367,0.5665932605178374,0.21095767650379665,0.0,0.0,,
2,20,3,1,M,FAD,1918,0.022833668863877152,0.12034277170318336,0.044316509104105326,0.9724401566027219,0.9932465321202353,0.1453607128909626,0.7483534833987577,0.1405139562180765,0.7756947853811152,0.7802113054339419,0.7557873635588802,0.84866982667307,0.7993191283088263,0.2,1.4388514626395323,0,,,,,,,,,,,,,0.5596116284020308,0.21052631578947367,0.5665932605178374,0.21200914389657513,0.0,0.0,,
2,20,3,2,H,all,5221,0.01383958774142894,0.12034277170318336,0.10818221453027085,0.8220860028282937,0.9925702619390192,0.16919835939894345,0.8618329322075795,0.19216947219590183,0.8277232789593197,0.15859967630008195,0.0947339143244755,0.9389228127943545,0.9068869683782413,0.2,1.9011299436126228,1055,0.6635234793699438,0.9705440209723395,0.7770841254034622,0.11269186911692142,0.948125992165354,0.030787453590353963,0.21930611463172148,0.21675621251997057,0.20578925390593877,0.20310504764077916,0.13329317412231853,0.5427802918961913,0.3112484614186276,0.21052631578947367,0.25485009232105277,0.19712110436793392,0.0,0.0,0.18577549122949627,0.0
2,20,3,2,M,all,2059,0.022037982136063,0.12034277170318336,0.05665335344545812,0.9579469188185638,0.9892336697035723,0.16417576865211644,0.9626225030157971,0.15285699710642878,0.9422898754774751,0.8008798826270953,0.7856850972830861,0.8828324052718396,0.8708024339239839,0.2,1.7347860659190564,0,,,,,,,,,,,,,0.3987025847921727,0.21052631578947367,0.42298847947733903,0.2108401449376687,0.0,0.0,,
2,20,3,2,M,FAD,2059,0.022037982136063,0.12034277170318336,0.05665335344545812,0.9579469188185638,0.9892336697035723,0.16417576865211644,0.9626225030157971,0.15285699710642878,0.9422898754774751,0.8008798826270953,0.7856850972830861,0.8828324052718396,0.8708024339239839,0.2,1.7347860659190564,0,,,,,,,,,,,,,0.3987025847921727,0.21052631578947367,0.42298847947733903,0.2108401449376687,0.0,0.0,,
2,20,3,3,H,all,6126,0.012776488363923928,0.12034277170318336,0.02838255748485274,0.9789522580341726,0.9949482713605275,0.1780107574035649,0.7823143987655324,0.17322951205660078,0.7770088837239971,0.15368133454138172,0.08348594718844125,0.979841215038756,0.9005492181080912,0.2,1.4395344806063792,1260,0.893546424148985,0.9928522411204364,0.9754158433712341,0.039068676108659904,0.9971798029376405,0.02817180849095055,0.1719614224447721,0.1716588833659197,0.1545319155944978,0.13280371847841596,0.053563047610220765,0.6939987436623098,0.1243553078774637,0.21052631578947367,0.10044389251479126,0.18224454296015927,0.0,0.0,0.12499400275312492,-0.07731958762886595
2,20,3,3,M,all,1785,0.023669053416557544,0.12034277170318336,0.0378137470292793,0.9832509592694293,0.9989177163376354,0.17620278336996367,0.9335724603848511,0.1781367230616053,0.9350201753631273,0.12347146930634083,0.05307833644042089,0.888474097677317,0.8660634523583738,0.2,1.4157286548996253,0,,,,,,,,,,,,,0.39756777535647214,0.21052631578947367,0.38541888661167156,0.46619311706389405,0.0,0.28601252609603345,,
2,20,3,3,M,FAD,1785,0.023669053416557544,0.12034277170318336,0.0378137470292793,0.9832509592694293,0.9989177163376354,0.17620278336996367,0.9335724603848511,0.1781367230616053,0.9350201753631273,0.12347146930634083,0.05307833644042089,0.888474097677317,0.8660634523583738,0.2,1.4157286548996253,0,,,,,,,,,,,,,0.39756777535647214,0.21052631578947367,0.38541888661167156,0.46619311706389405,0.0,0.28601252609603345,,
2,20,3,4,H,all,6315,0.012583843906941457,0.12034277170318336,0.12789443704911552,0.9633401833757701,0.777273391692321,0.3986728907595436,0.5001112287641876,0.3160227851505297,0.6768458195791307,0.34481935729959196,0.3275245584924728,0.9870603940405105,0.9708814168070145,0.2,1.7163232504821984,1256,0.9132084313962049,0.9962788393492932,1.0468108479162288,0.04127030768544242,0.7636991195798752,0.028216632399155017,0.4282033198959872,0.42257323167425015,0.37478216864042396,0.3088253644707247,0.1240415465917739,0.7886886764395659,0.20303548662826706,0.21052631578947367,0.1973334830246998,0.1992773064924588,0.0,0.0,0.19285920415856964,0.0
2,20,3,4,M,all,3459,0.01700296727670727,0.12034277170318336,0.055651301835423723,0.9469966129378079,0.9975653436620789,0.15030125116428975,0.9436638655596374,0.13844504271868388,0.9391336224839131,0.8255824304748743,0.8008940450970339,0.8404285532102603,0.8147323850716022,0.2,1.4486374511260458,329,1.0016923387962422,,1.013464849032489,0.15831716441297888,0.8371720019364216,0.055131784641997125,0.22951957378880775,0.23347206532271536,0.23238116436892114,0.12034277170318336,0.24279689818099795,0.9484199924154763,0.41999640930724386,0.21052631578947367,0.4291602505696559,0.20851165818797004,0.0,0.0,0.25681849752177893,0.0
2,20,3,4,M,MPA,1415,0.026584088867567534,0.12034277170318336,0.10870663414946852,0.8046276808456344,0.980093215150975,0.16869474230719947,0.9285911022010169,0.13844504271868388,0.9391336224839131,0.8164548318069864,0.791669470895313,0.8015099975330505,0.7741598545114868,0.2,1.0851055431922596,329,1.0016923387962422,,1.013464849032489,0.15831716441297888,0.8371720019364216,0.055131784641997125,0.22951957378880775,0.23347206532271536,0.23238116436892114,0.12034277170318336,0.24279689818099795,0.9484199924154763,0.3478346945580234,0.21052631578947367,0.4291602505696559,0.20776559117642895,0.0,0.0,0.25681849752177893,0.0
2,20,3,4,M,FAD,2044,0.02211869776019044,0.12034277170318336,0.060200103991969345,0.9499783996182569,0.9976391614487451,0.16003531616625288,0.9420044580295922,0.13844504271868388,0.9391336224839131,0.9277875665267922,0.9037093746795735,0.8618000705828064,0.8367726000361011,0.2,1.742731184427318,0,,,,,,,,,,,,,0.4226679324658013,0.21052631578947367,0.4291602505696559,0.21470175848084067,0.0,0.0,,
2,20,4,0,H,all,2262,0.021025856676559002,0.12034277170318336,0.09511258928385981,0.8543795004899716,0.8977565842534715,0.2102123585479787,0.5643541485029505,0.1732311302222701,0.6716987138124387,0.14907075282905052,0.07367040771401757,0.5035723936251918,0.39139383019846247,0.2,1.463575020833462,452,0.8672024327600383,0.8674815458328103,0.6836253303254413,0.11359633445872984,0.835454368187777,0.047036043419179864,0.24300837454914215,0.2773405611043785,0.23241036829741768,0.16175909061190513,0.11339263722098598,0.5971065321708859,0.19957046391347158,0.21052631578947367,0.3581953811578976,0.2677093297469544,0.0,0.0,0.20429730881983496,0.0
2,20,4,0,M,all,1992,0.022405535747411044,0.12034277170318336,0.06898619925366631,0.8179690609702084,0.79152256558815,0.11388529740112038,0.47573421185497855,0.11399216087700244,0.6661421833500107,0.20975960842568706,0.14490097437843297,0.42422973384248214,0.3679154316788316,0.2,1.1624798419637281,78,0.13343000692366377,,0.3183324009546967,0.22350906470734366,0.3264143503383073,0.11322770341445956,0.17660468814924019,0.22148685704507773,0.1779899604771546,0.12034277170318336,0.16967045763573518,0.1404170340231714,0.3608391654990269,0.21052631578947367,0.42765088060386947,0.29215066808258344,0.0,0.0,0.19821828609097475,0.0
2,20,4,0,M,MPA,367,0.052199575097188054,0.12034277170318336,0.1189016465744907,0.23320939960267636,0.3951025342170442,0.13343834635470692,0.3015192759577005,0.11399216087700244,0.6661421833500107,0.22905103523875323,0.1564381929849396,0.30830154243267166,0.27886449798317653,0.2,1.1349997683088344,78,0.13343000692366377,,0.3183324009546967,0.22350906470734366,0.3264143503383073,0.11322770341445956,0.17660468814924019,0.22148685704507773,0.1779899604771546,0.12034277170318336,0.16967045763573518,0.1404170340231714,0.1740901209583785,0.21052631578947367,0.42765088060386947,0.2796842071870153,0.0,0.0,0.19821828609097475,0.0
2,20,4,0,M,FAD,1625,0.02480694691784169,0.12034277170318336,0.0620781437313517,0.8496188209628449,0.9285805241790324,0.12345308474894381,0.56176943729028,0.11399216087700244,0.6661421833500107,0.22136858571044968,0.16572257818148267,0.49416195884741415,0.4217959984666513,0.2,1.1760198056281361,0,,,,,,,,,,,,,0.3875192426951854,0.21052631578947367,0.42765088060386947,0.2856016621181558,0.0,0.0,,
2,20,4,1,H,all,3453,0.017017733208518925,0.12034277170318336,0.07680266516284981,0.9043827392088785,0.9728293925881522,0.16625049062623792,0.7534894570142009,0.18262059331831867,0.7109290060196507,0.13194410279849256,0.060052334025642536,0.8497680622392384,0.7724261206017422,0.2,1.4806461278646215,672,0.7838955238525087,0.9274410678433846,0.6816417666101111,0.11916383125672476,0.9737070366809004,0.03857583749052298,0.22549577783275587,0.22085266160539724,0.2070256773741333,0.15391724376563157,0.11799880719445847,0.4818224133948176,0.30374776310918633,0.21052631578947367,0.3192873605853552,0.23097367744181657,0.0,0.0,0.35811498399338126,0.0
2,20,4,1,M,all,1935,0.022733144649015782,0.12034277170318336,0.044585400150396,0.9718081998278975,0.9319180165853972,0.15937888031894196,0.9380914632071107,0.16194558439096188,0.9211146224313488,0.7550179107501203,0.7317862675005751,0.8922975367238266,0.8817269344927096,0.2,1.118958346081984,0,,,,,,,,,,,,,0.40679399465065097,0.21052631578947367,0.39987369821988045,0.20498877162079263,0.0,0.0,,
2,20,4,1,M,FAD,1934,0.022739021124401262,0.12034277170318336,0.043815924909994565,0.9727882531395297,0.9322072146061959,0.15946964824160756,0.9384116382699117,0.16194558439096188,0.9211146224313488,0.6909524101247568,0.6668005855245566,0.8923595767024152,0.8818204006000261,0.2,1.119671302954656,0,,,,,,,,,,,,,0.4073785294821598,0.21052631578947367,0.39987369821988045,0.2068153907109252,0.0,0.0,,
2,20,4,2,H,all,5185,0.013887549490757716,0.12034277170318336,0.049713692591934276,0.966029496557821,0.7511278293124876,0.2072261759032427,0.7609213634627982,0.19076498546879425,0.6891172101713666,0.1840953055379458,0.16163542557302588,0.8551781373253736,0.8144475778861171,0.2,1.1953939352646583,1022,1.106544630315403,0.9725145291686844,0.7913425496465074,0.06470050201514321,0.7735999064191447,0.031280562354492725,0.22708270999156588,0.2153310340668769,0.16452695769870598,0.15217629851627257,0.08301069866652647,0.7110415210274632,0.2632506858254722,0.21052631578947367,0.2961892925736766,0.2908325857339304,0.0,0.0,0.26015565386505013,0.0
2,20,4,2,M,all,1772,0.023755716907278995,0.12034277170318336,0.07847940074928454,0.9373801071975353,0.9944777090256559,0.20831249023729967,0.8836079964583998,0.1927710785202324,0.9049253079021733,0.9009902320226918,0.8855946953414121,0.8637051182364548,0.8339667891792744,0.2,1.5379615459802716,0,,,,,,,,,,,,,0.3510431802663097,0.21052631578947367,0.34934090634328097,0.21627510165930952,0.0,0.0,,
2,20,4,2,M,FAD,1770,0.023769134427076417,0.12034277170318336,0.07324753710094639,0.9448834668170906,0.9955269164321608,0.2062187247991063,0.8861310329020451,0.1927710785202324,0.9049253079021733,0.8839395026675347,0.8687838731954558,0.8674816747933864,0.8379259689418889,0.2,1.5373955760104892,0,,,,,,,,,,,,,0.3571932179543757,0.21052631578947367,0.34934090634328097,0.2202051042569044,0.0,0.0,,
2,20,4,3,H,all,5916,0.013001274187308594,0.12034277170318336,0.03873024282424732,0.9667383371318962,0.9974153558482146,0.17090418966083243,0.68550715299921,0.1738634235647077,0.6860135218643111,0.17370721863193328,0.12029351551859915,0.9820301877913861,0.8188769122699059,0.2,2.5440041256266333,1167,1.1283503032405267,0.9910734770827149,0.932583751756791,0.037887473888053066,0.9926774804849419,0.029272820655593355,0.19637267340657358,0.1992238838354065,0.1620077477635926,0.1527049425861827,0.05908412915378773,0.8415701052925124,0.3065582534333115,0.21052631578947367,0.3309298098445407,0.2849401815075907,0.0,0.0,0.2635053410423516,0.0
2,20,4,3,M,all,2128,0.021677749238103,0.12034277170318336,0.08448388955299736,0.9399569404944673,0.9592563766780466,0.23623248535879288,0.9235356327947467,0.21024569608119942,0.9201191730525747,0.8631627484089393,0.8534477054652829,0.8786162613572854,0.8596795783458995,0.2,1.4823500893657793,0,,,,,,,,,,,,,0.3051806795128402,0.21052631578947367,0.34229538113214325,0.2122659008754716,0.0,0.0,,
2,20,4,3,M,FAD,2125,0.021693045781865615,0.12034277170318336,0.07217819659819948,0.9567483723853696,0.968580334021533,0.2337864701276805,0.9214520041581212,0.21024569608119942,0.9201191730525747,0.828875754396865,0.8186233847955654,0.8781973559185982,0.8576934773962188,0.2,1.4646611893017345,0,,,,,,,,,,,,,0.31236208811644933,0.21052631578947367,0.34229538113214325,0.21452416911022754,0.0,0.0,,
2,20,4,4,H,all,6289,0.012609829157517467,0.12034277170318336,0.03885889417255037,0.9932751763997187,0.9988522565530109,0.3589848512491194,0.5212740990314261,0.35499576614901907,0.521227597501303,0.6914332284707139,0.6738090132290102,0.9986145178168028,0.4769639876211965,0.2,3.0532085938106728,1254,1.04246450205261,0.9979798736057065,0.9539269872095997,0.04540888603428385,0.9979380852168237,0.02823912473624525,0.37221016018460457,0.34716168288304156,0.277455437014554,0.20466407202283957,0.13046101652894665,0.8677066058018842,0.17730005423579281,0.21052631578947367,0.1835811972419294,0.2096722037363778,0.0,0.0,0.15864468213481855,0.012279983626688517
2,20,4,4,M,all,2737,0.019114484997483857,0.12034277170318336,0.06243112411005284,0.9506289574267448,0.9964318127168167,0.16892679192171056,0.9392152712999677,0.176130787596995,0.9368715987887167,0.5636670344960756,0.5515928861925691,0.8650591219444648,0.8309370997418574,0.2,1.5213307128053979,206,0.9936936367898895,,1.0250634440961481,0.29557227995903007,0.8367178518558036,0.06967330142916177,0.36967125313555954,0.3198101319908837,0.3704499662643109,0.12034277170318336,0.38978434289686953,0.9147950314795096,0.36488388702943875,0.21052631578947367,0.3680742203703486,0.28064697886396334,0.0,0.0,0.20054389086060798,0.0
2,20,4,4,M,MPA,932,0.03275608910402092,0.12034277170318336,0.2164811899326728,0.46690505819633843,0.7413738263329145,0.20428939907964228,0.7280223440965617,0.176130787596995,0.9368715987887167,0.5912074119623175,0.581475651168458,0.7678764362014223,0.7576852605917742,0.2,1.7246597954180438,206,0.9936936367898895,,1.0250634440961481,0.29557227995903007,0.8367178518558036,0.06967330142916177,0.36967125313555954,0.3198101319908837,0.3704499662643109,0.12034277170318336,0.38978434289686953,0.9147950314795096,0.3560734582309398,0.21052631578947367,0.3680742203703486,0.2991915598017321,0.0,0.0,0.20054389086060798,0.0
2,20,4,4,M,FAD,1805,0.023537557657892522,0.12034277170318336,0.05789059353889237,0.959958504820193,0.9981102354999277,0.1859532575383407,0.9396826506611449,0.176130787596995,0.9368715987887167,0.6441068112798383,0.6240605643526297,0.8770010147082565,0.8399608254227346,0.2,1.6255732071440578,0,,,,,,,,,,,,,0.3409112000628628,0.21052631578947367,0.3680742203703486,0.20718980166322076,0.0,0.0,,
2,20,5,0,H,all,2180,0.021417646843905968,0.12034277170318336,0.07742016584332932,0.8569550776056378,0.9222374780205446,0.18398068224681868,0.6809410778539278,0.16634604941272868,0.6964380105132536,0.15247403954091737,0.08354670623170841,0.5082812357714337,0.4268252221581553,0.2,1.432232867396735,453,0.7341116489781329,0.8676451867581699,0.6602663355451026,0.11450544504124877,0.774402764327119,0.046984098573493956,0.25729579397100505,0.27107512406482,0.2282445828274215,0.17259703457335512,0.12774540519652097,0.5636575971889525,0.2674167718469548,0.21052631578947367,0.37275589297328665,0.2136995779333005,0.0,0.0,0.25181181646847217,0.0
2,20,5,0,M,all,1882,0.023051022277878704,0.12034277170318336,0.06899893454745921,0.7967707177663339,0.7554760153616511,0.12556302416476836,0.57854091228811,0.12622790784979074,0.662588249958451,0.26386648492505405,0.21863977711670085,0.39729868245774136,0.3551539236562806,0.2,1.1228450344841394,75,0.11796286159025555,0.4500992044387202,0.2942618507435301,0.28408394813340493,0.2864644439654871,0.11547005383792514,0.1880522060528698,0.28199033785687444,0.19221822944534545,0.20314318289540495,0.17826228889621223,0.10991248875696369,0.3479043080548442,0.21052631578947367,0.4510310925618569,0.3042075904753893,0.0,0.0,0.30010332556090313,0.05472636815920398
2,20,5,0,M,MPA,340,0.05423261445466404,0.12034277170318336,0.11371472815345958,0.3003909545428819,0.5183271470527553,0.1331134296909836,0.3969181568232277,0.12622790784979074,0.662588249958451,0.22703918917928878,0.1698478579477186,0.30025942000171957,0.28309880304346513,0.2,1.0822394986919774,75,0.11796286159025555,0.4500992044387202,0.2942618507435301,0.28408394813340493,0.2864644439654871,0.11547005383792514,0.1880522060528698,0.28199033785687444,0.19221822944534545,0.20314318289540495,0.17826228889621223,0.10991248875696369,0.3703802727375765,0.21052631578947367,0.4510310925618569,0.33927176870118697,0.038910505836575876,0.0,0.30010332556090313,0.05472636815920398
2,20,5,0,M,FAD,1542,0.02546582868491811,0.12034277170318336,0.07489026047351331,0.782257912516502,0.8581328923950852,0.14556311777988334,0.5877262345109304,0.12622790784979074,0.662588249958451,0.29784902437820376,0.2589038808153537,0.45776539523177034,0.4002908724134068,0.2,1.140372357514932,0,,,,,,,,,,,,,0.3394696627044175,0.21052631578947367,0.4510310925618569,0.28262060586146054,0.0,0.0,,
2,20,5,1,H,all,3620,0.01662056238286334,0.12034277170318336,0.07562863021020294,0.8586347690605479,0.9933550179851308,0.14401287436113744,0.9049209935215321,0.15952893437533103,0.8848241953888882,0.14289316497496127,0.07290805654128657,0.874642440768394,0.8465908465115283,0.2,1.6372659147495985,719,0.7981488303704882,0.9388216545147177,0.6828943868905416,0.12954138332679038,0.9600266992815712,0.03729370703141007,0.17271943448605107,0.17311229204530978,0.15095094312893434,0.1472398984378912,0.10301709033784202,0.6095740094400234,0.30574991771690424,0.21052631578947367,0.2996356353564366,0.2552732590773987,0.0,0.0,0.27199122411892085,0.0
2,20,5,1,M,all,1708,0.024196695924791362,0.12034277170318336,0.04821066768813748,0.9775019607642429,0.996922161317889,0.1868959623424917,0.9117846755347169,0.19031633598192432,0.9014242748118164,0.559872636972526,0.5316869905733038,0.860492783874436,0.8090851979669293,0.2,2.5083394187041903,0,,,,,,,,,,,,,0.40579128746915405,0.21052631578947367,0.43379752772841246,0.24089132723098228,0.0,-0.003274662300450249,,
2,20,5,1,M,FAD,1708,0.024196695924791362,0.12034277170318336,0.04821066768813748,0.9775019607642429,0.996922161317889,0.1868959623424917,0.9117846755347169,0.19031633598192432,0.9014242748118164,0.559872636972526,0.5316869905733038,0.860492783874436,0.8090851979669293,0.2,2.5083394187041903,0,,,,,,,,,,,,,0.40579128746915405,0.21052631578947367,0.43379752772841246,0.24089132723098228,0.0,-0.003274662300450249,,
2,20,5,2,H,all,5103,0.013998684185526935,0.12034277170318336,0.07609378054105191,0.9332935512634577,0.9871366443657891,0.21494957398534142,0.8152164428667258,0.22260361611466895,0.847795209825804,0.16321272717727608,0.1093239861364239,0.9568487753836287,0.9290521768860659,0.2,1.649496721903825,1020,0.9586044752400501,0.976168374786998,0.7686709111057131,0.08530608299676898,0.9824068368735478,0.03131121455425748,0.23440727740301573,0.2114818639945262,0.19231494531624568,0.16189994205505717,0.10584530048406184,0.6744795603612345,0.2799062841987056,0.21052631578947367,0.3387433080561946,0.22563154112321665,0.0,0.0,0.3560391129756099,0.0
2,20,5,2,M,all,1879,0.02306941649993959,0.12034277170318336,0.05978915431649282,0.9638904801793892,0.987610825433574,0.1886017101444381,0.9106267227509761,0.19097684740658133,0.9168718519354719,0.9602719253998571,0.9559628793875349,0.8436766153690239,0.8162544716908273,0.2,1.466549852185507,0,,,,,,,,,,,,,0.44067521441051255,0.21052631578947367,0.43885267402479167,0.21062415944137156,0.0,0.0,,
2,20,5,2,M,FAD,1879,0.02306941649993959,0.12034277170318336,0.05978915431649282,0.9638904801793892,0.987610825433574,0.1886017101444381,0.9106267227509761,0.19097684740658133,0.9168718519354719,0.9602719253998571,0.9559628793875349,0.8436766153690239,0.8162544716908273,0.2,1.466549852185507,0,,,,,,,,,,,,,0.44067521441051255,0.21052631578947367,0.43885267402479167,0.21062415944137156,0.0,0.0,,
2,20,5,3,H,all,6109,0.012794253088668606,0.12034277170318336,0.06738933777612681,0.9510662273154884,0.9990110608059836,0.2506005030872974,0.31070521668702306,0.25363441324220176,0.3114121233464733,0.15138478548170173,0.1080170666512746,0.9738400393551736,0.7332197143661963,0.2,2.90631819159546,1184,0.780206100387959,0.9871545895638764,0.8745406360098671,0.07757934909538071,0.9805852480246704,0.02906190968595482,0.27708630188961336,0.31559397063421274,0.2354804105432896,0.23970110026093955,0.06252633507701917,0.6144043917478943,0.21689057187969996,0.21052631578947367,0.2519228776519282,0.2026071404867436,0.0,0.0,0.21402697954855315,-0.003274662300450249
2,20,5,3,M,all,2154,0.021546520679428582,0.12034277170318336,0.048053386854375074,0.9786769065130433,0.9982172368880953,0.20186615003692956,0.7471718945732324,0.19951132547551864,0.7546276601773175,0.9144827265533486,0.8949305357374325,0.9053016795608847,0.7567622859094543,0.2,2.5302628477764317,0,,,,,,,,,,,,,0.4598487098573296,0.21052631578947367,0.4642315822927822,0.21592971473324732,0.0,0.012279983626688517,,
2,20,5,3,M,FAD,2154,0.021546520679428582,0.12034277170318336,0.048053386854375074,0.9786769065130433,0.9982172368880953,0.20186615003692956,0.7471718945732324,0.19951132547551864,0.7546276601773175,0.9144827265533486,0.8949305357374325,0.9053016795608847,0.7567622859094543,0.2,2.5302628477764317,0,,,,,,,,,,,,,0.4598487098573296,0.21052631578947367,0.4642315822927822,0.21592971473324732,0.0,0.012279983626688517,,
2,20,5,4,H,all,6237,0.012662286273293105,0.12034277170318336,0.040766633198323875,0.9944133434777247,0.9997373560391282,0.37006524236355975,9.086702387318115e-06,0.35140919181945085,1.1195174401092523e-05,0.8375619529218479,0.8292753041131826,0.9991644372157318,6.421280117970248e-06,0.2,1.6929694719614379,1212,1.083114570392106,0.996187586575879,0.9334202254415898,0.025939237993836878,0.9982974834788735,0.0287242494810713,0.39184899369752946,0.38683903622441285,0.26882320037160523,0.20464617799258067,0.10597176346545721,0.9050796327899381,0.26834128866022333,0.21052631578947367,0.2897269398307525,0.21100884377940465,0.0,0.0,0.288739271162073,0.08316221765913759
2,20,5,4,M,all,3345,0.017290276521281022,0.12034277170318336,0.0773325783346066,0.9363815204906059,0.987246360410147,0.19242541094163085,0.7536561652602526,0.16419740006808556,0.7363599251329366,0.9117217982093435,0.9021846035815274,0.8683560688611672,0.8379322137053349,0.2,1.3087677862293625,251,0.9920954923434383,,1.0137313130936814,0.17869331875127575,0.9434692665505958,0.06311944030978031,0.23809341007641957,0.24135009115837402,0.2694846166864082,0.12034277170318336,0.29657451721275097,0.9328696177035172,0.41197121901668315,0.21052631578947367,0.4661225437373234,0.21136368500703726,0.0,0.0,0.2200963557166617,0.0
2,20,5,4,M,MPA,1201,0.028855492841238062,0.12034277170318336,0.14862117870989486,0.6907320090554032,0.950215827305911,0.16635356931830136,0.7184983219097489,0.16419740006808556,0.7363599251329366,0.854786462274335,0.8442513196260979,0.7829048102695688,0.7111118416499077,0.2,2.415587771511376,251,0.9920954923434383,,1.0137313130936814,0.17869331875127575,0.9434692665505958,0.06311944030978031,0.23809341007641957,0.24135009115837402,0.2694846166864082,0.12034277170318336,0.29657451721275097,0.9328696177035172,0.47056394804700197,0.21052631578947367,0.4661225437373234,0.21018882231962802,0.0,0.0,0.2200963557166617,0.0
2,20,5,4,M,FAD,2144,0.021596710639534004,0.12034277170318336,0.08838968848080217,0.9347230140192627,0.9831165910697425,0.21095342248941606,0.7584934050337074,0.16419740006808556,0.7363599251329366,0.9620341242121248,0.9523360975904526,0.8772296819011184,0.8510188090784708,0.2,1.1974366141763861,0,,,,,,,,,,,,,0.3869999393200288,0.21052631578947367,0.4661225437373234,0.2106294576815413,0.0,0.0,,
3,10,1,0,H,all,610,0.0404888165089458,0.5419524459799522,0.3039968584260671,0.8525673774701733,0.49618498906241304,0.4601392922789087,0.5589198559656633,0.6075838803153951,0.40994995334862666,0.6097126366455484,0.16332148141996106,0.5406427885155038,0.47627545588352344,0.2,1.8187481161203614,145,1.0196083281809705,0.9341691796608755,0.9157085113190621,0.09745241348868487,0.7757949413792746,0.08304547985373997,0.4482170802516208,0.44242071689651113,0.42527860227014774,0.5654443453073957,0.3840488729243179,0.7199867434951205,,,,,,,,
3,10,1,0,M,all,1032,0.031128640318234518,0.5419524459799522,0.10615345621064032,0.9542704303497249,0.9549402256429051,0.47183095984880474,0.5228683195375422,0.4305812271477139,0.6664906219818721,0.598353489861787,0.14062363484049725,0.4237194430038987,0.3405872492268025,0.2,1.111291416523218,55,0.1316823095473728,,0.25055589234303594,0.29567664659472515,0.20431140838778852,0.13483997249264842,0.5574573763704341,0.5624792711293394,0.5705683262530591,0.5419524459799522,0.3317939668594822,0.16558815254167536,,,,,,,,
3,10,1,0,M,MPA,232,0.06565321642986127,0.5419524459799522,0.3039644402675252,0.09099221563548583,0.1949349043263052,0.5460860305387929,0.25765365219083997,0.4305812271477139,0.6664906219818721,0.7095176226384662,0.32469649944328477,0.18881035271561544,0.20686385725072287,0.2,1.233370275664976,55,0.1316823095473728,,0.25055589234303594,0.29567664659472515,0.20431140838778852,0.13483997249264842,0.5574573763704341,0.5624792711293394,0.5705683262530591,0.5419524459799522,0.3317939668594822,0.16558815254167536,,,,,,,,
3,10,1,0,M,FAD,800,0.035355339059327376,0.5419524459799522,0.08153655584051075,0.9627076075501646,0.9623398608565448,0.4722063686946289,0.5444984660862427,0.4305812271477139,0.6664906219818721,0.5703827835548902,0.08802333955769974,0.4867940430879331,0.376799622660644,0.2,1.189537193948446,0,,,,,,,,,,,,,,,,,,,,
3,10,1,1,H,all,590,0.04116934847963091,0.5419524459799522,0.15932251268779932,0.9862581367270953,0.9898501396559193,0.6925088548905941,0.4307906773050069,0.788104246270459,0.43301362546398187,0.6436766415490208,0.19510452874258621,0.8578150311100563,0.38473683115255897,0.2,5.968919475241365,110,0.949655822447174,0.9706690626494907,1.2292310811222777,0.16427013926924108,0.9697928845543163,0.09534625892455924,0.6496003330969478,0.6874089980706259,0.6449919066041891,0.5483644428102465,0.4022003071198596,0.6649780274721788,,,,,,,,
3,10,1,1,M,all,755,0.03639372626234195,0.5419524459799522,0.10632714269751221,0.9807786861420047,0.9630382138037414,0.08891465025180954,0.9917597526831948,0.10827585060272274,0.9455909935218773,0.5655028478777712,0.09153979744112677,0.8719081392216432,0.885227536401926,0.2,4.7716907822715235,0,,,,,,,,,,,,,,,,,,,,
3,10,1,1,M,FAD,755,0.03639372626234195,0.5419524459799522,0.10632714269751221,0.9807786861420047,0.9630382138037414,0.08891465025180954,0.9917597526831948,0.10827585060272274,0.9455909935218773,0.5655028478777712,0.09153979744112677,0.8719081392216432,0.885227536401926,0.2,4.7716907822715235,0,,,,,,,,,,,,,,,,,,,,
3,10,1,2,H,all,815,0.035028472205202936,0.5419524459799522,0.24128933743744976,0.9455647066812932,0.858152456144573,0.6851908478191501,0.5167430999358975,0.7535653620542345,0.5081855293941476,0.6697389434600568,0.29074390476777473,0.949675364531439,0.8748919494937313,0.2,5.378544610488432,151,0.480566439034831,0.979862639430653,0.9306638653767696,0.4652645227163187,0.8921866478441439,0.08137884587711594,0.7014799550018606,0.6558095037723194,0.6551851074090248,0.6841802408111916,0.344940289420747,0.4755890788293179,,,,,,,,
3,10,1,2,M,all,749,0.03653920476209348,0.5419524459799522,0.03503726559181641,0.9981844468697993,0.9992097754834026,0.07191391585618363,0.9951602192798037,0.07911118500779622,0.9953142536216932,0.560562180904531,0.06015290335246779,0.8774433270482005,0.8765972172330965,0.2,2.451736950254983,0,,,,,,,,,,,,,,,,,,,,
3,10,1,2,M,FAD,749,0.03653920476209348,0.5419524459799522,0.03503726559181641,0.9981844468697993,0.9992097754834026,0.07191391585618363,0.9951602192798037,0.07911118500779622,0.9953142536216932,0.560562180904531,0.06015290335246779,0.8774433270482005,0.8765972172330965,0.2,2.451736950254983,0,,,,,,,,,,,,,,,,,,,,
3,10,1,3,H,all,1540,0.025482359571881278,0.5419524459799522,0.16860729007883735,0.9932698358078582,0.995200650344666,0.7610425270329718,0.5585389441228317,0.8914239709337705,0.5553618739554472,0.7280955816267998,0.4353058810780878,0.9362704484435113,0.7531641122477453,0.2,4.2265571780437385,313,0.6005442214504905,0.9763039344452676,0.7529334254188694,0.38821918890030643,0.9587447087631981,0.05652334189442215,0.615317101206339,0.7996759572068648,0.5525000999788803,0.6951091143053668,0.6238411298453052,0.7312312750697753,,,,,,,,
3,10,1,3,M,all,676,0.038461538461538464,0.5419524459799522,0.043782514616924596,0.9970778303264053,0.9952278600695713,0.061134371253509984,0.9981555259483416,0.0527768831868337,0.9962165493983213,0.556566257217428,0.04888587840476506,0.8970005623365298,0.8976848815002805,0.2,3.6186475562027707,0,,,,,,,,,,,,,,,,,,,,
3,10,1,3,M,FAD,676,0.038461538461538464,0.5419524459799522,0.043782514616924596,0.9970778303264053,0.9952278600695713,0.061134371253509984,0.9981555259483416,0.0527768831868337,0.9962165493983213,0.556566257217428,0.04888587840476506,0.8970005623365298,0.8976848815002805,0.2,3.6186475562027707,0,,,,,,,,,,,,,,,,,,,,
3,10,1,4,H,all,2697,0.019255709562623336,0.5419524459799522,0.3829830121353,0.9240908365644265,0.961082963693795,0.6983608904694519,0.4971619906506278,0.9373254028688818,0.5451954526945831,0.6409728892234153,0.5308888435039215,0.9576644264258589,0.8876212178245073,0.2,3.435951092457346,559,1.245580312235113,0.9903992005581603,0.9134462631617735,0.03558238184400608,0.9783980863587641,0.042295493443781355,0.7035758421942884,0.6886665051845928,0.5622089370546712,0.5828042514393733,1.0134909122617057,0.9050563894788486,,,,,,,,
3,10,1,4,M,all,803,0.035289233662029275,0.5419524459799522,0.11002537552571359,0.9801809336404687,0.9745522295683349,0.11173097551670513,0.9981081959753463,0.10209078135753494,0.9698794315962772,0.5595829017675447,0.05525519441564439,0.8664966770828291,0.8792987891293171,0.2,3.5758774210102717,0,,,,,,,,,,,,,,,,,,,,
3,10,1,4,M,FAD,802,0.035311227577322434,0.5419524459799522,0.11004603387286996,0.9801729641393948,0.974548261749451,0.11173591623333236,0.998109058745895,0.10209078135753494,0.9698794315962772,0.5609177787018045,0.05623870988789404,0.8664905969737081,0.879296006671366,0.2,3.5758377614163583,0,,,,,,,,,,,,,,,,,,,,
3,10,2,0,H,all,634,0.03971507353947688,0.5419524459799522,0.20874704621623136,0.8135866074593391,0.5297156601208276,0.49228186475867336,0.475205083384599,0.48986650758541495,0.6764263150914158,0.6026677860027464,0.14151831511188606,0.4423329441204683,0.42279415906269635,0.2,1.7972116709873895,146,0.8116889072694697,0.9394089551224546,1.097528990644058,0.15935194790674115,0.8992842002901887,0.0827605888602368,0.5326274834247936,0.5712531586072137,0.5309029795417283,0.5352234474424867,0.31349029582009613,0.5943737279786048,,,,,,,,
3,10,2,0,M,all,1115,0.02994763741177399,0.5419524459799522,0.10549856474274347,0.9532554367121578,0.6640271878107691,0.4199622240986705,0.4619602969812711,0.3688033323857837,0.6791300005375532,0.5814026869602723,0.1053121454918834,0.4289180238469822,0.3668436106014704,0.2,1.004416987504048,61,0.1032438370412646,0.3923756906766321,0.2003880390055886,0.2932810057433041,0.3606436625854162,0.12803687993289598,0.5367587658070303,0.620709845588668,0.5355447885804067,0.5346619054633385,0.3150748573916476,0.13719707225038325,,,,,,,,
3,10,2,0,M,MPA,241,0.06441566264008308,0.5419524459799522,0.2878036002181684,0.41823532714271877,0.18630346224541267,0.5197562243621768,0.2564607309821249,0.3688033323857837,0.6791300005375532,0.6986128481631583,0.28751882006578716,0.22259810794418802,0.23093809857386696,0.2,1.1602137513752815,61,0.1032438370412646,0.3923756906766321,0.2003880390055886,0.2932810057433041,0.3606436625854162,0.12803687993289598,0.5367587658070303,0.620709845588668,0.5355447885804067,0.5346619054633385,0.3150748573916476,0.13719707225038325,,,,,,,,
3,10,2,0,M,FAD,874,0.03382550457458692,0.5419524459799522,0.08597504839447956,0.9618836094369821,0.9324751948878666,0.40973534909502457,0.5039766958739247,0.3688033323857837,0.6791300005375532,0.5523116616058198,0.07186350836295771,0.4779584424939165,0.39930153348001424,0.2,1.0395909857048895,0,,,,,,,,,,,,,,,,,,,,
3,10,2,1,H,all,728,0.03706246583305506,0.5419524459799522,0.20307269207910128,0.9397669164376383,0.9948670763193932,0.5706750353598514,0.47115628201357806,0.6435241170915704,0.5088112465186465,0.6304444732547768,0.19757407456177448,0.8696879825609352,0.45993112086843324,0.2,5.07123762881856,152,1.107103620970302,0.9687826727570227,1.1932796056109787,0.15920411890762592,0.9700790783866502,0.08111071056538127,0.514528315961948,0.5400801274429643,0.47903503192219293,0.41726856337787627,0.4414366080294284,0.728216083812033,,,,,,,,
3,10,2,1,M,all,744,0.036661778755338326,0.5419524459799522,0.07288295612212413,0.9921377570238865,0.9968126239906474,0.07295054842769554,0.9959425653249115,0.09380657668012579,0.9967481564941927,0.5585830264367683,0.06489103273890638,0.9014638368953535,0.9003074296838773,0.2,3.4028693502822334,0,,,,,,,,,,,,,,,,,,,,
3,10,2,1,M,FAD,744,0.036661778755338326,0.5419524459799522,0.07288295612212413,0.9921377570238865,0.9968126239906474,0.07295054842769554,0.9959425653249115,0.09380657668012579,0.9967481564941927,0.5585830264367683,0.06489103273890638,0.9014638368953535,0.9003074296838773,0.2,3.4028693502822334,0,,,,,,,,,,,,,,,,,,,,
3,10,2,2,H,all,904,0.033259505261886965,0.5419524459799522,0.38528994885410517,0.8150367154384961,0.9184279996367658,0.4866036920867475,0.6169254604400798,0.5673759652611267,0.7296348282339062,0.6875102061243861,0.2158527672790087,0.8161082321332228,0.5103238447283628,0.2,5.403651319194634,196,1.0247531724752987,0.977503295890103,1.0705615891416402,0.10565486994223641,0.9837159442553152,0.07142857142857142,0.6923228474875462,0.6360675764195904,0.47856161624719623,0.5931898785465102,0.6064285559463655,0.9289697858617303,,,,,,,,
3,10,2,2,M,all,725,0.037139067635410375,0.5419524459799522,0.04410489541806242,0.9967711804373802,0.9823763551268745,0.09651490450562145,0.9224288259497299,0.08523232586195707,0.9753651958846818,0.5557610854514581,0.05941663621724459,0.8686212361123028,0.8569338027055184,0.2,2.1053142386631882,0,,,,,,,,,,,,,,,,,,,,
3,10,2,2,M,FAD,725,0.037139067635410375,0.5419524459799522,0.04410489541806242,0.9967711804373802,0.9823763551268745,0.09651490450562145,0.9224288259497299,0.08523232586195707,0.9753651958846818,0.5557610854514581,0.05941663621724459,0.8686212361123028,0.8569338027055184,0.2,2.1053142386631882,0,,,,,,,,,,,,,,,,,,,,
3,10,2,3,H,all,1582,0.025141822757713452,0.5419524459799522,0.4103643206620158,0.7491057429320563,0.9170710794509475,0.260233547866954,0.8667827698986382,0.43168626770536034,0.7052424262722553,0.6238163351903399,0.15214444461208237,0.7283859923909355,0.6842470775237812,0.2,2.157141095390705,334,1.2699446365685554,0.9824774978384873,1.104169905665025,0.07198149972837056,0.9521176989471797,0.054717565516458275,0.3170309662648912,0.3243723807962079,0.37052920776513826,0.606464774620251,0.5096199489981479,0.8643034344175906,,,,,,,,
3,10,2,3,M,all,779,0.03582871819500093,0.5419524459799522,0.1053487575562435,0.9793050899207163,0.987548382540242,0.12843959778130862,0.993202933393966,0.08587802931132485,0.9955210246740299,0.5842222071432214,0.0911283254462702,0.8551331324299962,0.8572522551835431,0.2,3.3919465432715956,0,,,,,,,,,,,,,,,,,,,,
3,10,2,3,M,FAD,779,0.03582871819500093,0.5419524459799522,0.1053487575562435,0.9793050899207163,0.987548382540242,0.12843959778130862,0.993202933393966,0.08587802931132485,0.9955210246740299,0.5842222071432214,0.0911283254462702,0.8551331324299962,0.8572522551835431,0.2,3.3919465432715956,0,,,,,,,,,,,,,,,,,,,,
3,10,2,4,H,all,2856,0.018712029714127994,0.5419524459799522,0.16211096010634427,0.992140324854142,0.9960081783198997,0.539468535690872,0.6603793761287675,0.624799001676544,0.6484562535057959,0.5556036323923977,0.413325300655259,0.9459422568182934,0.749346833813562,0.2,10.386693668905796,567,1.0462918210758159,0.9892866433177244,0.9141280087231793,0.011683422310700785,0.9970929568743874,0.0419960525565808,0.6396283080560158,0.642924760852021,0.5605660671599709,0.7119599193371187,0.25800985321636627,0.8795968888394381,,,,,,,,
3,10,2,4,M,all,804,0.035267280792929914,0.5419524459799522,0.19636947219660847,0.9694988353364434,0.9634015792237943,0.13126868945940395,0.9280226695987975,0.30552855058949996,0.8337719109646197,0.5990950773497067,0.15701843334807855,0.8614100569473057,0.8530996118774078,0.2,2.138311298772924,0,,,,,,,,,,,,,,,,,,,,
3,10,2,4,M,FAD,804,0.035267280792929914,0.5419524459799522,0.19636947219660847,0.9694988353364434,0.9634015792237943,0.13126868945940395,0.9280226695987975,0.30552855058949996,0.8337719109646197,0.5990950773497067,0.15701843334807855,0.8614100569473057,0.8530996118774078,0.2,2.138311298772924,0,,,,,,,,,,,,,,,,,,,,
3,10,3,0,H,all,638,0.03959037912324479,0.5419524459799522,0.2003745451612989,0.8838442944164907,0.4933110738124236,0.5712140609533077,0.36880562988429083,0.5804809701845502,0.35726797330618476,0.6127612078285101,0.20944550871461487,0.5083401638786154,0.426769860925943,0.2,1.415882653373164,144,0.8897493598749975,0.953440114154205,1.1358980924054642,0.0858772474229184,0.9274050374089399,0.08333333333333333,0.5869558154967031,0.6169709669494381,0.5623270972689363,0.5438316408949968,0.2265933501333589,0.725820208926246,,,,,,,,
3,10,3,0,M,all,1169,0.029247769028706173,0.5419524459799522,0.10369597659115398,0.9621283563966654,0.9509935810847286,0.4367967506899937,0.626121727431099,0.37958150792568424,0.7334505175509086,0.5849097112936706,0.10149492198262909,0.42663818147118565,0.3663471686430798,0.2,1.2423527870279034,65,0.1270764864274334,,0.2564679728454308,0.258392529077981,0.25388848005994796,0.12403473458920847,0.5476105313086996,0.6140879232652582,0.5382124075293909,0.5419524459799522,0.30463649884743177,0.1499143157500359,,,,,,,,
3,10,3,0,M,MPA,288,0.05892556509887897,0.5419524459799522,0.2833109967591702,0.3514548245646187,0.08515964186339167,0.5325148650913175,0.19726202480959826,0.37958150792568424,0.7334505175509086,0.7075609039563704,0.301366148393719,0.19335208428459552,0.19250228872427888,0.2,1.1472922779912438,65,0.1270764864274334,,0.2564679728454308,0.258392529077981,0.25388848005994796,0.12403473458920847,0.5476105313086996,0.6140879232652582,0.5382124075293909,0.5419524459799522,0.30463649884743177,0.1499143157500359,,,,,,,,
3,10,3,0,M,FAD,881,0.03369085602646046,0.5419524459799522,0.07911917540658996,0.9647017783937633,0.9677427161450183,0.4251954323865181,0.6352603075508543,0.37958150792568424,0.7334505175509086,0.5559904692038027,0.05317326664867991,0.4975051138378116,0.41959308283965674,0.2,1.348860651548401,0,,,,,,,,,,,,,,,,,,,,
3,10,3,1,H,all,292,0.058520573598065284,0.5419524459799522,0.23559154319902112,0.899306145911116,0.7604796970271198,0.5312877987171407,0.5415365039546324,0.6560563203775285,0.4088728101898118,0.6592504938026796,0.22831130674626426,0.678188128488114,0.4492097823980252,0.2,2.691685926188075,72,0.8813596002460211,0.9636298744392164,1.043122830195435,0.18642386821147988,0.9630527002029851,0.11785113019775793,0.5945458037664617,0.6504292205798735,0.5554018878750409,0.583700329389333,0.2772422594458683,0.7621582466615262,,,,,,,,
3,10,3,1,M,all,809,0.035158127696731496,0.5419524459799522,0.04037078003020636,0.9985116642514716,0.9986002239050874,0.12980082144551452,0.9937452546195283,0.10443668673216676,0.9914156151619775,0.5584220868358726,0.07499709301935628,0.9090162768730957,0.9074779939099094,0.2,2.6714586868491286,0,,,,,,,,,,,,,,,,,,,,
3,10,3,1,M,FAD,809,0.035158127696731496,0.5419524459799522,0.04037078003020636,0.9985116642514716,0.9986002239050874,0.12980082144551452,0.9937452546195283,0.10443668673216676,0.9914156151619775,0.5584220868358726,0.07499709301935628,0.9090162768730957,0.9074779939099094,0.2,2.6714586868491286,0,,,,,,,,,,,,,,,,,,,,
3,10,3,2,H,all,773,0.03596750006328032,0.5419524459799522,0.30147185245873026,0.9147330498696709,0.5761005613288519,0.6125782118720453,0.6048404052719771,0.7253580713148214,0.4950628788816033,0.7260945630327946,0.3252927106566062,0.9137008397030921,0.85879402353868,0.2,1.2251894102761234,141,1.1042694946258844,0.9760698647144849,0.7961817956266033,0.30597646280000235,0.7460292929749545,0.0842151921066519,0.5923806332417085,0.6332299327656281,0.5510994938785562,0.7141341169973108,0.4801618947821748,0.905278120649737,,,,,,,,
3,10,3,2,M,all,789,0.03560094272544522,0.5419524459799522,0.05968610551182799,0.9944572803447662,0.9840105376259151,0.15716862320306701,0.9704479875698001,0.15381699799120846,0.9883698030010579,0.572982358596083,0.08488394032662128,0.8815597205215444,0.8761505564127797,0.2,2.4846505944635986,0,,,,,,,,,,,,,,,,,,,,
3,10,3,2,M,FAD,789,0.03560094272544522,0.5419524459799522,0.05968610551182799,0.9944572803447662,0.9840105376259151,0.15716862320306701,0.9704479875698001,0.15381699799120846,0.9883698030010579,0.572982358596083,0.08488394032662128,0.8815597205215444,0.8761505564127797,0.2,2.4846505944635986,0,,,,,,,,,,,,,,,,,,,,
3,10,3,3,H,all,1292,0.027820744203732862,0.5419524459799522,0.19362496310658162,0.9787149943875698,0.9890905900797418,0.7509629172509753,0.5196506541176854,0.8402320558657833,0.5240252391034965,0.7333601982427156,0.35980782253757787,0.9672158620590313,0.8917041924931675,0.2,6.031805747365277,254,0.4903406801328425,0.9837178248109077,0.8641756424107008,0.2693438280218115,0.9644351560768647,0.06274558051381586,0.6466209867530323,0.7157749381133443,0.5984128901669878,0.691142612322328,0.49475778881749516,0.5154316404434859,,,,,,,,
3,10,3,3,M,all,762,0.03622617780011092,0.5419524459799522,0.10199765319020135,0.9828890988384896,0.9654481615446883,0.08133297483840522,0.9917290315366748,0.08776881995380124,0.9852465781866754,0.5726538137979554,0.06853826625318052,0.8487533361539346,0.8578484246935502,0.2,2.011580121371304,0,,,,,,,,,,,,,,,,,,,,
3,10,3,3,M,FAD,762,0.03622617780011092,0.5419524459799522,0.10199765319020135,0.9828890988384896,0.9654481615446883,0.08133297483840522,0.9917290315366748,0.08776881995380124,0.9852465781866754,0.5726538137979554,0.06853826625318052,0.8487533361539346,0.8578484246935502,0.2,2.011580121371304,0,,,,,,,,,,,,,,,,,,,,
3,10,3,4,H,all,2937,0.01845219462695162,0.5419524459799522,0.4111848611072273,0.847790338813534,0.995044657885714,0.6323701346846741,0.7211546481773976,0.7278382911904588,0.7137539717169629,0.8888964136139307,0.6882353694221025,0.9446386841546766,0.897238995613171,0.2,1.441091182850419,586,0.8443213330998501,0.9883969210216329,0.8750212305656648,0.11872602202034854,0.9888292726901721,0.04130961923860138,0.7341566269301271,0.7995364886609064,0.6280705624800871,0.7680399167642278,0.4632355872452958,0.8909648117689486,,,,,,,,
3,10,3,4,M,all,793,0.03551104121142175,0.5419524459799522,0.06851349358433634,0.9929421184028037,0.9937514435007041,0.10386217895779316,0.9939872114147308,0.06070119405440214,0.9962792502829287,0.555496481215254,0.056256855602202234,0.8916331211622278,0.8908799059506519,0.2,3.0168579192187814,0,,,,,,,,,,,,,,,,,,,,
3,10,3,4,M,FAD,793,0.03551104121142175,0.5419524459799522,0.06851349358433634,0.9929421184028037,0.9937514435007041,0.10386217895779316,0.9939872114147308,0.06070119405440214,0.9962792502829287,0.555496481215254,0.056256855602202234,0.8916331211622278,0.8908799059506519,0.2,3.0168579192187814,0,,,,,,,,,,,,,,,,,,,,
3,10,4,0,H,all,659,0.03895446935658099,0.5419524459799522,0.14741464545835153,0.836409869049269,0.8399730185136063,0.5635091315638266,0.20923415249530866,0.590023762553392,0.13844934503715547,0.5692308071458109,0.11718585619139693,0.4335952016382339,0.22865674957496426,0.2,1.5795178773217995,149,0.6925568357267619,0.9387564016912194,0.8585028197114785,0.14820804504993132,0.8960876354481463,0.08192319205190406,0.6107373161200916,0.6400986434947158,0.6249846714919655,0.5437109334488754,0.22422521524848052,0.5249193056737778,,,,,,,,
3,10,4,0,M,all,1128,0.029774566708770683,0.5419524459799522,0.09310134433161354,0.9770210915935051,0.9810472836918024,0.4611992143044474,0.48668956212835957,0.4418250931244558,0.4902634047178844,0.5761223499974457,0.09770694778080355,0.4611304744409055,0.3587348784718452,0.2,1.542954836826625,46,0.13591226269613643,,0.23339362114217937,0.37414540015428643,0.22998142977061076,0.14744195615489714,0.559079442369922,0.6155951092017932,0.5328428515420965,0.5419524459799522,0.3553956021328362,0.21755950398496393,,,,,,,,
3,10,4,0,M,MPA,214,0.06835859270246633,0.5419524459799522,0.29243900014730795,0.3748872238689836,0.27014337848394593,0.544569861340431,0.08233187040930146,0.4418250931244558,0.4902634047178844,0.7162430790185316,0.3225284667664032,0.22083586783100234,0.19723422465910892,0.2,1.0471841193618479,46,0.13591226269613643,,0.23339362114217937,0.37414540015428643,0.22998142977061076,0.14744195615489714,0.559079442369922,0.6155951092017932,0.5328428515420965,0.5419524459799522,0.3553956021328362,0.21755950398496393,,,,,,,,
3,10,4,0,M,FAD,914,0.03307706008278112,0.5419524459799522,0.06343676883903993,0.9809751850583638,0.9856534289780545,0.45573305292209043,0.4882958210201273,0.4418250931244558,0.4902634047178844,0.5508806396770471,0.054916247247446315,0.5145953622556382,0.3948173914521559,0.2,1.624144441528715,0,,,,,,,,,,,,,,,,,,,,
3,10,4,1,H,all,437,0.047836487323493986,0.5419524459799522,0.19545421035710103,0.9314736654104118,0.9332511094109367,0.5625226579112791,0.6329941213845088,0.5911145914198157,0.6870141427623684,0.7025314049052203,0.32022347592379385,0.8260492129508661,0.5355097751564294,0.2,2.6051045480534243,96,1.0473534703984555,0.9603111402700892,1.2775843527378816,0.21017524067796148,0.8586474345444532,0.10206207261596577,0.5887311160132257,0.5676437136708041,0.5498778887968722,0.5517717763923925,0.3549863055985288,0.6870571889553987,,,,,,,,
3,10,4,1,M,all,707,0.03760887072223008,0.5419524459799522,0.07045737025410677,0.992006306555302,0.9975815523841578,0.14424725480764944,0.99142479942723,0.10863938015486374,0.9952522977405464,0.5538197014800975,0.06369459975531015,0.8755416124122557,0.8718063370191897,0.2,4.1224686993042905,0,,,,,,,,,,,,,,,,,,,,
3,10,4,1,M,FAD,707,0.03760887072223008,0.5419524459799522,0.07045737025410677,0.992006306555302,0.9975815523841578,0.14424725480764944,0.99142479942723,0.10863938015486374,0.9952522977405464,0.5538197014800975,0.06369459975531015,0.8755416124122557,0.8718063370191897,0.2,4.1224686993042905,0,,,,,,,,,,,,,,,,,,,,
3,10,4,2,H,all,335,0.05463583647081531,0.5419524459799522,0.2939915955618367,0.9150409300520123,0.9563459861070946,0.5046832578750337,0.7348037189894892,0.6856128136120452,0.7734913648658887,0.7579599355067378,0.411877182100379,0.8390364671066102,0.6207277718034656,0.2,2.3106844523581973,72,0.8265398466114742,0.9746264571493591,0.901211498833189,0.3823101544058107,0.9695283258240683,0.11785113019775793,0.5610234785049973,0.6149398884038919,0.6080261943085191,0.6918440316614611,0.6791321602270466,0.5771507641416336,,,,,,,,
3,10,4,2,M,all,746,0.03661260129691062,0.5419524459799522,0.06985797185627932,0.9929361628744694,0.9880980824490264,0.07703883453954148,0.9886591078893342,0.09581013027600277,0.9686502100296255,0.5581611511130309,0.08664681309904687,0.8652557300688177,0.8657711035272697,0.2,3.0523721852288683,0,,,,,,,,,,,,,,,,,,,,
3,10,4,2,M,FAD,746,0.03661260129691062,0.5419524459799522,0.06985797185627932,0.9929361628744694,0.9880980824490264,0.07703883453954148,0.9886591078893342,0.09581013027600277,0.9686502100296255,0.5581611511130309,0.08664681309904687,0.8652557300688177,0.8657711035272697,0.2,3.0523721852288683,0,,,,,,,,,,,,,,,,,,,,
3,10,4,3,H,all,792,0.035533452725935076,0.5419524459799522,0.23496368964355335,0.9350065396259657,0.9972310734246681,0.35968189495937286,0.7733061434807105,0.46746292980137494,0.7886806104552478,0.7485835363795544,0.3388964540668103,0.9349290437442295,0.8453626186366958,0.2,3.5031056784597716,154,0.6637884501166912,0.985300208393695,1.1184035203335694,0.40716904702732465,0.9392811774685016,0.08058229640253803,0.42867688666317016,0.6038344330480697,0.34127317010393604,0.7694298041709507,0.42080124724386836,0.7543313454711418,,,,,,,,
3,10,4,3,M,all,657,0.03901371573204352,0.5419524459799522,0.16261816442421664,0.9571468301241693,0.9561446199040402,0.09769217410779243,0.9422904897621833,0.12398987657808795,0.9949164383741208,0.5610979034226975,0.06496001458115792,0.8799533241324535,0.8706973338294501,0.2,2.2939342612051346,0,,,,,,,,,,,,,,,,,,,,
3,10,4,3,M,FAD,657,0.03901371573204352,0.5419524459799522,0.16261816442421664,0.9571468301241693,0.9561446199040402,0.09769217410779243,0.9422904897621833,0.12398987657808795,0.9949164383741208,0.5610979034226975,0.06496001458115792,0.8799533241324535,0.8706973338294501,0.2,2.2939342612051346,0,,,,,,,,,,,,,,,,,,,,
3,10,4,4,H,all,1658,0.024558833620630074,0.5419524459799522,0.15832053034383547,0.9778741577007852,0.974210372038872,0.42162219732630274,0.8679908418486986,0.4238798452169951,0.847137599019499,0.8798248313069834,0.5806653724310099,0.9638150436537443,0.9367819203217203,0.2,8.032240909906955,316,0.5620838042154304,0.9885128910747495,0.8510517170388916,0.36448508133504187,0.9402501539402488,0.0562543950463012,0.4818112340903631,0.7110937668681717,0.5613690880956239,0.9412785370854139,0.550320859155501,0.8155186455483007,,,,,,,,
3,10,4,4,M,all,783,0.03573708449459316,0.5419524459799522,0.13506147981338437,0.9764476773399565,0.9874876043309266,0.20721686509898316,0.9972354733372818,0.11829082788021705,0.983327309758381,0.5495489192000381,0.05398496737362076,0.9028569938372903,0.9039521920926435,0.2,3.1832073196823556,0,,,,,,,,,,,,,,,,,,,,
3,10,4,4,M,FAD,783,0.03573708449459316,0.5419524459799522,0.13506147981338437,0.9764476773399565,0.9874876043309266,0.20721686509898316,0.9972354733372818,0.11829082788021705,0.983327309758381,0.5495489192000381,0.05398496737362076,0.9028569938372903,0.9039521920926435,0.2,3.1832073196823556,0,,,,,,,,,,,,,,,,,,,,
3,10,5,0,H,all,577,0.04163054471218133,0.5419524459799522,0.14897124967602948,0.9012691529596075,0.9009349017299522,0.5187080580942943,0.5765569994863918,0.443543589473043,0.690301037133409,0.5956640185871955,0.10740907898878649,0.5805995814132646,0.42926492744331557,0.2,2.363133159276119,120,0.9256207547637997,0.9522077019450239,1.1449900592473052,0.10310737849737854,0.8812196696655981,0.09128709291752768,0.5636056968093472,0.5599987610671684,0.49873705361357945,0.5093377389827071,0.19846365016451517,0.6914302776520486,,,,,,,,
3,10,5,0,M,all,1079,0.03044312827739915,0.5419524459799522,0.10514643909750773,0.9515036877597317,0.9599333375517738,0.43403409589557124,0.8125818407572367,0.3578932618681993,0.9117812226101216,0.578189314059667,0.10238781774596041,0.4910134472879154,0.4431088222169878,0.2,1.7492961812520342,55,0.1362246773782434,,0.23788688135066122,0.24614577165848062,0.475222480064195,0.13483997249264842,0.5064592329076497,0.5827398623793948,0.5000944816528131,0.5419524459799522,0.2999114633358788,0.2002131080846341,,,,,,,,
3,10,5,0,M,MPA,237,0.06495698024616309,0.5419524459799522,0.27902564698241944,0.46665898239257037,0.2855977221959716,0.5180600890932954,0.3002881088894461,0.3578932618681993,0.9117812226101216,0.69609292809035,0.30249293045934184,0.23693715128621298,0.24353831785359442,0.2,1.2450771538068206,55,0.1362246773782434,,0.23788688135066122,0.24614577165848062,0.475222480064195,0.13483997249264842,0.5064592329076497,0.5827398623793948,0.5000944816528131,0.5419524459799522,0.2999114633358788,0.2002131080846341,,,,,,,,
3,10,5,0,M,FAD,842,0.03446227583977888,0.5419524459799522,0.09540170291223257,0.9519383649798652,0.9620104733071695,0.4264283978414151,0.8132149972283785,0.3578932618681993,0.9117812226101216,0.5529782953737169,0.06463449957557833,0.556911422903401,0.4949007294549472,0.2,1.9063757053884356,0,,,,,,,,,,,,,,,,,,,,
3,10,5,1,H,all,603,0.040723148118768406,0.5419524459799522,0.14837028830953694,0.9614302884641823,0.9560304562952116,0.5937669219305755,0.3525363128587458,0.6250196752920444,0.46240983438473526,0.6763917745638511,0.2702979761357437,0.849636999897608,0.45481035769251643,0.2,2.7291471967601337,121,0.608752042474356,0.96830179838297,1.3000523660077052,0.23950201306357474,0.7244671957167809,0.09090909090909091,0.5716082684428967,0.5931196287284971,0.555714289503524,0.5709724792981645,0.45113199772146567,0.45766146940106045,,,,,,,,
3,10,5,1,M,all,760,0.03627381250550058,0.5419524459799522,0.06889397168737461,0.991784238050663,0.9950887181896343,0.08367265960880901,0.9961134086569503,0.06228150267694423,0.9980231335085968,0.5542426442049382,0.05857941288405868,0.8789236839269339,0.8789816397076384,0.2,4.188109582490786,0,,,,,,,,,,,,,,,,,,,,
3,10,5,1,M,FAD,760,0.03627381250550058,0.5419524459799522,0.06889397168737461,0.991784238050663,0.9950887181896343,0.08367265960880901,0.9961134086569503,0.06228150267694423,0.9980231335085968,0.5542426442049382,0.05857941288405868,0.8789236839269339,0.8789816397076384,0.2,4.188109582490786,0,,,,,,,,,,,,,,,,,,,,
3,10,5,2,H,all,821,0.0349002406379888,0.5419524459799522,0.17238268694884729,0.9886079293427928,0.9870001737366693,0.6535048540090997,0.5650318334972539,0.760680550171748,0.5332083926413353,0.5817796169857928,0.19853142296054005,0.9061538561406467,0.6980140170779054,0.2,5.834834977402024,179,1.1583621036632843,0.9733557872863831,0.902966250880929,0.0734015007510752,0.990598210713908,0.07474350927519359,0.6703249324444331,0.6568314030850386,0.6074547724524207,0.6679739149060332,0.4642385223173906,0.8852164526784345,,,,,,,,
3,10,5,2,M,all,725,0.037139067635410375,0.5419524459799522,0.09645220998895836,0.984573150792076,0.9965886553504979,0.08297750312583514,0.9963812275507672,0.07906699604007178,0.9977807898443255,0.551473293836026,0.060105986800864354,0.8847681673240432,0.8852135392381466,0.2,4.146439691371484,0,,,,,,,,,,,,,,,,,,,,
3,10,5,2,M,FAD,725,0.037139067635410375,0.5419524459799522,0.09645220998895836,0.984573150792076,0.9965886553504979,0.08297750312583514,0.9963812275507672,0.07906699604007178,0.9977807898443255,0.551473293836026,0.060105986800864354,0.8847681673240432,0.8852135392381466,0.2,4.146439691371484,0,,,,,,,,,,,,,,,,,,,,
3,10,5,3,H,all,1519,0.025657900289539272,0.5419524459799522,0.38590011244266903,0.9313268799392294,0.6868774850333769,0.6028156870504959,0.8967953891951969,0.8524549323151358,0.5493003774917786,0.6839746826939697,0.3033269335482501,0.8724021893968352,0.7847778112999667,0.2,2.326084015931316,301,1.4209176980366107,0.9837588184985993,0.9594660518737607,0.08249531818168646,0.9865958076295437,0.0576390417704235,0.7028624823609312,0.6788454741433035,0.5730275855502636,0.7578815253515178,0.6525762357038418,0.9292067752848789,,,,,,,,
3,10,5,3,M,all,767,0.036107907233705945,0.5419524459799522,0.05829225785742631,0.9950284889515548,0.9915813698792899,0.05573688128488271,0.9973720036938242,0.08002895403009481,0.9853654956230055,0.5699272654406111,0.06369845039594207,0.8802760872346738,0.8811461161350825,0.2,2.916025700407833,0,,,,,,,,,,,,,,,,,,,,
3,10,5,3,M,FAD,767,0.036107907233705945,0.5419524459799522,0.05829225785742631,0.9950284889515548,0.9915813698792899,0.05573688128488271,0.9973720036938242,0.08002895403009481,0.9853654956230055,0.5699272654406111,0.06369845039594207,0.8802760872346738,0.8811461161350825,0.2,2.916025700407833,0,,,,,,,,,,,,,,,,,,,,
3,10,5,4,H,all,2283,0.02092893090740305,0.5419524459799522,0.10093954331556053,0.9960973626084716,0.8365674151122172,0.7970273617383125,0.8797698618649167,0.8551242233227835,0.8734803336074399,0.8263009947132569,0.5281596515070772,0.9544590346890116,0.8620069562137508,0.2,1.5244420171487243,451,1.2528911781311067,0.9904300320243916,1.0490751287725704,0.04656813755287297,0.9747748176965076,0.04708816093480111,0.4542850463951705,0.4532465450718141,0.4701286853856018,0.7216748481241225,0.9137407272245587,0.9343465888301461,,,,,,,,
3,10,5,4,M,all,732,0.03696106354772864,0.5419524459799522,0.2288200410300729,0.9245331031772277,0.9736200925752443,0.07352333560631251,0.9917935355902885,0.1693470884865211,0.9839361410128026,0.5920424607553737,0.10135065725896779,0.848481182732697,0.8719961888390105,0.2,3.1481066136622524,0,,,,,,,,,,,,,,,,,,,,
3,10,5,4,M,FAD,730,0.037011660509880265,0.5419524459799522,0.22889665811435472,0.9244782558419484,0.9736070531243971,0.07359721413699925,0.9917870109959868,0.1693470884865211,0.9839361410128026,0.5913919970837187,0.10042471612966969,0.8484763874121591,0.8719992373453775,0.2,3.1479704856856916,0,,,,,,,,,,,,,,,,,,,,
3,20,1,0,H,all,925,0.032879797461071454,0.39684159141823144,0.20641070662339644,0.7551298020589096,0.6398122400428397,0.4904055115770129,0.20671058340208917,0.41289208982449166,0.35982691116416826,0.5023561905242424,0.36056599910942455,0.5128760992231052,0.23721911248076125,0.2,1.389124487520129,179,0.9382466184731737,0.8756049402726026,0.8910414254521697,0.12537423280236687,0.8040711813564706,0.07474350927519359,0.48801589891280556,0.4963295588460388,0.4709052641171113,0.4462012994315704,0.21592245349290207,0.6470097422968586,,,,,,,,
3,20,1,0,M,all,1834,0.02335072312471522,0.39684159141823144,0.1024100744349843,0.9592878880765213,0.7248127043861827,0.38326719555156624,0.401111210402902,0.4054999996579043,0.43069078052441556,0.5086021098759421,0.2939693391822709,0.4668453989416005,0.33687216005785336,0.2,1.1211554388186304,66,0.14415282792960776,,0.31398145007825506,0.2635326475102664,0.2609202459404451,0.12309149097933272,0.42865546140169875,0.45973588265893633,0.43032151320583345,0.39684159141823144,0.30358452269764685,0.16488571806879726,,,,,,,,
3,20,1,0,M,MPA,277,0.06008417681261097,0.39684159141823144,0.26978914210890886,0.18054182599705376,0.27469916029878916,0.40196182046190143,0.22423856099123354,0.4054999996579043,0.43069078052441556,0.4971990014950863,0.23884899195445355,0.21832718539706367,0.18977437559093635,0.2,1.0122751831158312,66,0.14415282792960776,,0.31398145007825506,0.2635326475102664,0.2609202459404451,0.12309149097933272,0.42865546140169875,0.45973588265893633,0.43032151320583345,0.39684159141823144,0.30358452269764685,0.16488571806879726,,,,,,,,
3,20,1,0,M,FAD,1557,0.025342864042323516,0.39684159141823144,0.07162559027178524,0.9658094981414921,0.7810159625489028,0.3981126182137341,0.4059438740981018,0.4054999996579043,0.43069078052441556,0.5191926806488595,0.3180605938244134,0.552127011606321,0.38745634157709047,0.2,1.070136304186646,0,,,,,,,,,,,,,,,,,,,,
3,20,1,1,H,all,1387,0.026851080677052736,0.39684159141823144,0.16656534848088547,0.9418760486698043,0.8280627206978838,0.4727393595190131,0.4564706215628361,0.5254172180249839,0.5056980101129103,0.4503239211991759,0.2054528418318812,0.7753097117008789,0.4499994549009631,0.2,1.5848058577180795,275,1.1234392707081504,0.8834153682053988,0.6480400754661758,0.09712812482074662,0.7186241561908716,0.060302268915552716,0.5928552673037931,0.5486562128912256,0.5148283988758223,0.5622345870611447,0.2804811419245199,0.7161909486045941,,,,,,,,
3,20,1,1,M,all,2017,0.0222662484609674,0.39684159141823144,0.038603795630038976,0.995501693137305,0.9786739549980397,0.34999262492413014,0.7537798854469989,0.3511613654163757,0.7465187858562107,0.9259676366011234,0.8025051788720762,0.8658659010481012,0.7855337203687542,0.2,1.3450561031582664,1,,,,,,,,,,,,,,,,,,,,
3,20,1,1,M,FAD,2007,0.022321651006080835,0.39684159141823144,0.03863496659384262,0.995505075332584,0.978524141739043,0.35017411167291257,0.7537410903330766,0.3511613654163757,0.7465187858562107,0.990309807903981,0.8666487850069847,0.8665137789774244,0.7860926676917075,0.2,1.344483597665568,0,,,,,,,,,,,,,,,,,,,,
3,20,1,2,H,all,2514,0.01994423410775127,0.39684159141823144,0.5135413265509279,0.812328890782156,0.7964934219920516,0.466757026079291,0.35668791559288754,0.819697065090073,0.3817409797109888,0.5810270316173266,0.3864155368136036,0.7898194579584106,0.29420671039822704,0.2,1.7939444552587547,489,1.0552007150270841,0.9554364200326502,0.7148070864739513,0.11563169365229298,0.9690605389025745,0.045221563164613454,0.464944448517718,0.44702419313539155,0.4254104742870893,0.4153218128650833,0.6435667955631639,0.7425149109873235,,,,,,,,
3,20,1,2,M,all,1673,0.024448489343954046,0.39684159141823144,0.030984304722869536,0.9974214465544137,0.998107528640656,0.36915130958328374,0.6639974759716463,0.3673119391400366,0.6557738793488399,0.8713919606590772,0.7278628026328149,0.8986145806496376,0.7773620586549278,0.2,1.7450027685169063,0,,,,,,,,,,,,,,,,,,,,
3,20,1,2,M,FAD,1671,0.024463116021507716,0.39684159141823144,0.03095009515244557,0.9974253407593707,0.9980995003292166,0.36936688129901357,0.6640882433925207,0.3673119391400366,0.6557738793488399,0.903120737148094,0.7652050736759903,0.8990813587752251,0.7777584372044456,0.2,1.744282765584761,0,,,,,,,,,,,,,,,,,,,,
3,20,1,3,H,all,4816,0.014409760442605874,0.39684159141823144,0.31474319061392947,0.9593634182664976,0.6372506901501432,0.7924189114274559,0.28248937326626267,0.989036520394841,0.38794198205382374,0.5846410038951444,0.4099324965924967,0.961375245315805,0.3025827508155746,0.2,1.72437456594102,965,0.9163865547719207,0.9769485701671238,0.8546723946131746,0.14914483787887986,0.8874184455875805,0.03219113899898252,0.4113593273877029,0.4190008627268997,0.4114979491389147,0.48485337055314365,0.9233972858027256,0.7518293455063884,,,,,,,,
3,20,1,3,M,all,1983,0.022456322822201027,0.39684159141823144,0.03622097034462529,0.9965148517972138,0.9972228184546195,0.37694053900055563,0.6904490634953262,0.3796398095237937,0.6969915456672453,1.070588504651916,0.9757988445569664,0.8748604926113944,0.7677891470105158,0.2,1.8563522568704705,7,,,,,,,,,,,,,,,,,,,,
3,20,1,3,M,MPA,41,0.15617376188860607,0.39684159141823144,0.1635573215643935,0.9262116357821238,0.9101807705225026,0.3907025071632687,0.5954817219427997,0.3796398095237937,0.6969915456672453,1.0732234734518082,0.9789327589183497,0.8196927365801591,0.6974806921861365,0.2,2.150017250111888,7,,,,,,,,,,,,,,,,,,,,
3,20,1,3,M,FAD,1942,0.02269213649488229,0.39684159141823144,0.03148736360940538,0.9973282281435567,0.9976977288116403,0.3787013306334762,0.6961940766695516,0.3796398095237937,0.6969915456672453,1.06414387454333,0.9681014945744125,0.8804266433971132,0.7749350887319704,0.2,1.8953845845337018,0,,,,,,,,,,,,,,,,,,,,
3,20,1,4,H,all,5731,0.013209451838276138,0.39684159141823144,0.3126877037491491,0.948051707762409,0.5219388612924386,0.8319953840707316,0.17888385519371525,0.9866075266354147,0.4232996675636795,0.5376777682627508,0.3674645768603446,0.9681912158771692,0.29511093255272,0.2,1.3929793390278546,1148,1.1709668039377805,0.9866468067683503,1.142822889332289,0.061264511484698025,0.8589461799144247,0.029514066805047763,0.5443666530284286,0.5213419312567968,0.41235866272573096,0.4969443561972073,0.9368953381388611,0.938320591144581,,,,,,,,
3,20,1,4,M,all,4352,0.01515847656477081,0.39684159141823144,0.06718302637362882,0.9869339602396153,0.8647023194375795,0.36023311175095984,0.6362393388229235,0.3753076289780281,0.6756857815264514,0.6446236102338901,0.5627486599885909,0.8021779434346786,0.6910534635756891,0.2,1.1280834964708897,437,1.006452815911011,,1.0409195348627591,0.06812612849123695,0.9871127688914881,0.047836487323493986,0.38545466110637083,0.38835144782238706,0.43215868457480106,0.39684159141823144,0.4267608870619567,0.9596514487323785,,,,,,,,
3,20,1,4,M,MPA,2142,0.021606790785072147,0.39684159141823144,0.12057736263194503,0.9570746638266764,0.7605480025801238,0.3480318416165917,0.6398213223477907,0.3753076289780281,0.6756857815264514,0.6542184868378019,0.5744886565928259,0.7445655951150769,0.6366942753379496,0.2,1.403911320463997,437,1.006452815911011,,1.0409195348627591,0.06812612849123695,0.9871127688914881,0.047836487323493986,0.38545466110637083,0.38835144782238706,0.43215868457480106,0.39684159141823144,0.4267608870619567,0.9596514487323785,,,,,,,,
3,20,1,4,M,FAD,2210,0.02127178149057585,0.39684159141823144,0.05779761013128314,0.9898498610507974,0.969983633847995,0.3714773724939621,0.646722129516244,0.3753076289780281,0.6756857815264514,0.43181780834225303,0.16722633815306534,0.8287205536968353,0.7159846334380786,0.2,1.1961561185830494,0,,,,,,,,,,,,,,,,,,,,
3,20,2,0,H,all,941,0.03259906833194042,0.39684159141823144,0.1460468581651159,0.6866795752369805,0.4677200374570211,0.4219493246558796,0.24847228058932472,0.39952390405137145,0.2623027077004606,0.4335764705078186,0.10631848424247674,0.3509350801783899,0.22810518508339622,0.2,1.2850787316687047,195,0.9883655795173031,0.8726129310820314,0.8429502966814345,0.10935714802735877,0.7152054017556118,0.0716114874039433,0.4720192331259731,0.4686690548129147,0.45288263854001376,0.4392920596967918,0.1942466641598337,0.6705016897371492,,,,,,,,
3,20,2,0,M,all,1887,0.023020462775806542,0.39684159141823144,0.08813034768845221,0.9553558163434538,0.7397519665709664,0.37144662709927156,0.3701835777474841,0.3599599205546953,0.43159333629357055,0.4699850517504393,0.1681520232687158,0.4795741860824869,0.3029607530810712,0.2,1.077802829732004,52,0.1497910059257944,0.45775062358798135,0.2909479575876194,0.25522428140035486,0.21106790527225866,0.1386750490563073,0.4373243456955023,0.4515908548598206,0.4211571989854309,0.4208536420608854,0.27884396271760525,0.15750705171476231,,,,,,,,
3,20,2,0,M,MPA,225,0.06666666666666667,0.39684159141823144,0.2343220539704354,0.3301626976088569,0.21085855373222898,0.40181213289079637,0.23144112416373533,0.3599599205546953,0.43159333629357055,0.48395742069975495,0.21186068387201065,0.21705168247996443,0.21064331873128508,0.2,1.1243822026501957,52,0.1497910059257944,0.45775062358798135,0.2909479575876194,0.25522428140035486,0.21106790527225866,0.1386750490563073,0.4373243456955023,0.4515908548598206,0.4211571989854309,0.4208536420608854,0.27884396271760525,0.15750705171476231,,,,,,,,
3,20,2,0,M,FAD,1662,0.024529262467676904,0.39684159141823144,0.07187135202298739,0.9575633653403122,0.9402106834926057,0.37619028226897977,0.42960351605477043,0.3599599205546953,0.43159333629357055,0.4743253700017921,0.17876400479358479,0.5534842109771331,0.32915388283067576,0.2,1.0025856037500593,0,,,,,,,,,,,,,,,,,,,,
3,20,2,1,H,all,1089,0.030303030303030304,0.39684159141823144,0.22907503308841418,0.9093156496335483,0.773842450854062,0.48576116626259597,0.2724714549204072,0.582965133552666,0.3713464879759796,0.45454845371381625,0.14415516500389614,0.7428146094739807,0.23050263335710428,0.2,1.5295962740840379,213,0.9775705717601249,0.9062732372487667,0.6748273503817454,0.11879344427079538,0.926642865152927,0.06851887098275317,0.4929681247324163,0.4950483004734248,0.4409469073905018,0.40018897774805606,0.3246459037612668,0.7005196369621162,,,,,,,,
3,20,2,1,M,all,1997,0.02237746917526723,0.39684159141823144,0.04593616513917769,0.9924021251821422,0.9918207709427185,0.31874805582479043,0.761817029588626,0.30762686968492686,0.7894946942608885,0.9322811649230004,0.8131491682639768,0.8080638389456279,0.6920665134114193,0.2,1.8476472679424547,1,,,,,,,,,,,,,,,,,,,,
3,20,2,1,M,FAD,1990,0.022416791983111015,0.39684159141823144,0.045946556611621385,0.992407594219391,0.9918224913803653,0.3188232631952399,0.7617836053757796,0.30762686968492686,0.7894946942608885,1.0492609818919467,0.9521653130682526,0.8083512166426532,0.6922939565061007,0.2,1.8476761833441226,0,,,,,,,,,,,,,,,,,,,,
3,20,2,2,H,all,2945,0.018427115179918692,0.39684159141823144,0.3517317487243019,0.8483495904970276,0.7655165456739781,0.5198336575499176,0.41345717086089995,0.7096460616061626,0.4257480336234685,0.47642734410160886,0.24925158013886772,0.8950911068923093,0.39776988619655834,0.2,1.2138852722280755,583,1.1708255211106795,0.9614028056807057,0.7970295595896297,0.13646249276034736,0.9457342201884104,0.041415768328129106,0.5353625123407287,0.5526647282252062,0.506794403089276,0.46959548983444477,0.445358380649187,0.7538753164157054,,,,,,,,
3,20,2,2,M,all,1988,0.02242806520081283,0.39684159141823144,0.02509988585388462,0.9979782332109799,0.9984063594435146,0.24435459776934051,0.74688444559511,0.24938484216958368,0.7480662438829904,0.7757357568492057,0.6147078446639691,0.8522092362057133,0.7547693897049832,0.2,1.6649036938073265,1,,,,,,,,,,,,,,,,,,,,
3,20,2,2,M,FAD,1983,0.022456322822201027,0.39684159141823144,0.025057071210982624,0.9979794167368038,0.9984216722360449,0.244451520278836,0.7469572643770164,0.24938484216958368,0.7480662438829904,0.7756464380424227,0.6170893899921183,0.8527141252294748,0.7552127317773585,0.2,1.664852156042467,0,,,,,,,,,,,,,,,,,,,,
3,20,2,3,H,all,5504,0.013479096650429801,0.39684159141823144,0.17905131598390628,0.9476484591859068,0.9889252067837239,0.46911520157288406,0.305661660164801,0.5559334483741325,0.33282853230164694,0.49450599022248237,0.32451401810460734,0.7958564979166441,0.4696533673011856,0.2,1.062080855231772,1093,1.0143799876042472,0.9753296633687802,0.7803518047610354,0.08584599220491024,0.792662334447384,0.030247530200945175,0.5160804949346918,0.5267885395229958,0.48584504371396614,0.4414570101946908,0.17405996029066062,0.7766924524380979,,,,,,,,
3,20,2,3,M,all,2046,0.022107884414269093,0.39684159141823144,0.056110195889139604,0.9928754436883851,0.9949618430273601,0.25151986772121926,0.89985522737045,0.22782108553651234,0.9021620529924179,0.9773397685998428,0.853885476340503,0.9057175193483779,0.8680028385790947,0.2,2.466194207682183,7,,,,,,,,,,,,,,,,,,,,
3,20,2,3,M,MPA,33,0.17407765595569785,0.39684159141823144,0.2684729211453375,0.85004257258506,0.8283492493682809,0.36835059136628134,0.818284824456025,0.22782108553651234,0.9021620529924179,0.95805244040356,0.8310656888068871,0.8956798898419072,0.8346929208490467,0.2,1.94540714338499,7,,,,,,,,,,,,,,,,,,,,
3,20,2,3,M,FAD,2013,0.02228835993459966,0.39684159141823144,0.047745151594941145,0.9950410745778673,0.9971266539732889,0.2506517876330703,0.8923264502495333,0.22782108553651234,0.9021620529924179,1.0041934703498532,0.8857504843164898,0.9064505727847221,0.871572715282105,0.2,2.4363068206874186,0,,,,,,,,,,,,,,,,,,,,
3,20,2,4,H,all,6208,0.01269182706417024,0.39684159141823144,0.0405596295286965,0.98057044527255,0.9277512705357047,0.4099124478765137,0.2749959507525364,0.4066573059703487,0.29977522540113843,0.4599618964348954,0.23251228378655298,0.6189434922025184,0.30030135028658256,0.2,1.177375788566844,1270,0.950582034229896,0.9870542915992221,1.0885095152626394,0.048610679006543714,0.7442813652802605,0.028060676663315687,0.40803210790663874,0.4101225259969497,0.39162361277081287,0.43390702699294575,0.05752891571911189,0.7944900351719408,,,,,,,,
3,20,2,4,M,all,4834,0.014382907154132143,0.39684159141823144,0.06704420154190818,0.9861372230451345,0.8528348516279545,0.26573647615241014,0.7600543389218755,0.2552063445976427,0.744020729740156,0.6397262369327277,0.504250561547684,0.8299205207689314,0.7939817587525351,0.2,1.0686743156313416,563,0.993356998399166,,1.0596403778150276,0.03988090228336393,0.9915146285042499,0.04214497519610896,0.26506368777782574,0.2712409487595741,0.41352009462363654,0.39684159141823144,0.42307191200866184,0.9633660208138761,,,,,,,,
3,20,2,4,M,MPA,2692,0.019273583612292495,0.39684159141823144,0.15418807996337788,0.9243241622455519,0.7523120205185228,0.26858829762137915,0.8791766544400282,0.2552063445976427,0.744020729740156,0.6555878319984423,0.5240917471831511,0.7652218354484741,0.7716248271474969,0.2,1.1557760515139184,563,0.993356998399166,,1.0596403778150276,0.03988090228336393,0.9915146285042499,0.04214497519610896,0.26506368777782574,0.2712409487595741,0.41352009462363654,0.39684159141823144,0.42307191200866184,0.9633660208138761,,,,,,,,
3,20,2,4,M,FAD,2142,0.021606790785072147,0.39684159141823144,0.05923547144817609,0.9905156888569748,0.9734368012734795,0.28037683897587196,0.715584964163011,0.2552063445976427,0.744020729740156,0.4334154107553684,0.20732890354120895,0.8607622046486056,0.804832429018146,0.2,1.3647220698284972,0,,,,,,,,,,,,,,,,,,,,
3,20,3,0,H,all,992,0.031750031750047626,0.39684159141823144,0.12728760512431062,0.9089070552665042,0.7205463958554742,0.4742650764848115,0.19966030693234108,0.44862307323977896,0.2758418840048016,0.4670192477023889,0.18536983626606454,0.5612844087509511,0.24434574156456854,0.2,1.2010485839972607,211,0.8334023592834955,0.8524700400833007,0.7181564430781798,0.11867130674187137,0.751754960625075,0.06884283908215143,0.5836248658281498,0.5909841607270128,0.5286718462798675,0.40454490255880216,0.21529693684530254,0.6389978802064662,,,,,,,,
3,20,3,0,M,all,1801,0.02356368148131365,0.39684159141823144,0.08798455210800356,0.9672846594374045,0.9173270306165573,0.38025575716633914,0.4347263536152791,0.377824530590032,0.49664360733208,0.7992682429504765,0.6637628261194272,0.49302711037193026,0.29506938512036324,0.2,1.1218847469101998,57,0.10319757905877239,0.3812583483287959,0.2796110283894546,0.3196583973305223,0.22149421833163888,0.13245323570650439,0.4240744232790277,0.4844770189728587,0.4246277553139538,0.4317385502837952,0.2999102389381353,0.09545534366144404,,,,,,,,
3,20,3,0,M,MPA,295,0.0582222509739582,0.39684159141823144,0.24982376623055555,0.36271621113586505,0.27059893974977756,0.3961230843402164,0.23060004023237912,0.377824530590032,0.49664360733208,0.5153189549570409,0.24105054323026154,0.2309330594563792,0.21454564939000578,0.2,1.1946947972366786,57,0.10319757905877239,0.3812583483287959,0.2796110283894546,0.3196583973305223,0.22149421833163888,0.13245323570650439,0.4240744232790277,0.4844770189728587,0.4246277553139538,0.4317385502837952,0.2999102389381353,0.09545534366144404,,,,,,,,
3,20,3,0,M,FAD,1506,0.025768403601503658,0.39684159141823144,0.05925258094690297,0.9751096052355359,0.9136872730223992,0.39127730601451555,0.4427072619296134,0.377824530590032,0.49664360733208,0.8358354203872533,0.7090589958875976,0.5917724612965424,0.3253857036474581,0.2,1.1898349078980834,0,,,,,,,,,,,,,,,,,,,,
3,20,3,1,H,all,964,0.03220783132004154,0.39684159141823144,0.21251093063927848,0.9075647722118596,0.859603638938601,0.41534067583969214,0.5546442315768667,0.48990772081766953,0.48321753278379115,0.46867427077453044,0.17006102817028237,0.7930403518833644,0.5831077904105062,0.2,1.5686910161855707,199,1.1551630096762415,0.8943881465294113,0.6717168922665055,0.10358645528415279,0.9379912130139967,0.07088812050083358,0.4348555679276475,0.4165566684703224,0.36752452344966896,0.4352136211377485,0.3561704526049467,0.8001776236845516,,,,,,,,
3,20,3,1,M,all,1748,0.023918243661746993,0.39684159141823144,0.03283567684921995,0.9967353609255305,0.9958567185544304,0.3071623706253687,0.8431528745770905,0.3106548881782899,0.8552305516209965,1.0836335164785083,0.9977752721346994,0.8594447160661658,0.748849612574423,0.2,2.0902940623052464,4,,,,,,,,,,,,,,,,,,,,
3,20,3,1,M,FAD,1735,0.02400768368836718,0.39684159141823144,0.03276973858085596,0.996749520226871,0.9958866448743208,0.30736317333637675,0.843180519645282,0.3106548881782899,0.8552305516209965,1.0842878171565817,0.9984749498769414,0.8601542806352434,0.7494589887985531,0.2,2.0921526854541135,0,,,,,,,,,,,,,,,,,,,,
3,20,3,2,H,all,3566,0.01674593227911791,0.39684159141823144,0.2804913159626678,0.8798994104891379,0.9257151183037833,0.4554676062172094,0.41484501468851953,0.5836076497657737,0.44467762650818893,0.4951040910347861,0.26868810639191754,0.7553228306844225,0.4058134491960637,0.2,1.5272578252765128,685,1.245949821489526,0.9384171825989835,0.7109470400044138,0.06761371260668232,0.9126408469072887,0.03820803599504351,0.5074807910547032,0.4803837562393261,0.3993311710141395,0.4497846638158847,0.4885032059851483,0.8384575551102394,,,,,,,,
3,20,3,2,M,all,2152,0.021556530677961344,0.39684159141823144,0.033198740842491845,0.9968458329482531,0.9840319870776275,0.2650429876569551,0.8470130865546374,0.27297393180435997,0.8420919116953309,0.8007860155263631,0.6343674882968898,0.8532538144465749,0.7908970019905859,0.2,1.060290458731456,3,,,,,,,,,,,,,,,,,,,,
3,20,3,2,M,FAD,2136,0.02163711612039577,0.39684159141823144,0.033171404722238736,0.9968410469602503,0.9836920776976207,0.2652152831980408,0.8466918501651641,0.27297393180435997,0.8420919116953309,0.7492288636997348,0.576354450731529,0.8537511461361452,0.7913204825145013,0.2,1.0607438955745325,0,,,,,,,,,,,,,,,,,,,,
3,20,3,3,H,all,5271,0.013773791097276914,0.39684159141823144,0.06177125633726841,0.9714860609134102,0.9223498113584063,0.41448016610221255,0.2831926302481498,0.4244611103449204,0.2934743377705222,0.5523508606634246,0.3796022345598951,0.6267341736392628,0.3018837957295267,0.2,1.2514844521989774,1027,0.9175552720927108,0.9745977741291123,0.8386198556850893,0.047004689094052546,0.8818997566595138,0.031204323970714827,0.4131186518227454,0.4150909776197702,0.39837616177872665,0.41059042568853665,0.11173778961316508,0.7242627319184953,,,,,,,,
3,20,3,3,M,all,3053,0.01809825061715205,0.39684159141823144,0.10686498605920194,0.9627554926073784,0.861313724210616,0.2603334474004992,0.8321380536020453,0.25821201771836877,0.7940320541370403,0.7712479030887813,0.5960411279335519,0.7258786732735975,0.687340029771638,0.2,1.4080116011329924,177,0.9860343844225011,,1.0806120500196437,0.0570864398121188,0.9650129654141677,0.07516460280028289,0.3822413372269037,0.38567890545800565,0.429748396147441,0.39684159141823144,0.35321275962947407,0.8934587599460675,,,,,,,,
3,20,3,3,M,MPA,886,0.03359565703416979,0.39684159141823144,0.26456033251722577,0.7104011043052835,0.6988839157769909,0.33115275128380134,0.6911190640596566,0.25821201771836877,0.7940320541370403,0.7777623651953629,0.6040800213506511,0.5232041739158472,0.5630684858872802,0.2,1.3696407175305898,177,0.9860343844225011,,1.0806120500196437,0.0570864398121188,0.9650129654141677,0.07516460280028289,0.3822413372269037,0.38567890545800565,0.429748396147441,0.39684159141823144,0.35321275962947407,0.8934587599460675,,,,,,,,
3,20,3,3,M,FAD,2167,0.021481793839053773,0.39684159141823144,0.038487238378394725,0.9947616315842228,0.9946939496202327,0.25933824261641514,0.8168399454292997,0.25821201771836877,0.7940320541370403,0.7634952330202852,0.5920285133590739,0.8211992940204698,0.7433591990174367,0.2,1.6582737357407435,0,,,,,,,,,,,,,,,,,,,,
3,20,3,4,H,all,6149,0.012752571097814504,0.39684159141823144,0.10643620693958322,0.9401069785736952,0.7836316506686629,0.41836921683199996,0.31010779117302,0.44230534294080237,0.29719077596499516,0.528010323403474,0.35334750960428957,0.8599166021648849,0.5388308440393744,0.2,1.4974361367142455,1236,0.8743484720856926,0.9847713696964395,0.8758972820177011,0.04455308977236207,0.9697954714519207,0.028444006199428714,0.4251419144067501,0.4324600279953568,0.4107010048333591,0.42445649104707783,0.12259916220250365,0.7452631941955988,,,,,,,,
3,20,3,4,M,all,8640,0.01075828707279838,0.39684159141823144,0.05544220436146659,0.9697455070931297,0.9345920250883317,0.35167412949129606,0.38492286106229123,0.353967540785196,0.3793153143974731,0.45687582106856683,0.17359955813640687,0.5688017521424624,0.36517563077235665,0.2,1.2115827276835405,1177,0.9899420664314358,,1.0448052197717859,0.04251481555059894,0.9866068647384396,0.02914820186645445,0.3636404508656438,0.3718010723244465,0.3785100936193596,0.39684159141823144,0.21860833111433198,0.8636792909260058,,,,,,,,
3,20,3,4,M,MPA,5639,0.013316771649479872,0.39684159141823144,0.061769347598456786,0.9624041167258083,0.9299146514941826,0.3506358128556351,0.3887934318322446,0.353967540785196,0.3793153143974731,0.45912275714228934,0.18018214021284856,0.5634813003863636,0.3666280253820052,0.2,1.2077134532189338,1177,0.9899420664314358,,1.0448052197717859,0.04251481555059894,0.9866068647384396,0.02914820186645445,0.3636404508656438,0.3718010723244465,0.3785100936193596,0.39684159141823144,0.21860833111433198,0.8636792909260058,,,,,,,,
3,20,3,4,M,FAD,3001,0.01825437644092281,0.39684159141823144,0.04487427300536509,0.9808677978512746,0.9486229585947392,0.3616591509979649,0.36038301239041337,0.353967540785196,0.3793153143974731,0.46075913870701596,0.17715718464176994,0.5947139098357294,0.35297263143783086,0.2,1.2148855044876483,0,,,,,,,,,,,,,,,,,,,,
3,20,4,0,H,all,934,0.03272099955018442,0.39684159141823144,0.12429974253967499,0.935648833234627,0.6149096225838555,0.48428967438346016,0.3095267925049255,0.43761860998247465,0.3589367711359878,0.4429403643972238,0.13010197858010253,0.5835966668444288,0.3222048840367618,0.2,1.1792526102351768,182,0.9326145445849866,0.723816402082917,0.6780438143086216,0.10327226472119914,0.703230550039282,0.07412493166611012,0.5249923350498159,0.5236512382490622,0.48046415500504625,0.41870352407572253,0.2159574014416565,0.7071455248821725,,,,,,,,
3,20,4,0,M,all,1816,0.023466162723196606,0.39684159141823144,0.10158518075613567,0.9535375024248633,0.7894581283221165,0.38025605089215186,0.40982435019603825,0.394127807260763,0.5017291933618111,0.4676358118941047,0.18081202596766444,0.46247326075089934,0.3165770856416784,0.2,1.103582921613974,62,0.12975847440698504,0.4195129345357931,0.2862620958550597,0.2655725230493081,0.30118319185659864,0.1270001270001905,0.4134791971202839,0.45884522674558126,0.41619472697125826,0.41044201478178677,0.3060965572041435,0.12017846281513034,,,,,,,,
3,20,4,0,M,MPA,261,0.061898446059017294,0.39684159141823144,0.25451896174482536,0.191352027201961,0.27337013597426435,0.39599414803030675,0.19243950126681184,0.394127807260763,0.5017291933618111,0.5641134771234918,0.3322443424272937,0.21831506387877947,0.20324726393628323,0.2,1.025364895386494,62,0.12975847440698504,0.4195129345357931,0.2862620958550597,0.2655725230493081,0.30118319185659864,0.1270001270001905,0.4134791971202839,0.45884522674558126,0.41619472697125826,0.41044201478178677,0.3060965572041435,0.12017846281513034,,,,,,,,
3,20,4,0,M,FAD,1555,0.02535915646704869,0.39684159141823144,0.0714537012425784,0.9629054139786037,0.8101794618054204,0.3905256753647751,0.4137948259498284,0.394127807260763,0.5017291933618111,0.41902261244835426,0.07634742144919769,0.5462083072049124,0.355052059388234,0.2,1.083660854450249,0,,,,,,,,,,,,,,,,,,,,
3,20,4,1,H,all,881,0.03369085602646046,0.39684159141823144,0.2462039679902473,0.9331333354014286,0.8218334995667621,0.549438753367922,0.39770187063115425,0.6823608473594122,0.38187044032397194,0.5170907154657177,0.2900717620532146,0.8360797100749905,0.43932512231501303,0.2,1.4003177797000939,176,1.1005533449924616,0.8992575869618115,0.6414200665647433,0.1209862786113445,0.9625920258346168,0.07537783614444091,0.6374067708158486,0.5987530222967717,0.49889831598437545,0.45045652551741083,0.33680135908214287,0.8218416886437083,,,,,,,,
3,20,4,1,M,all,2208,0.021281413268968714,0.39684159141823144,0.02715990523634038,0.9977491136932921,0.9869582170274797,0.3646463545403388,0.7071954685292876,0.3672612520969813,0.7023700459478284,1.0851512718622003,0.9976616050225284,0.8604042051983167,0.7544534191131133,0.2,1.2579079429914874,5,,,,,,,,,,,,,,,,,,,,
3,20,4,1,M,MPA,23,0.20851441405707477,0.39684159141823144,0.43649028320974737,0.11837266412093284,0.1976472673673158,0.4617390211986752,0.1918669954377422,0.3672612520969813,0.7023700459478284,1.0849960328496093,0.99748348888173,0.20796784375647062,0.22180409902502193,0.2,1.0994095699534403,5,,,,,,,,,,,,,,,,,,,,
3,20,4,1,M,FAD,2185,0.021393127492027906,0.39684159141823144,0.027040269914345282,0.9977517020965884,0.9870339849129308,0.364896232837304,0.707176189879542,0.3672612520969813,0.7023700459478284,1.085335225797195,0.9978727031887659,0.8611067069747038,0.7549912253335792,0.2,1.2586232826745658,0,,,,,,,,,,,,,,,,,,,,
3,20,4,2,H,all,2690,0.019280747181992474,0.39684159141823144,0.2866395840852495,0.9416249462076655,0.8811217701967452,0.5962606192457455,0.43571030253188975,0.7807929660958725,0.42486057955940276,0.5142711842801834,0.3154373642091107,0.912190817132938,0.35535207939743796,0.2,1.1285250153424828,521,1.3873226612203131,0.9620961342340882,0.749572965515642,0.12000252036437171,0.7599947234574563,0.04381079543383235,0.6508898815918961,0.5982284240627436,0.433404264012393,0.530083357760473,0.7246030951995032,0.883050920852147,,,,,,,,
3,20,4,2,M,all,2002,0.02234950781338371,0.39684159141823144,0.03983825082377383,0.9946009266488636,0.9975027111522187,0.3529209922237406,0.7250619443226556,0.35406607168201604,0.7162438175305059,1.0428695523151563,0.9631407229241847,0.8709941786374136,0.7565195899341501,0.2,2.0467857329030035,1,,,,,,,,,,,,,,,,,,,,
3,20,4,2,M,FAD,1999,0.02236627204212922,0.39684159141823144,0.03980316867491929,0.9946055084840125,0.9974999593349848,0.35296836943672455,0.7250913139101312,0.35406607168201604,0.7162438175305059,1.047749525929697,0.9669809296418133,0.8712513293945608,0.7567536953160863,0.2,2.0479073124156217,0,,,,,,,,,,,,,,,,,,,,
3,20,4,3,H,all,4693,0.01459737358487445,0.39684159141823144,0.5188997326326154,0.8284415833203385,0.9708609453570274,0.4826531538875436,0.4499213784190792,0.8333671962928698,0.47996669397058916,0.6615704401219556,0.5025668224408,0.8708603741510195,0.45367396437411506,0.2,1.7131035032335957,899,0.7828066498947146,0.9767867053180022,0.8051643241626956,0.14203739703940058,0.7906426506612869,0.033351867298253506,0.6149176554015546,0.6570886421504621,0.6366246077672246,0.5393030430587777,0.5422530052990218,0.5762559583187635,,,,,,,,
3,20,4,3,M,all,2146,0.021586644588817278,0.39684159141823144,0.04311774806353193,0.9931580344508819,0.9954921755234732,0.3314641816986374,0.780879846076935,0.3361328055247813,0.782200541751777,0.8414348416873356,0.6873048958793225,0.8229317578850588,0.7348984809055611,0.2,1.2008582246327755,25,1.0078247093473052,0.9847740297337538,1.0264931143624147,0.06337449159084618,0.9897441578859609,0.2,0.422960818873463,0.43221854542370836,0.4143874615424288,0.419582531419434,0.3937456924567675,0.9625381326891705,,,,,,,,
3,20,4,3,M,MPA,111,0.0949157995752499,0.39684159141823144,0.13377130111327923,0.9400469549634968,0.7599035372512658,0.3604384918137294,0.6671565847125723,0.3361328055247813,0.782200541751777,0.8378783008266395,0.6836525606932902,0.8031740652719963,0.72117726710129,0.2,1.7401657657424687,25,1.0078247093473052,0.9847740297337538,1.0264931143624147,0.06337449159084618,0.9897441578859609,0.2,0.422960818873463,0.43221854542370836,0.4143874615424288,0.419582531419434,0.3937456924567675,0.9625381326891705,,,,,,,,
3,20,4,3,M,FAD,2035,0.022167554926073633,0.39684159141823144,0.03681901320265115,0.9950158833978946,0.9815664298640414,0.3306084938231902,0.7663355793175552,0.3361328055247813,0.782200541751777,0.8854790351715316,0.7357649984447395,0.8338896096271403,0.7410440046748032,0.2,1.6191329140956148,0,,,,,,,,,,,,,,,,,,,,
3,20,4,4,H,all,6214,0.012685698213721506,0.39684159141823144,0.05238411110278611,0.9790991016096654,0.9631271565581457,0.4335828120872292,0.30001930915932656,0.4398762248502559,0.30921977475189033,0.4881394301184472,0.26564208042823584,0.6364161070278893,0.28615514612674425,0.2,1.3641661567584116,1274,1.0006122890586893,0.9857744881251169,0.8795825232330814,0.04155145045931596,0.9870687556515493,0.02801659073402629,0.4423666425415193,0.45537063408063366,0.4357185775288521,0.4357820295991787,0.06597203606026159,0.8159193291455413,,,,,,,,
3,20,4,4,M,all,7054,0.011906449446326092,0.39684159141823144,0.06185669606003512,0.9897883697861495,0.9776605816831855,0.31389322463911046,0.7052365278783992,0.30463392039412707,0.7172193664609935,0.5357477504557914,0.35553493839937783,0.818841371060641,0.6948132945761806,0.2,1.0947767119604066,888,0.9965519673295877,,1.0458009410978235,0.043139207947117446,0.9913561374896004,0.033557802760701215,0.3578531246724043,0.3788142989042346,0.3963212242453478,0.39684159141823144,0.393579497723464,0.9576299664983019,,,,,,,,
3,20,4,4,M,MPA,4381,0.01510822254587803,0.39684159141823144,0.07177039772594467,0.9859572606776272,0.9639272426918554,0.316004869204749,0.7052567886272867,0.30463392039412707,0.7172193664609935,0.5445861737788201,0.3671397714745113,0.8130466089827044,0.6887238211351074,0.2,1.0826708811150347,888,0.9965519673295877,,1.0458009410978235,0.043139207947117446,0.9913561374896004,0.033557802760701215,0.3578531246724043,0.3788142989042346,0.3963212242453478,0.39684159141823144,0.393579497723464,0.9576299664983019,,,,,,,,
3,20,4,4,M,FAD,2673,0.019341961772855316,0.39684159141823144,0.05314020166591743,0.9930860182324177,0.9772635287101399,0.31332294132184674,0.687390089534077,0.30463392039412707,0.7172193664609935,0.4152484560493955,0.1995344752735023,0.8354980253226565,0.7119655880149841,0.2,1.0268803508024071,0,,,,,,,,,,,,,,,,,,,,
3,20,5,0,H,all,1255,0.028227871846881837,0.39684159141823144,0.17969462207019865,0.7105236882307946,0.6784209493992157,0.460387801026247,0.2790516447246893,0.4253204690294838,0.2499272815808333,0.4529980465980339,0.14387917771469394,0.48621631834015805,0.2262836670165415,0.2,1.2020462105974716,276,0.8294426871260203,0.8459964666556781,0.7419110022982767,0.1347316196546569,0.8534110013651627,0.0601929265428846,0.5067076470920965,0.5323131680955668,0.5035884513092467,0.4384655019223088,0.2384056256019324,0.565006595228707,,,,,,,,
3,20,5,0,M,all,1859,0.023193180352135665,0.39684159141823144,0.09855260999181109,0.9665262608601453,0.8419289994977031,0.3315438598425113,0.5417445462880106,0.3241535031273548,0.5876114132279511,0.4531782303281067,0.12486172423532127,0.5104606351351011,0.40799941488164093,0.2,1.1786005983130758,52,0.11395780854903668,0.37858677495704923,0.2839122888342405,0.2601088619074189,0.306038381243662,0.1386750490563073,0.44549717853288057,0.4396941126114543,0.44226918629319634,0.4396574754641295,0.3241395644353215,0.11948213949368047,,,,,,,,
3,20,5,0,M,MPA,230,0.0659380473395787,0.39684159141823144,0.2777678036962693,0.18318139893272392,0.35148768267648983,0.39916071764127176,0.30711872694021614,0.3241535031273548,0.5876114132279511,0.5285101887840327,0.24473490251803992,0.23716640018754406,0.22054780871413718,0.2,1.0848901486529976,52,0.11395780854903668,0.37858677495704923,0.2839122888342405,0.2601088619074189,0.306038381243662,0.1386750490563073,0.44549717853288057,0.4396941126114543,0.44226918629319634,0.4396574754641295,0.3241395644353215,0.11948213949368047,,,,,,,,
3,20,5,0,M,FAD,1629,0.024776471541572212,0.39684159141823144,0.07082565309401104,0.9702390814497941,0.822253299529816,0.33050596379453584,0.5398635524102164,0.3241535031273548,0.5876114132279511,0.4371697811915127,0.1037195558898515,0.5814072126278462,0.45689239166592827,0.2,1.1877474107311659,0,,,,,,,,,,,,,,,,,,,,
3,20,5,1,H,all,1331,0.027410122234342145,0.39684159141823144,0.15204105050101527,0.9521807652961943,0.8981338229264193,0.4516801948638036,0.3425300787909642,0.5223986214026934,0.3176762394122405,0.4298730220102836,0.11563971305875097,0.767917678435793,0.4015860960139275,0.2,1.2516736610293182,246,1.123736169270643,0.8721326162549816,0.6431388444403792,0.08962988177769081,0.9165225055387319,0.06375767130633382,0.466137538912888,0.45109146796574373,0.41349860853048853,0.42046367794732,0.244196814396982,0.7468351112616713,,,,,,,,
3,20,5,1,M,all,1832,0.023363465675799888,0.39684159141823144,0.04038244279846233,0.9953696957745848,0.983672744926692,0.3422626807545428,0.6765280426083924,0.33578209951364796,0.6882123597439609,0.8134470195549297,0.6469328188854363,0.8411674655699531,0.7423152575317189,0.2,1.434648690385176,1,,,,,,,,,,,,,,,,,,,,
3,20,5,1,M,FAD,1826,0.02340181886004545,0.39684159141823144,0.04039268453517766,0.995368948917319,0.9836978745582617,0.3422949874796959,0.6765856029558072,0.33578209951364796,0.6882123597439609,0.8628441932683505,0.7076036913942839,0.8413116158015784,0.742450176967156,0.2,1.4353887678628312,0,,,,,,,,,,,,,,,,,,,,
3,20,5,2,H,all,3662,0.016524975718631645,0.39684159141823144,0.4868576542833843,0.6931679355907115,0.7615138558717385,0.42158280720351676,0.44841023212497344,0.7306683238061862,0.3994638429935308,0.4761242010938324,0.23490827308101495,0.7588439258862092,0.42593357620574923,0.2,1.1575888381217854,713,0.91323899598881,0.9467707260237863,0.707428391243365,0.18279528872227704,0.752318239942352,0.03745029431365691,0.37941590777773815,0.38416385789290647,0.3799247767861116,0.44831214550850573,0.5810845503363815,0.6579926557154552,,,,,,,,
3,20,5,2,M,all,1919,0.02282771872205264,0.39684159141823144,0.03366269488035977,0.9966869990058621,0.9954056436445887,0.29917027603021457,0.7433194227546456,0.2954481376996174,0.7372156069590494,0.8375791230712447,0.6834606594706211,0.8786104694080128,0.7358715482669331,0.2,2.9708591366788477,1,,,,,,,,,,,,,,,,,,,,
3,20,5,2,M,FAD,1915,0.022851547244951503,0.39684159141823144,0.03370170067471657,0.9966957720139817,0.9954102902506721,0.2993514152230984,0.7433021162384255,0.2954481376996174,0.7372156069590494,1.023993160694795,0.9118925660010768,0.8791142110452912,0.7362761010861358,0.2,2.9719536693010995,0,,,,,,,,,,,,,,,,,,,,
3,20,5,3,H,all,4987,0.014160556328208415,0.39684159141823144,0.23369104838694577,0.929511082774383,0.8868014250882451,0.47419356603176543,0.3880498981599917,0.6044460376996799,0.3225057533356662,0.4388207197552459,0.21876872097130476,0.8834384561572854,0.5700338270351893,0.2,1.316566984444924,994,1.142251265539895,0.9770579477788988,0.8186091628411118,0.05095556781384734,0.9748690734271597,0.03171807398477756,0.47761968194514687,0.46751547315279574,0.4179085829151185,0.43895228958954857,0.3636657905208458,0.8538950990565785,,,,,,,,
3,20,5,3,M,all,1848,0.023262105259961773,0.39684159141823144,0.03576251940132455,0.995606989397649,0.9989336965517983,0.2377761549084346,0.8090015169615667,0.2395850926758133,0.8019582598024465,0.8354347360643093,0.6960980172235111,0.8444625647336598,0.7626970099171541,0.2,2.341385754514181,3,,,,,,,,,,,,,,,,,,,,
3,20,5,3,M,MPA,34,0.17149858514250882,0.39684159141823144,0.2651042139166377,0.7602652308954005,0.7849940274136357,0.33977865555689946,0.7696571604430618,0.2395850926758133,0.8019582598024465,0.7936857986054888,0.6382102996086422,0.727260026897183,0.6904959358960294,0.2,1.2785843209251302,3,,,,,,,,,,,,,,,,,,,,
3,20,5,3,M,FAD,1814,0.023479095302146476,0.39684159141823144,0.032391017499865365,0.9963483640331298,0.999011370027099,0.2380052039576598,0.8047420894086564,0.2395850926758133,0.8019582598024465,1.0365852742560828,0.9342410445572938,0.8491557433335951,0.7649798265267747,0.2,2.4827749070887988,0,,,,,,,,,,,,,,,,,,,,
3,20,5,4,H,all,6075,0.012830005981991683,0.39684159141823144,0.050935627631034534,0.9856864075290723,0.807372395886433,0.43327593488201316,0.46662274885149524,0.4375976172097289,0.4579005187994642,0.7313146079131327,0.5884788524903893,0.704186741194906,0.440526259349778,0.2,1.0339362175030453,1232,0.9525966723457185,0.9867725168578176,1.1464192049472621,0.03273568238321972,0.9802715770617897,0.028490144114909487,0.4273112081925479,0.4302680087275549,0.40773368651544883,0.4294207351422549,0.08582445922562189,0.8125645161277727,,,,,,,,
3,20,5,4,M,all,4755,0.014501894433698684,0.39684159141823144,0.15595007818031884,0.9428562544823592,0.9784454746604228,0.360041720376284,0.7283735948089873,0.2903169560240573,0.7212964135762799,0.5690081822268226,0.3755464526085124,0.8781626299933276,0.7641919821924194,0.2,2.272009153658275,499,0.9949854320449454,,1.0177591614538317,0.034604315272464936,0.9940806526250966,0.04476614810358452,0.4245479393009137,0.42241904690918075,0.405749774605967,0.39684159141823144,0.40710384190036775,0.9818131693754247,,,,,,,,
3,20,5,4,M,MPA,2443,0.02023197438601293,0.39684159141823144,0.23938776666194567,0.8832777086875735,0.9354335164092483,0.41642702055572356,0.7245723969196134,0.2903169560240573,0.7212964135762799,0.5780361704773798,0.38687465511191577,0.8826055454026529,0.7729981426878978,0.2,2.0237021450729338,499,0.9949854320449454,,1.0177591614538317,0.034604315272464936,0.9940806526250966,0.04476614810358452,0.4245479393009137,0.42241904690918075,0.405749774605967,0.39684159141823144,0.40710384190036775,0.9818131693754247,,,,,,,,
3,20,5,4,M,FAD,2312,0.020797258270192576,0.39684159141823144,0.08543373596226451,0.9807757962625961,0.99335731263483,0.3212925017310352,0.7204271771117721,0.2903169560240573,0.7212964135762799,0.43053010902034583,0.20819735774580184,0.8739167420462229,0.7557578074149024,0.2,2.2097097147560683,0,,,,,,,,,,,,,,,,,,,,
